CPP_neutral,CPP_charged,delta_CPP,CPP_ratio,V_tail,l_tail,a_head_neutral,a_head_charged,delta_a_head,cone_angle_neutral,cone_angle_charged,delta_cone_angle,protonation_55,protonation_65,protonation_74,delta_protonation,effective_shape_change_55,effective_shape_change_65,n_tail_carbons,tail_fraction,head_tail_ratio,n_tails_approx,n_branch_points
1.530719684923607,1.1774766807104668,-0.35324300421314025,0.7692307692307692,1533.8,9.277891956136056,108.0,140.4,32.400000000000006,48.24261984329149,51.93880015503242,3.6961803117409247,0.8759682033019224,0.41391765234892974,0.08165126875814326,0.7943169345437792,0.3094296397295579,0.14621351501258611,56,0.8875,0.1267605633802817,4,0
1.6907961253093213,1.3006124040840932,-0.39018372122522815,0.7692307692307692,1533.8,8.399505794498852,108.0,140.4,32.400000000000006,51.053372476347256,54.668093259868044,3.614720783520788,0.8776860705269477,0.4177815467395508,0.08285194997813239,0.7948341205488153,0.3424588170657525,0.16301155856606953,56,0.8875,0.1267605633802817,4,0
0.5549310387002345,0.3468318991876466,-0.2080991395125879,0.6250000000000001,1533.8,12.79605109593039,216.0,345.6,129.60000000000002,48.95518167282844,55.459665446846984,6.504483774018546,0.870099249099068,0.40113251496106844,0.07776740378492777,0.7923318453141402,0.18106690502806494,0.08347533119391863,56,0.7954545454545454,0.2571428571428571,6,0
0.7992058571649535,0.49950366072809593,-0.2997021964368576,0.625,1533.8,8.88497733376886,216.0,345.6,129.60000000000002,58.84510230273944,64.4552001357741,5.610097833034665,0.8698080538316546,0.40051435901494603,0.07758300574699757,0.792225048084657,0.26068338421181536,0.12003503310127946,56,0.7954545454545454,0.2571428571428571,6,0
0.48605776178139953,0.25581987462178923,-0.2302378871596103,0.5263157894736842,1533.8,9.7394815791729,324.0,615.6,291.6,61.582963825619906,68.56788940935564,6.984925583735738,0.8728495150769325,0.4070453697417536,0.07954685942580397,0.7933026556511286,0.20096302815960337,0.09371726590744371,56,0.71875,0.391304347826087,8,0
1.4297122013105177,1.0997786163927057,-0.329933584917812,0.769230769230769,1964.2,12.720767872279643,108.0,140.4,32.400000000000006,39.24730305053938,42.96804441068829,3.7207413601489137,0.8671543039766817,0.39494892293183076,0.07593652188880137,0.7912177820878803,0.28610332818793666,0.13030691400232758,72,0.9081632653061225,0.10112359550561797,4,0
1.9674268582221066,1.5134052755554666,-0.45402158266664006,0.7692307692307692,1964.2,9.244072764906754,108.0,140.4,32.400000000000006,48.34654502182331,52.04031804355234,3.6937730217290294,0.872802055701389,0.40694217860211007,0.07951555959125824,0.7932864961101308,0.39627097068424155,0.18476053198274053,72,0.9081632653061225,0.10112359550561797,4,0
0.7841835090982098,0.49011469318638107,-0.2940688159118287,0.625,1749.0,10.325672662427973,216.0,345.6,129.60000000000002,54.909157029685446,60.95077277259167,6.041615742906224,0.8625224448162131,0.38551969657422946,0.07320211653432349,0.7893203282818896,0.2536409540444794,0.11336932068227114,64,0.8144329896907216,0.22784810126582278,6,0
1.1060259190426587,0.6912661994016616,-0.4147597196409971,0.6249999999999999,3094.0,12.950938877158091,216.0,345.6,129.60000000000002,48.613504781595985,55.13701776942031,6.523512987824326,0.8112342918706008,0.3005805642779115,0.05132631140480962,0.7599079804657912,0.3364673074594132,0.12466871056943929,114,0.8902439024390244,0.1232876712328767,8,0
1.25547139105394,0.7846696194087123,-0.47080177164522763,0.6249999999999999,3094.0,11.409319380865652,216.0,345.6,129.60000000000002,52.17760099740648,58.461574470803264,6.2839734733967845,0.8116419127284922,0.30114093614525267,0.05145618572199909,0.7601857270064931,0.3821224504540953,0.1417776862520873,114,0.8902439024390244,0.1232876712328767,8,0
0.5583582171323573,0.253799189605617,-0.30455902752674036,0.4545454545454546,3094.0,12.82695734974613,432.0,950.4000000000001,518.4000000000001,58.31971797903764,67.40908177507944,9.089363796041802,0.8138240990979043,0.30416700442920824,0.052160515897757616,0.7616635832001467,0.24785747619908333,0.09263680707468139,114,0.8,0.25,12,0
0.554932153132065,0.2522418877873023,-0.30269026534476273,0.45454545454545453,3094.0,12.90614897085011,432.0,950.4000000000001,518.4000000000001,58.16189477902892,67.28373563503943,9.121840856010515,0.8219619874315188,0.315854699998384,0.054929208000348013,0.7670327794311708,0.24879989207895498,0.09560614295290128,114,0.8,0.25,12,0
0.3373089944553344,0.1204674980197623,-0.2168414964355721,0.35714285714285715,3094.0,14.155244705924803,648.0,1814.3999999999999,1166.3999999999999,60.92285394419545,71.61754254420612,10.694688600010664,0.8201827670631738,0.31324352001796985,0.05430388898116456,0.7658788780820093,0.17784965856064688,0.06792419362944267,114,0.7244897959183674,0.38028169014084506,16,0
1.452676723367832,0.9079229521048949,-0.544753771262937,0.625,3954.7999999999997,12.603808517570068,216.0,345.6,129.60000000000002,49.38425188520628,55.86363404358325,6.479382158376964,0.8154966244305726,0.3065165617061305,0.05271089541451523,0.7627857290160573,0.4442448616107494,0.16697605294396334,146,0.91,0.0989010989010989,8,0
1.3781815444256347,0.8613634652660217,-0.516818079159613,0.625,3954.7999999999997,13.28508521487258,216.0,345.6,129.60000000000002,47.88845053535112,54.4494974920108,6.5610469566596805,0.8351600062907555,0.3362753568786701,0.05995893697508483,0.7752010693156707,0.43162579024211856,0.17379318401074764,146,0.91,0.0989010989010989,8,0
0.6422803652846005,0.2919456205839093,-0.3503347447006912,0.45454545454545453,3524.4,12.702137219652197,432.0,950.4000000000001,518.4000000000001,58.569568742464455,67.60711357040358,9.03754482793913,0.8009129973079216,0.2868822506466785,0.04820434131435397,0.7527086559935676,0.2805876504393361,0.10050482003946382,130,0.8181818181818182,0.2222222222222222,12,0
0.65689807060931,0.2985900320951409,-0.35830803851416915,0.4545454545454545,3524.4,12.41948134474808,432.0,950.4000000000001,518.4000000000001,59.140307406771626,68.05764470662415,8.91733729985252,0.7952072103100297,0.27969378180217763,0.04660561436994302,0.7486015959400867,0.28492913573851114,0.10021653034214828,130,0.8181818181818182,0.2222222222222222,12,0
0.7471867103718802,0.4669916939824251,-0.2801950163894551,0.625,1533.8,9.503549551077727,216.0,345.6,129.60000000000002,57.11189157715387,62.92344705379496,5.8115554766410895,0.8671697185976193,0.3949809007914144,0.07594591236176351,0.7912238062358558,0.2429766335148991,0.1106716799707721,56,0.797752808988764,0.2535211267605634,6,0
0.8247435254314097,0.515464703394631,-0.3092788220367787,0.6249999999999999,1587.6,8.91186141310456,216.0,345.6,129.60000000000002,58.76840942977992,64.387787907577,5.619378477797085,0.8688585296504591,0.39850901090814295,0.0769869086347177,0.7918716210157414,0.26871954256690156,0.12325039746471224,58,0.8021978021978022,0.2465753424657534,6,0
0.7303273213622531,0.45645457585140825,-0.27387274551084484,0.6250000000000001,1641.4,10.405025050822138,216.0,345.6,129.60000000000002,54.70256412555537,60.76420677711672,6.06164265156135,0.8711611278264092,0.40339940659530027,0.07844625950089949,0.7927148683255097,0.23858728986014274,0.1104801030217005,60,0.8064516129032258,0.24,6,0
0.5380064119548913,0.336254007471807,-0.2017524044830843,0.6249999999999999,1695.2,14.587462107805084,216.0,345.6,129.60000000000002,45.214192655708395,51.879413586457304,6.665220930748909,0.8679806628380724,0.39666893454081475,0.0764427535203044,0.791537909317768,0.1751171857724024,0.08002891132735254,62,0.8105263157894737,0.23376623376623376,6,0
0.9243571686160154,0.5777232303850095,-0.34663393823100586,0.6249999999999999,1533.8,7.682015315094832,216.0,345.6,129.60000000000002,62.40415927075085,67.5482827564759,5.144123485725046,0.8608564075195151,0.3822134432394536,0.07225935615223802,0.7885970513672771,0.2984020467898852,0.13248815107492481,56,0.797752808988764,0.2535211267605634,8,2
0.8277731719312811,0.5173582324570507,-0.3104149394742304,0.625,1587.6,8.879244035961788,216.0,345.6,129.60000000000002,58.861473904810694,64.46958628636526,5.608112381554562,0.8742717991826837,0.410157039510629,0.08049482266856206,0.7937769765141216,0.27138702762731925,0.1273188725946214,58,0.8021978021978022,0.2465753424657534,10,4
0.9156976675339422,0.5723110422087139,-0.34338662532522835,0.625,2394.6,12.106737304428245,216.0,345.6,129.60000000000002,50.51969802313995,56.92626493441666,6.406566911276705,0.8125005268381885,0.30232631082106115,0.05173148332222953,0.760769043515959,0.27900181398593565,0.10381481161987026,88,0.856,0.16822429906542055,8,0
1.0591205076300814,0.6619503172688008,-0.39717019036128054,0.625,2502.2,10.937621522578702,216.0,345.6,129.60000000000002,53.34297582592971,59.52955729219773,6.1865814662680165,0.8106704955287467,0.29980799809172465,0.05114754068161636,0.7595229548471304,0.32197415502942595,0.11907479967392472,92,0.8604651162790697,0.16216216216216217,8,0
1.18128258931952,0.7383016183247001,-0.4429809709948199,0.6250000000000001,2609.7999999999997,10.22821085881533,216.0,345.6,129.60000000000002,55.16433740570453,61.180842699302815,6.016505293598286,0.8083999883575858,0.2967258689128382,0.0504375849781774,0.7579624033794083,0.35810581179484446,0.13144391353029072,96,0.8646616541353384,0.1565217391304348,8,0
0.9343281739328257,0.583955108708016,-0.3503730652248097,0.6249999999999999,2179.4,10.799005206429996,216.0,345.6,129.60000000000002,53.69232678835998,59.84795346068853,6.155626672328552,0.8276041174791512,0.32435183300138803,0.05699165758632447,0.7706124598928267,0.2899701914338437,0.11364414593998191,80,0.8461538461538461,0.18181818181818182,12,4
0.7774978532884549,0.48593615830528425,-0.29156169498317064,0.6249999999999999,1264.8,7.531281958900946,216.0,345.6,129.60000000000002,62.86763613320087,67.94622159453623,5.078585461335358,0.8739673206273374,0.4094877621362326,0.08029025084833313,0.7936770697790043,0.25481539336200665,0.11939094600330538,46,0.7567567567567568,0.32142857142857145,6,1
0.8612104569016109,0.5382565355635068,-0.3229539213381041,0.625,1910.4,10.269782924216026,216.0,345.6,129.60000000000002,55.05529651194519,61.0825820823721,6.027285570426912,0.8578355980743206,0.3763295760804835,0.07060168752175455,0.7872339105525661,0.2770413702615196,0.12153711231069853,70,0.8252427184466019,0.21176470588235294,7,0
0.9090345233715449,0.5681465771072156,-0.3408879462643293,0.6250000000000001,2071.7999999999997,10.55148778188517,216.0,345.6,129.60000000000002,54.324004255891225,60.421636721462505,6.09763246557128,0.872737854280603,0.40680265054562975,0.07947325201271906,0.793264602267884,0.29750581477285226,0.13867412007938534,76,0.8434782608695652,0.18556701030927836,6,0
0.4985568968692036,0.22661677130418342,-0.27194012556502023,0.4545454545454545,1480.0,9.514640702752578,312.0,686.4000000000001,374.4000000000001,61.690409494031684,70.04075990785941,8.350350413827726,0.8875761134240804,0.44118177993902963,0.09040549697669631,0.7971706164473841,0.24136755973305707,0.11997502863361884,54,0.7204301075268817,0.3880597014925373,5,0
0.6407682936985482,0.4004801835615926,-0.24028811013695556,0.625,1695.2,9.186021170205176,288.0,460.8,172.8,61.57369381169952,66.83253794502414,5.258844133324622,0.9095230251150337,0.5013099529286509,0.11233721183632966,0.797185813278704,0.2185475688309382,0.12045882118207167,62,0.7623762376237624,0.3116883116883117,2,0
0.5313226547729825,0.24151029762408288,-0.2898123571488996,0.4545454545454544,1749.0,10.55059327964173,312.0,686.4000000000001,374.4000000000001,59.14971733667445,68.0650515580724,8.915334221397949,0.8698109557473235,0.40052051190766197,0.07758483966518458,0.7922261160821389,0.252081963359069,0.11607579364244341,64,0.7523809523809524,0.3291139240506329,4,0
0.5906911702588421,0.2684959864812918,-0.3221951837775503,0.4545454545454544,1695.2,9.198264011551815,312.0,686.4000000000001,374.4000000000001,62.491791421444795,70.65438639474064,8.162594973295846,0.8860266657030232,0.4373798781246145,0.08914421402020827,0.796882451682815,0.28547352438799567,0.14092169021296272,62,0.7475728155339806,0.33766233766233766,4,0
1.9117338621502533,1.4705645093463486,-0.4411693528039047,0.7692307692307692,2394.6,11.597964895220123,108.0,140.4,32.400000000000006,41.8617874890602,45.61353655094151,3.7517490618813127,0.8524473802092878,0.36617571102289426,0.06780000878246102,0.7846473714268267,0.37607365902631557,0.16154550144447988,88,0.9224137931034483,0.08411214953271028,6,0
1.7467445927434402,1.3436496867257233,-0.4030949060177169,0.7692307692307693,2394.6,12.693454048366904,108.0,140.4,32.400000000000006,39.307656994444216,43.029472622957186,3.721815628512971,0.8593980773064189,0.37935530716442667,0.07145094399147356,0.7879471333149454,0.34641898720363756,0.1529161918887667,88,0.9224137931034483,0.08411214953271028,6,0
1.0361261701339448,0.6475788563337156,-0.3885473138002292,0.6250000000000001,2394.6,10.699576393942406,216.0,345.6,129.60000000000002,53.94485898250073,60.07761175127271,6.132752768771979,0.8513724765162106,0.36420050479849464,0.06726348192874423,0.7841089945874664,0.3307984887938224,0.14150912782414257,88,0.8548387096774194,0.16981132075471697,8,0
0.8640116063066224,0.540007253941639,-0.3240043523649835,0.6249999999999999,2394.6,12.830974757967367,216.0,345.6,129.60000000000002,48.877829392836304,55.38669595869395,6.508866565857645,0.852310334113194,0.3659229672079443,0.06773120380155126,0.7845791303116427,0.27615225781832814,0.11856063400568309,88,0.8548387096774194,0.16981132075471697,8,0
0.7402473772059477,0.38960388273997243,-0.35064349446597526,0.5263157894736842,2394.6,9.984149850874147,324.0,615.6,291.6,60.983963708182706,68.07997149701828,7.096007788835571,0.8598700556839387,0.3802766913861738,0.07171089290170483,0.7881591627822339,0.301507841111669,0.1333415479316072,88,0.7954545454545454,0.2571428571428571,10,0
1.0859795064307867,0.835368851100605,-0.2506106553301817,0.769230769230769,1533.8,9.80809382296363,144.0,187.20000000000002,43.20000000000002,50.739457315135866,54.36494107636748,3.6254837612316138,0.8854775324958553,0.43604499429273874,0.08870457871017051,0.7967729537856847,0.22191010469893852,0.10927752177314859,56,0.8554216867469879,0.16901408450704225,2,0
0.9724988012953428,0.6078117508095893,-0.36468705048575356,0.625,1533.8,10.110090900837356,156.0,249.60000000000002,93.60000000000002,51.01138443538304,57.38358436099456,6.372199925611518,0.891588052483172,0.4512753228930666,0.09382120162104982,0.7977668508621222,0.32515061710842524,0.1645742664628785,56,0.8452380952380952,0.18309859154929578,3,0
0.507191989678739,0.2305418134903359,-0.27665017618840315,0.4545454545454545,3524.4,12.063972074708207,576.0,1267.2,691.2,63.3129014718354,71.27863379684145,7.965732325006044,0.8440709215712265,0.3512042816998934,0.0637999704201566,0.7802709511510699,0.23351236916818763,0.09716072641039708,130,0.7714285714285715,0.2962962962962963,4,0
0.8374297739892939,0.5233936087433085,-0.3140361652459853,0.6249999999999999,2609.7999999999997,10.820973694770263,288.0,460.8,172.8,57.47711255242906,63.24767657180159,5.770564019372529,0.8651573964355364,0.3908402023150856,0.07473660677042208,0.7904207896651143,0.27169071111081655,0.12273795835899455,96,0.8273381294964028,0.20869565217391303,4,0
0.9144490779267737,0.5715306737042335,-0.34291840422254016,0.625,2179.4,11.033763452077949,216.0,345.6,129.60000000000002,53.10251826479414,59.30993799146321,6.207419726669066,0.8083025524440152,0.29659463758664506,0.05040747100872646,0.7578950814352887,0.27718182141310777,0.10170775982217495,80,0.8461538461538461,0.18181818181818182,8,0
0.9281381692118021,0.5800863557573763,-0.3480518134544258,0.625,2287.0,11.407744357668776,216.0,345.6,129.60000000000002,52.18143247558127,58.46510072371849,6.283668248137225,0.8039489336156826,0.2908159462177303,0.04909060590146476,0.7548583277142179,0.2798158842696901,0.1012190174625458,84,0.8512396694214877,0.17475728155339806,16,8
1.1202289198712039,0.7001430749195022,-0.42008584495170165,0.6249999999999998,2502.2,11.633596879613703,192.0,307.20000000000005,115.20000000000005,49.98376736306353,56.42585029392883,6.442082930865304,0.801045032934952,0.2870517284024612,0.04824235706151182,0.7528026758734402,0.336507679504843,0.12058636787079428,92,0.8740157480314961,0.14414414414414414,8,0
1.1149280334993315,0.6968300209370821,-0.4180980125622493,0.625,2448.4,11.437584265694202,192.0,307.20000000000005,115.20000000000005,50.462489271148996,56.87294442888328,6.410455157734283,0.8408321198175005,0.3456642732151633,0.06235782982129432,0.7784742899962062,0.35155023819420006,0.14452154564503414,90,0.872,0.14678899082568808,8,0
0.6026935080711788,0.37668344254448677,-0.22601006552669206,0.625,1910.4,11.00614697935311,288.0,460.8,172.8,57.03483954309912,62.85494179129822,5.820102248199099,0.898125813458326,0.4685382425485936,0.09989964767785481,0.7982261657804712,0.20298547395092986,0.10589435890016878,70,0.7857142857142857,0.2727272727272727,2,0
0.3409777371642421,0.2131110857276513,-0.12786665143659082,0.6249999999999999,619.1999999999999,6.57954469264639,276.0,441.6,165.60000000000002,68.3943515928614,72.61472790163255,4.220376308771151,0.8840537430096518,0.43261398865438405,0.08758216928825802,0.7964715737213938,0.11304099180862857,0.05531690209386338,22,0.5,1.0,3,0
0.8802096674794437,0.5501310421746524,-0.3300786253047914,0.625,861.3,6.272543974623848,156.0,249.60000000000002,93.60000000000002,63.33394796033017,68.34552348651053,5.0115755261803585,0.9162205688164322,0.5223562119813936,0.12101619735228412,0.7952043714641481,0.30242482583090197,0.17241862037023659,31,0.717391304347826,0.3939393939393939,3,0
0.2792407291154679,0.1745254556971674,-0.10471527341830048,0.6249999999999999,619.1999999999999,7.391471890715922,300.0,480.0,180.0,66.88978766474445,71.35699445299349,4.467206788249044,0.8923681917474077,0.4532810551934147,0.09451184050510142,0.7978563512423062,0.09344457918862419,0.04746544962991417,22,0.4791666666666667,1.0869565217391304,2,0
0.3664290216182157,0.2290181385113848,-0.13741088310683092,0.6249999999999999,726.8,7.186475901128314,276.0,441.6,165.60000000000002,66.60789686322723,71.12030834340158,4.51241148017435,0.8842562563695391,0.4330993721253883,0.08774029834314222,0.7965159580263969,0.12150643308047865,0.059512567196763594,26,0.54,0.8518518518518519,3,0
0.7999194753239406,0.4999496720774628,-0.29996980324647776,0.625,1076.5,8.626669606770728,156.0,249.60000000000002,93.60000000000002,55.36769230827935,61.3638930976462,5.996200789366846,0.9011290864967628,0.4768286915943668,0.1029305999032991,0.7981984865934637,0.2703115147761122,0.14303420879983764,39,0.7592592592592593,0.3170731707317073,3,0
0.1583298968638243,0.09895618553989018,-0.05937371132393411,0.625,403.99999999999994,9.245051913353928,276.0,441.6,165.60000000000002,60.90464272649859,66.25331903393837,5.348676307439781,0.8790263189008544,0.4208358077185007,0.0838101218354297,0.7952161970654247,0.052191054904559775,0.024986583762252903,14,0.39473684210526316,1.5333333333333334,5,2
0.22951668900396271,0.14344793062747668,-0.08606875837648603,0.6249999999999999,457.79999999999995,7.226906502408087,276.0,441.6,165.60000000000002,66.4905429204661,71.02167401125322,4.531131090787127,0.8813788249771255,0.4262830540758128,0.08553925401586382,0.7958395709612617,0.07585918112510738,0.03668965318124166,16,0.425,1.3529411764705883,3,0
0.9041475990555171,0.5650922494096982,-0.33905534964581896,0.625,861.3,6.106474044637519,156.0,249.60000000000002,93.60000000000002,63.94556510073773,68.86765213317466,4.922087032436927,0.8631841885802279,0.3868452578995124,0.07358240538640931,0.7896017831938187,0.2926672168678117,0.1311619541759462,31,0.717391304347826,0.3939393939393939,3,0
1.0070600094683837,0.6294125059177398,-0.3776475035506439,0.625,1184.1000000000001,7.5371721089307275,156.0,249.60000000000002,93.60000000000002,58.890836200776505,64.4953838974848,5.604547696708295,0.896530165871038,0.46422790599189084,0.09835301729146753,0.7981771485795705,0.3385723789990422,0.17531450977638058,43,0.7796610169491526,0.2826086956521739,4,0
0.6189282459416096,0.38683015371350604,-0.23209809222810351,0.6250000000000001,995.8,10.313527254879144,156.0,249.60000000000002,93.60000000000002,50.45204631089129,56.86320873960695,6.411162428715656,0.9025968914383745,0.4809674066860082,0.10447205956591041,0.7981248318724641,0.20949101655386337,0.1116316175157209,36,0.7450980392156863,0.34210526315789475,3,0
0.9580706210537998,0.5987941381586249,-0.3592764828951749,0.625,1130.3,7.562608289296403,156.0,249.60000000000002,93.60000000000002,58.80537765172303,64.420286747398,5.614909095674967,0.8727917290807208,0.40691973082734967,0.07950875191495292,0.7932829771657679,0.3135735427241197,0.14619668971230146,41,0.7719298245614035,0.29545454545454547,4,0
0.8412512025607368,0.5257820016004605,-0.3154692009602763,0.625,1130.3,7.464410660371186,180.0,288.0,108.0,60.90999815860856,66.25796474018904,5.347966581580479,0.8881642745471883,0.44263879638335785,0.09089248719065336,0.7972717873565349,0.28018847401286495,0.13963890740907633,41,0.7457627118644068,0.3409090909090909,3,0
0.9630990424345468,0.6019369015215917,-0.36116214091295507,0.625,941.9999999999999,6.269824049660934,156.0,249.60000000000002,93.60000000000002,63.343912974239586,68.35404491868219,5.010131944442605,0.9019016748853521,0.4789998912924031,0.10373686825351276,0.7981648066318393,0.32573273979457373,0.17299662623623704,34,0.7346938775510204,0.3611111111111111,3,0
0.20991316009395136,0.1311957250587196,-0.07871743503523176,0.625,403.99999999999994,6.41535131034155,300.0,480.0,180.0,69.6758499363379,73.67894624066153,4.003096304323634,0.9030169370448963,0.48216253855950975,0.1049207722559925,0.7980961647889038,0.07108317707754559,0.03795459830548064,14,0.375,1.6666666666666667,4,2
0.5944794422170597,0.37154965138566237,-0.22292979083139736,0.6250000000000001,646.0999999999999,6.0379622734436715,180.0,288.0,108.0,65.77019939054037,70.41493270295778,4.644733312417415,0.8961555267955991,0.4632251663881829,0.09799602329020149,0.7981595035053975,0.19977976414094362,0.10326668945075686,23,0.625,0.6,4,2
0.30686116003333397,0.19178822502083376,-0.11507293501250021,0.6250000000000001,403.99999999999994,4.770131598873644,276.0,441.6,165.60000000000002,73.97973585455843,77.2108790651702,3.2311432106117763,0.8826761828705723,0.4293350941796074,0.08651959170087839,0.7961565911696938,0.10157213902854711,0.04940484939111562,14,0.39473684210526316,1.5333333333333334,3,0
0.6284495479265678,0.3927809674541049,-0.23566858047246292,0.625,646.0999999999999,5.71158728061311,180.0,288.0,108.0,66.93974127672284,71.3989023877076,4.459161110984752,0.9136334085914523,0.5140571410421505,0.11752460433400817,0.7961088042574441,0.21531468847496527,0.12114711671113626,23,0.625,0.6,2,0
0.35735313293921794,0.22334570808701124,-0.1340074248522067,0.6250000000000001,511.59999999999997,4.7721236394572,300.0,480.0,180.0,74.59612330467895,77.71195773111863,3.115834426439676,0.8892940962458575,0.44545931338248623,0.09184098365460239,0.7974531125912552,0.11917201177417783,0.05969485546281912,18,0.4318181818181818,1.3157894736842106,2,0
0.7597312090259358,0.4748320056412098,-0.284899203384726,0.6249999999999999,807.4999999999999,6.813307114128758,156.0,249.60000000000002,93.60000000000002,61.38748264777204,66.67156390079462,5.284081253022585,0.8377354236235094,0.3404900947534589,0.061028879292606523,0.7767065443309029,0.2386701548375038,0.09700535675565033,29,0.7111111111111111,0.40625,7,3
0.6512021268301975,0.4070013292688735,-0.244200797561324,0.6250000000000001,807.4999999999999,6.888968764502936,180.0,288.0,108.0,62.82070700083134,67.90597707587945,5.085270075048108,0.8228054532371318,0.3171038293581487,0.05522974292285939,0.7675757103142724,0.20092974791831428,0.0774370080390099,29,0.6808510638297872,0.46875,6,3
0.801339647622998,0.5008372797643738,-0.3005023678586243,0.625,915.0999999999999,6.344237308074239,180.0,288.0,108.0,64.69186613035211,69.5023581917739,4.810492061421783,0.8795356225384006,0.42200571780877527,0.08417928910683864,0.7953563334315619,0.26430253718879854,0.12681371745141537,33,0.7222222222222222,0.38461538461538464,4,2
0.8318005474810811,0.5198753421756758,-0.31192520530540535,0.6250000000000001,861.3,6.63759342654126,156.0,249.60000000000002,93.60000000000002,62.01235830770412,67.21104334654659,5.19868503884247,0.8875884230891187,0.4412121953771763,0.09041564233548385,0.7971727807536348,0.2768612010987743,0.13762520462627434,31,0.723404255319149,0.38235294117647056,7,3
0.6403079884763981,0.4001924927977488,-0.24011549567864932,0.625,861.3,7.472966269538234,180.0,288.0,108.0,60.88210482314323,66.23376629001322,5.351661466869992,0.8839797752601721,0.43243691875861445,0.08752453685867452,0.7964552384014976,0.21225724190649725,0.10383480509747252,31,0.6938775510204082,0.4411764705882353,6,3
0.45429379999079356,0.283933624994246,-0.17036017499654754,0.6250000000000001,941.9999999999999,7.5128550694067044,276.0,441.6,165.60000000000002,65.66653089883587,70.32742644410196,4.6608955452660865,0.8851690838209663,0.4352980346513947,0.0884592950391984,0.7967097887817679,0.15079756002127348,0.07415744935886481,34,0.603448275862069,0.6571428571428571,3,0
0.3999460756000577,0.24996629725003608,-0.1499797783500216,0.6250000000000001,941.9999999999999,7.851058409034047,300.0,480.0,180.0,65.61611299656667,70.2848516446204,4.668738648053733,0.8928076818521133,0.45441729374498546,0.09490486698052274,0.7979028148715906,0.13390309823337657,0.06815340499428958,34,0.5833333333333334,0.7142857142857143,2,0
1.1689710929066761,0.7306069330666725,-0.43836415984000365,0.6249999999999999,1453.1,7.968326715917538,156.0,249.60000000000002,93.60000000000002,57.46307229836024,63.235226762267814,5.772154463907576,0.8744235205041015,0.410491182472761,0.08059709676748734,0.7938264237366142,0.3833159319101187,0.17994462232640152,53,0.8115942028985508,0.23214285714285715,4,0
1.0045440384422244,0.6278400240263902,-0.37670401441583423,0.6249999999999999,1453.1,8.036260700224222,180.0,288.0,108.0,59.078918091783706,64.66051658851565,5.581598496731942,0.8864890219248615,0.43850887760286733,0.08951734120086292,0.7969716807239985,0.3339439732946618,0.1651880545499818,53,0.7887323943661971,0.26785714285714285,3,0
0.9120276151286199,0.5700172594553873,-0.34201035567323257,0.6249999999999999,888.1999999999999,6.242782180215889,156.0,249.60000000000002,93.60000000000002,63.443081157894355,68.43882086417803,4.995739706283672,0.8973546605927911,0.46644708572504,0.09914684349419577,0.7982078170985953,0.30690458663437337,0.15952973369156373,32,0.723404255319149,0.38235294117647056,3,0
0.6161024321186002,0.38506402007412505,-0.23103841204447512,0.6249999999999999,968.9,10.080949387815163,156.0,249.60000000000002,93.60000000000002,51.09224055099062,57.45862691012302,6.366386359132406,0.9003457519787311,0.47464354340929626,0.10212443275257861,0.7982213192261525,0.20801445282815487,0.1096608905564467,35,0.74,0.35135135135135137,3,0
0.665173906190606,0.41573369136912863,-0.24944021482147738,0.6249999999999998,1022.6999999999999,9.855722194987413,156.0,249.60000000000002,93.60000000000002,51.72340678844026,58.04285337190198,6.319446583461719,0.8976984392754045,0.4673774531410556,0.09948119573574211,0.7982172435396624,0.22392209153776185,0.1165827323142199,37,0.75,0.3333333333333333,3,0
0.7470841049838729,0.46692756561492055,-0.28015653936895235,0.625,968.9,8.313518376932285,156.0,249.60000000000002,93.60000000000002,56.35170122943503,62.24601723376254,5.894316004327507,0.8957980439794796,0.46227159978576904,0.09765750996256889,0.7981405340169108,0.2509636799747676,0.1295084116445304,35,0.74,0.35135135135135137,3,0
0.30307340420994827,0.18942087763121765,-0.11365252657873062,0.6249999999999999,1480.0,11.968885854066265,408.0,652.8000000000001,244.80000000000007,59.351216822617886,64.89923829372695,5.548021471109067,0.9882252459653202,0.89353486649574,0.5137568335841206,0.47446841238119963,0.11231429603284616,0.10155249516342961,54,0.6633663366336634,0.5074626865671642,2,0
0.30991716977807604,0.19369823111129753,-0.11621893866677852,0.625,1426.2,11.279104793700913,408.0,652.8000000000001,244.80000000000007,60.8210573243748,66.18079104671217,5.359733722337374,0.9884383780143156,0.8952803420412571,0.5183725897326337,0.4700657882816819,0.11487525923033577,0.10404853116126535,52,0.6565656565656566,0.5230769230769231,2,0
0.6873729714508453,0.4296081071567783,-0.25776486429406703,0.6249999999999999,726.8,6.777942328952232,156.0,249.60000000000002,93.60000000000002,61.51265737028707,66.77979356934955,5.267136199062477,0.898686225916246,0.4700674547156062,0.10045311230593121,0.7982331136103148,0.23164973306624842,0.12116687367382573,26,0.6829268292682927,0.4642857142857143,3,0
0.6841903851390847,0.42761899071192794,-0.25657139442715676,0.625,726.8,5.901541245653377,180.0,288.0,108.0,66.25651026056396,70.82479654432498,4.568286283761026,0.9136508027841949,0.5141122118417791,0.11754747054212639,0.7961033322420685,0.23441666048983206,0.13190648708427508,26,0.6511627906976745,0.5357142857142857,2,0
0.6234810107379314,0.3896756317112071,-0.23380537902672427,0.625,780.5999999999999,8.025659270558645,156.0,249.60000000000002,93.60000000000002,57.27653804138248,63.06971200778713,5.793173966404652,0.8979479760501161,0.468054653588918,0.09972514447744855,0.7982228315726676,0.20994506688667733,0.1094336956875791,28,0.6976744186046512,0.43333333333333335,3,0
0.6082502143343761,0.3801563839589851,-0.228093830375391,0.6250000000000001,780.5999999999999,7.129741288151279,180.0,288.0,108.0,62.012950343169685,67.21155352345349,5.198603180283804,0.9151968050900553,0.51904598476829,0.11961239842569141,0.7955844066643639,0.20875074482031084,0.11839118680676612,28,0.6666666666666666,0.5,2,0
0.8728028370791084,0.5455017731744428,-0.3273010639046656,0.625,861.3,6.325774403564895,156.0,249.60000000000002,93.60000000000002,63.13927767027664,68.1789571587908,5.039679488514153,0.8984858499597511,0.4695197577468113,0.10025459701080455,0.7982312529489466,0.2940753745951143,0.15367431623479222,31,0.717391304347826,0.3939393939393939,3,0
0.5444522084871805,0.3402826303044877,-0.20416957818269277,0.6249999999999998,861.3,8.788650179775452,180.0,288.0,108.0,56.77250262394008,62.62143722026207,5.848934596321989,0.9133476139584497,0.513153689526772,0.11715004789574385,0.7961975660627059,0.18647779707606557,0.10477037233357353,31,0.6875,0.45454545454545453,2,0
0.7194910925834078,0.4496819328646298,-0.269809159718778,0.6249999999999999,915.0999999999999,8.153020518937995,156.0,249.60000000000002,93.60000000000002,56.86494150749426,62.7037636749554,5.838822167461139,0.8960533208227218,0.4629522137184756,0.09789902906634505,0.7981542917563768,0.2417633935543992,0.12490874777333004,33,0.7291666666666666,0.37142857142857144,3,0
0.7439807311989164,0.46498795699932277,-0.2789927741995936,0.625,915.0999999999999,6.833360967153356,180.0,288.0,108.0,63.008952263269066,68.06734292978912,5.058390666520054,0.9137288300108135,0.5143593689910194,0.11765014309261038,0.7960786869182032,0.25492374115086575,0.14350254729035694,33,0.7,0.42857142857142855,2,0
0.5985273661605288,0.3740796038503305,-0.2244477623101983,0.625,941.9999999999999,8.74368262708596,180.0,288.0,108.0,56.907084301918935,62.741279178384154,5.834194876465219,0.9142456392968012,0.5160013478979801,0.11833429599541778,0.7959113433013835,0.20520038794202375,0.11581534788474779,34,0.7058823529411765,0.4166666666666667,2,0
0.7856928419969974,0.4910580262481234,-0.294634815748874,0.625,753.6999999999999,5.329337367487718,180.0,288.0,108.0,68.33576933610736,72.56592692890048,4.23015759279312,0.911598577567888,0.5076810415969825,0.11490391014810261,0.7966946674197853,0.2685886789386503,0.14958051015012336,27,0.6590909090909091,0.5172413793103449,2,0
0.6313507290452082,0.3945942056532551,-0.23675652339195308,0.625,834.4,8.471864690497492,156.0,249.60000000000002,93.60000000000002,55.85126821286055,61.79814722419067,5.946879011330118,0.8979746653372457,0.46812717765364864,0.09975129888866048,0.7982233664485852,0.21260135985929884,0.11083216308656504,30,0.7111111111111111,0.40625,3,0
0.601370729727636,0.3758567060797726,-0.22551402364786344,0.6250000000000001,834.4,7.708315896344044,180.0,288.0,108.0,60.12073945965064,65.57164993412553,5.450910474474888,0.9123747272556134,0.5100976868371442,0.11589099182210612,0.7964837354335073,0.20575329581803536,0.11503418181211217,30,0.6808510638297872,0.46875,2,0
0.7634468211820489,0.47715426323878063,-0.28629255794326824,0.6250000000000001,888.1999999999999,6.463376763825431,180.0,288.0,108.0,64.27748073562503,69.150257997888,4.8727772622629715,0.9117837285410445,0.5082558244882152,0.1151380007695804,0.7966457277714641,0.2610368959350661,0.1455098600822959,32,0.6938775510204082,0.4411764705882353,2,0
1.0189784116840674,0.636861507302542,-0.38211690438152546,0.6249999999999999,968.9,6.0952198443857855,156.0,249.60000000000002,93.60000000000002,63.98724692684416,68.90317022432092,4.915923297476759,0.8971671978768468,0.46594101557535406,0.098965359013878,0.7982018388629688,0.3428227523653482,0.17804393849603842,35,0.74,0.35135135135135137,3,0
0.6782883539057503,0.4239302211910939,-0.25435813271465635,0.625,968.9,7.935825149853195,180.0,288.0,108.0,59.39562234884643,64.93812892428085,5.542506575434416,0.9130010416900715,0.5120616053704339,0.11669871707752832,0.7963023246125431,0.2322292401308227,0.1302470337768928,35,0.7115384615384616,0.40540540540540543,2,0
0.6177695288238298,0.38610595551489363,-0.23166357330893622,0.625,995.8,8.955155546041594,180.0,288.0,108.0,56.2777664835856,62.17994486398467,5.9021783803990715,0.910004165996135,0.5027751475304019,0.11292297374655208,0.7970811922495828,0.21081481682068298,0.11647468724782048,36,0.7169811320754716,0.39473684210526316,2,0
0.7873960315798239,0.4921225197373899,-0.29527351184243394,0.625,726.8,5.91693909051921,156.0,249.60000000000002,93.60000000000002,64.65148169640409,69.46807885599866,4.816597159594565,0.8835417126205745,0.4313906089898481,0.08718457023536724,0.7963571423852072,0.26088646434475554,0.1273782200922787,26,0.6829268292682927,0.4642857142857143,4,1
0.6295839112362509,0.39348994452265684,-0.23609396671359406,0.625,726.8,6.413406863986085,180.0,288.0,108.0,64.45093537116048,69.29773825922656,4.84680288806608,0.8776177203497707,0.41762672476898516,0.0828035943556235,0.7948141259941472,0.20720024885551908,0.09859915005631609,26,0.6511627906976745,0.5357142857142857,3,1
0.38186040150465195,0.23866275094040743,-0.14319765056424452,0.6249999999999999,1614.5,10.362708014617349,408.0,652.8000000000001,244.80000000000007,62.84079324166556,67.92320355368699,5.08241031202143,0.9894294343019824,0.9034770615774732,0.5409439749579608,0.4484854593440216,0.1416839703911534,0.12937579255658144,59,0.6792452830188679,0.4722222222222222,2,0
0.8008688941669246,0.5005430588543278,-0.3003258353125968,0.6249999999999999,888.1999999999999,7.109265680136445,156.0,249.60000000000002,93.60000000000002,60.35160675165983,65.77275133079506,5.42114457913523,0.9100428853683583,0.5028933625813544,0.11297035099698323,0.797072534371375,0.273309389718538,0.1510318691904059,32,0.723404255319149,0.38235294117647056,3,0
0.7880092030149733,0.6061609253961333,-0.18184827761884004,0.7692307692307692,807.4999999999999,7.116209896323171,144.0,187.20000000000002,43.20000000000002,59.331317698457774,62.52057387362585,3.189256175168076,0.9256831297872362,0.5546826339430562,0.13555412655852267,0.7901290032287136,0.16833388277262606,0.10086808160762631,29,0.7209302325581395,0.3870967741935484,2,0
0.5836203883075973,0.36476274269224834,-0.21885764561534898,0.625,834.4,9.164720862868322,156.0,249.60000000000002,93.60000000000002,53.73008531425583,59.88231836621167,6.1522330519558395,0.8860023159091163,0.43732054840124357,0.0891246388934252,0.7968776770156911,0.19390838086961584,0.09571094560230944,30,0.7111111111111111,0.40625,4,1
0.6428630477926811,0.4017894048704257,-0.24107364292225542,0.625,834.4,7.210797963068629,180.0,288.0,108.0,61.74369753556723,66.97934443649046,5.235646900923236,0.879846333414327,0.42272197559145414,0.08440589658320316,0.7954404368311239,0.21210776080798116,0.10190712659912458,30,0.6808510638297872,0.46875,3,1
0.7775020538007209,0.4859387836254505,-0.2915632701752704,0.6249999999999999,834.4,6.879361826211794,156.0,249.60000000000002,93.60000000000002,61.154477276357426,66.46988316608808,5.3154058897306555,0.8970018924712355,0.4654954960574803,0.09880581298093917,0.7981960794902964,0.2615328051223197,0.13572138908237866,30,0.7111111111111111,0.40625,3,0
0.5875198597201777,0.3671999123251111,-0.2203199473950666,0.6250000000000001,834.4,7.890040615415732,180.0,288.0,108.0,59.54068677758767,65.06510085856253,5.524414080974857,0.9107767657456666,0.5051426315921194,0.11387513488080521,0.7969016308648613,0.20066228911773415,0.11129299801938125,30,0.6808510638297872,0.46875,2,0
0.9114454892716536,0.5696534307947835,-0.3417920584768701,0.625,861.3,6.057579867519957,156.0,249.60000000000002,93.60000000000002,64.12686801924043,69.02208484290823,4.895216823667795,0.8984854844346867,0.46951875958332967,0.10025423551614933,0.7982312489185374,0.3070952032365194,0.16047778333149293,31,0.717391304347826,0.3939393939393939,3,0
0.6884438237677164,0.4302773898548228,-0.2581664339128936,0.625,861.3,6.950458170737366,180.0,288.0,108.0,62.61328814315519,67.72797227801146,5.114684134856276,0.9092417534526452,0.5004566451618744,0.11199730170336081,0.7972444517492845,0.23473570105357586,0.1292011074094515,31,0.6875,0.45454545454545453,2,0
0.8373087734111611,0.5233179833819757,-0.3139907900291854,0.625,888.1999999999999,6.7998687275117105,156.0,249.60000000000002,93.60000000000002,61.43501316642761,66.71266974591332,5.277656579485708,0.8983025154413085,0.4690195444899173,0.10007357387246728,0.7982289415688412,0.28205871650862097,0.1472678173135178,32,0.723404255319149,0.38235294117647056,3,0
0.5043613870453227,0.3152258669033267,-0.18913552014199603,0.625,888.1999999999999,9.783549199417653,180.0,288.0,108.0,53.89961995849211,60.036500969628676,6.136881011136566,0.9100955493236403,0.5030542252720731,0.11303484828560868,0.7970607010380316,0.1721313951002423,0.09514542255646238,32,0.6938775510204082,0.4411764705882353,2,0
0.8174930760381832,0.5109331725238645,-0.3065599035143187,0.625,941.9999999999999,7.386559856538154,156.0,249.60000000000002,93.60000000000002,59.40001082454101,64.94197178212303,5.54196095758202,0.8961461057112405,0.46319999545159063,0.09798707549714086,0.7981590302140997,0.2747224637015704,0.1419985459134725,34,0.7346938775510204,0.3611111111111111,3,0
0.6909207671695402,0.43182547948096256,-0.25909528768857765,0.6249999999999999,941.9999999999999,7.574433396715606,180.0,288.0,108.0,60.55245084618301,65.9474665454356,5.395015699252596,0.9103451622513732,0.5038178189422021,0.11334145037958046,0.7970037118717928,0.23586614170942444,0.13053682274146158,34,0.7058823529411765,0.4166666666666667,2,0
0.8673792722736682,0.5421120451710426,-0.32526722710262557,0.625,968.9,7.160532461903039,156.0,249.60000000000002,93.60000000000002,60.174291436589606,65.61832313596786,5.44403169937825,0.895394286315593,0.46119839808217394,0.0972776573651946,0.7981166289503985,0.29124241667340733,0.15001272408836158,35,0.74,0.35135135135135137,3,0
0.6894000606641904,0.430875037915119,-0.25852502274907135,0.625,968.9,7.807916019896829,180.0,288.0,108.0,59.80197726885258,65.29350946501627,5.491532196163689,0.9107145356052616,0.504951263267403,0.11379790777642182,0.7969166278288398,0.2354424960352602,0.1305425368233777,35,0.7115384615384616,0.40540540540540543,2,0
0.9462580389034045,0.5914112743146278,-0.35484676458877673,0.625,995.8,6.7458695946518175,156.0,249.60000000000002,93.60000000000002,61.62643704324369,66.87810025230903,5.251663209065335,0.8955870849792213,0.46171036192460285,0.09745871450711553,0.7981283704721058,0.31779617951237055,0.16383642810605845,36,0.7450980392156863,0.34210526315789475,3,0
0.9169705690884522,0.5731066056802826,-0.3438639634081696,0.625,995.8,6.033151345000885,180.0,288.0,108.0,65.78728672983937,70.42935151614921,4.642064786309845,0.9109157128102312,0.5055703469607159,0.11404790771847627,0.7968678050917549,0.31323108733770405,0.17384742328755523,36,0.7169811320754716,0.39473684210526316,2,0
1.0938475372532963,0.6836547107833102,-0.4101928264699861,0.625,1049.6,6.15095330844733,156.0,249.60000000000002,93.60000000000002,63.78111873217688,68.7274428597179,4.946324127541018,0.897683121914497,0.4673359360084958,0.09946625585321707,0.7982168660612798,0.3682231770525086,0.19169784850232147,38,0.7547169811320755,0.325,3,0
0.74255023700404,0.464093898127525,-0.278456338876515,0.625,1049.6,7.852816981969915,180.0,288.0,108.0,59.65894604097914,65.16852452860121,5.509578487622072,0.9109004670664267,0.5055233875816895,0.11402892747142768,0.796871539594999,0.2536460091402247,0.14076619172245075,38,0.7272727272727273,0.375,2,0
0.9714697492712102,0.6071685932945062,-0.364301155976704,0.6249999999999999,1076.5,7.103299954340152,156.0,249.60000000000002,93.60000000000002,60.37228100002252,65.7907459761345,5.418464976111984,0.8968896002607142,0.4651932461561368,0.0986976927959553,0.7981919074647589,0.32673791815846215,0.16947043732723605,39,0.7592592592592593,0.3170731707317073,3,0
0.8068202026883494,0.5042626266802184,-0.30255757600813105,0.625,1076.5,7.412500995423966,180.0,288.0,108.0,61.079560200432724,66.40497730580897,5.325417105376246,0.9107435782326623,0.5050405595208309,0.1138339377176573,0.796909640515005,0.27555236939504596,0.15280384747441283,39,0.7321428571428571,0.36585365853658536,2,0
0.8772797582430268,0.5482998489018918,-0.3289799093411351,0.625,1103.4,8.062510113356014,156.0,249.60000000000002,93.60000000000002,57.15705240530077,62.96358208353356,5.806529678232792,0.8973180303727135,0.46634812983841956,0.09911133508390152,0.798206695288812,0.29519960428218117,0.15341916547565115,40,0.7636363636363637,0.30952380952380953,3,0
0.6978999904603822,0.4361874940377388,-0.2617124964226434,0.6249999999999999,1103.4,8.78349345721618,180.0,288.0,108.0,56.787915015450714,62.63516713215466,5.847252116703949,0.9100600619946839,0.502945819534219,0.11299137985765972,0.7970686821370242,0.23817409071917434,0.13162720599563274,40,0.7368421052631579,0.35714285714285715,2,0
0.39967446270138524,0.24979653918836572,-0.1498779235130195,0.6249999999999999,1345.5,8.25120047790241,408.0,652.8000000000001,244.80000000000007,67.78021624176066,72.10245481956031,4.322238577799652,0.9891004250500539,0.9007411627272306,0.5332409959353596,0.45585942911469435,0.14824431785234707,0.13500121509226012,49,0.6458333333333334,0.5483870967741935,3,1
0.4451871978112853,0.2782419986320533,-0.166945199179232,0.625,1506.9,8.296245649244389,408.0,652.8000000000001,244.80000000000007,67.67080058674746,72.01102826499661,4.34022767824915,0.9891350448150023,0.9010283509351006,0.534041431948112,0.4550936128668902,0.16513134707179913,0.15042235751299532,55,0.6666666666666666,0.5,2,0
0.34117234339879865,0.21323271462424914,-0.1279396287745495,0.625,1533.8,11.01881145476059,408.0,652.8000000000001,244.80000000000007,61.386983258220916,66.67113195102725,5.284148692806333,0.9891545889340977,0.901190551150673,0.5344943445526634,0.45466024438143426,0.12655207090887058,0.11529798456934878,56,0.6699029126213593,0.4927536231884058,2,0
0.3251124357359315,0.20319527233495718,-0.12191716340097433,0.625,1587.6,11.968710030362525,408.0,652.8000000000001,244.80000000000007,59.35158595305948,64.89956162567881,5.547975672619337,0.9892541132006679,0.9020173282928323,0.5368123934841971,0.45244171971647085,0.1206070553641718,0.10997139400398755,58,0.6761904761904762,0.4788732394366197,2,0
0.4079475265957376,0.2549672041223359,-0.15298032247340165,0.6249999999999999,1587.6,9.538423980798544,408.0,652.8000000000001,244.80000000000007,64.72227161785577,69.52816218247408,4.805890564618309,0.9891590007415431,0.9012271727392364,0.5345966869649221,0.45456231377662093,0.151321862910909,0.13787002350744043,58,0.6761904761904762,0.4788732394366197,2,0
0.5613241194487455,0.3508275746554659,-0.21049654479327962,0.6249999999999999,780.5999999999999,8.914361561303005,156.0,249.60000000000002,93.60000000000002,54.48378572174992,60.56633975923932,6.082554037489402,0.8851343984264182,0.43521416575808997,0.08843178678319927,0.7967026116432189,0.18631773254643913,0.09161107813716761,28,0.6976744186046512,0.43333333333333335,4,1
0.8616008214887102,0.5385005134304438,-0.3231003080582664,0.6249999999999999,780.5999999999999,5.033266634047065,180.0,288.0,108.0,69.43604141546511,73.48027107198432,4.044229656519207,0.8816306465229986,0.42687276627490345,0.08572802353280475,0.7959026229901939,0.2848551334851894,0.13792272228510566,28,0.6666666666666666,0.5,3,1
0.5200642342479308,0.32504014640495676,-0.19502408784297404,0.625,780.5999999999999,9.621592534780355,156.0,249.60000000000002,93.60000000000002,52.39136012033264,58.658152835131865,6.266792714799223,0.896039790284197,0.4629160983224183,0.09788620121873504,0.798153589065462,0.17474934277118526,0.09027978982315811,28,0.6976744186046512,0.43333333333333335,3,0
0.5082389790508,0.3176493619067499,-0.19058961714405004,0.6249999999999999,780.5999999999999,8.53273134375867,180.0,288.0,108.0,57.54395605342014,63.30693226545693,5.76297621203679,0.9080189870771233,0.496774550190043,0.11054083855244723,0.797478148524676,0.17305899110655704,0.09468007132762797,28,0.6666666666666666,0.5,2,0
0.8820897102397375,0.5513060688998359,-0.33078364133990157,0.625,834.4,6.063689312580525,156.0,249.60000000000002,93.60000000000002,64.10418324498865,69.00277059186445,4.8985873468758,0.8965354226408233,0.46424200090069917,0.09835804284801217,0.7981773797928111,0.2965592516913392,0.15356365952085513,30,0.7111111111111111,0.40625,3,0
0.7987261875072788,0.49920386719204923,-0.2995223203152295,0.625,888.1999999999999,7.128337386005461,156.0,249.60000000000002,93.60000000000002,60.285570621151926,65.71525873788144,5.4296881167295155,0.8985702249511773,0.46975025798357417,0.10033810358361925,0.7982321213675581,0.2691418387435544,0.1407006872399178,32,0.723404255319149,0.38235294117647056,3,0
0.7290903800943646,0.45568148755897786,-0.2734088925353867,0.625,941.9999999999999,8.28218517665806,156.0,249.60000000000002,93.60000000000002,56.45142264604659,62.335081292992356,5.883658646945769,0.8951087511965368,0.4604418579040517,0.09701060175157096,0.7980981494449658,0.2447306923633781,0.12588889844648266,34,0.7346938775510204,0.3611111111111111,3,0
0.7237802519895117,0.45236265749344484,-0.27141759449606684,0.6250000000000001,941.9999999999999,7.230555571180697,180.0,288.0,108.0,61.67827209078612,66.92286402493058,5.244591934144452,0.9075984929186712,0.4955185476293457,0.11004780620369717,0.7975506867149741,0.2463381997162413,0.13449245222574174,34,0.7058823529411765,0.4166666666666667,2,0
0.9123670633752565,0.5702294146095352,-0.3421376487657213,0.6249999999999999,995.8,6.99645306102843,156.0,249.60000000000002,93.60000000000002,60.74399667009472,66.11389179472141,5.369895124626694,0.895294352059407,0.4609333893527279,0.09718404304522917,0.7981103090141778,0.3063139045668354,0.15770266607075706,36,0.7450980392156863,0.34210526315789475,3,0
0.92347671474148,0.577172946713425,-0.34630376802805496,0.625,1049.6,7.285733382122835,156.0,249.60000000000002,93.60000000000002,59.74389694536698,65.24277072935332,5.4988737839863475,0.8946453640067079,0.4592183371960736,0.09657995270337613,0.7980654113033318,0.30981906060435377,0.1590290405185782,38,0.7547169811320755,0.325,3,0
0.8062090985742127,0.503880686608883,-0.3023284119653298,0.625,1049.6,7.232752795054629,180.0,288.0,108.0,61.67100116142626,66.91658582283239,5.245584661406127,0.9061749893552108,0.49130484692339454,0.10840761715031373,0.797767372204897,0.27396244549446047,0.14853541416121932,38,0.7272727272727273,0.375,2,0
0.6241641063909457,0.390102566494341,-0.23406153989660466,0.6249999999999999,672.9999999999999,6.911808160593621,156.0,249.60000000000002,93.60000000000002,61.04040466366912,66.37104239877338,5.330637735104261,0.8835344643490454,0.43137333041654896,0.08717896446583537,0.79635549988321,0.2068014372772593,0.1009679059876243,24,0.6666666666666666,0.5,4,1
0.6969473689256375,0.43559210557852335,-0.2613552633471141,0.6249999999999999,672.9999999999999,5.364664615424954,180.0,288.0,108.0,68.2055803527088,72.45742665786966,4.251846305160868,0.880808146775267,0.42495142060438745,0.08511413113755044,0.7956940156377166,0.23020384515873343,0.11106329044178995,24,0.6341463414634146,0.5769230769230769,3,1
0.6483540576316553,0.4052212860197845,-0.2431327716118708,0.6249999999999999,672.9999999999999,6.653930076201518,156.0,249.60000000000002,93.60000000000002,61.95395233149612,67.16070416443804,5.206751832941926,0.896418618038251,0.46392897695363206,0.09824648284303665,0.7981721351952143,0.21794874312812293,0.1127963379977963,24,0.6666666666666666,0.5,3,0
0.7358240796111932,0.4598900497569958,-0.2759340298541974,0.6250000000000001,672.9999999999999,5.081226603598653,180.0,288.0,108.0,69.25670614549955,73.33155594863827,4.074849803138719,0.9098198554968426,0.5022130481858792,0.11269793900812959,0.797121916488713,0.25105025916860735,0.13857767023128986,24,0.6341463414634146,0.5769230769230769,2,0
0.667787693863878,0.4173673086649238,-0.25042038519895427,0.625,726.8,6.976729882542646,156.0,249.60000000000002,93.60000000000002,60.81291035273201,66.17371984612174,5.360809493389731,0.8965733338434667,0.46434367217136646,0.09839430003525078,0.798179033808216,0.22452023962019155,0.11628112124985053,26,0.6829268292682927,0.4642857142857143,3,0
0.4319432654608836,0.26996454091305216,-0.1619787245478314,0.6249999999999999,726.8,9.34793548284511,180.0,288.0,108.0,55.13299148474723,61.1526034584322,6.019611973684974,0.9089717163966611,0.4996396547050062,0.11167270193360608,0.797299014463055,0.1472340792719843,0.0809309940026358,26,0.6511627906976745,0.5357142857142857,2,0
0.9040657324145209,0.5650410827590755,-0.33902464965544543,0.6249999999999999,780.5999999999999,5.5348255933583514,156.0,249.60000000000002,93.60000000000002,66.09991866502186,70.69293344610442,4.593014781082559,0.8965106815773113,0.46417566903026863,0.09833439395773558,0.7981762876195757,0.30393921973411253,0.1573669935715688,28,0.6976744186046512,0.43333333333333335,3,0
0.672839968335545,0.4205249802097157,-0.25231498812582936,0.625,780.5999999999999,6.445316673732396,180.0,288.0,108.0,64.3401124377891,69.20352697681903,4.863414539029932,0.9078815757388383,0.4963635352158145,0.11037928787657275,0.7975022878622655,0.22907212900220425,0.12523995949407293,28,0.6666666666666666,0.5,2,0
0.6777557037458007,0.42359731484112534,-0.2541583889046754,0.6249999999999998,834.4,7.89180809420977,156.0,249.60000000000002,93.60000000000002,57.713241758435544,63.45688374007052,5.74364198163498,0.8968779837709691,0.4651619968636517,0.0986865198577603,0.7981914639132087,0.2279490633993031,0.1182248237025474,30,0.7111111111111111,0.40625,3,0
0.6850810531771316,0.4281756582357073,-0.25690539494142434,0.625,834.4,6.7664337439456315,180.0,288.0,108.0,63.23635456090342,68.26204243931691,5.025687878413493,0.9098695970373574,0.5023646455769979,0.11275859172851659,0.7971110053088408,0.2337504081720769,0.1290601876765673,30,0.6808510638297872,0.46875,2,0
0.9503752307226847,0.5939845192016779,-0.35639071152100676,0.625,888.1999999999999,5.990886083237061,156.0,249.60000000000002,93.60000000000002,64.37507286956057,69.23325324846442,4.858180378903853,0.8969094085780455,0.4652465399416351,0.09871674994216352,0.798192658635882,0.319650182293015,0.16580954540248583,32,0.723404255319149,0.38235294117647056,3,0
0.8307718317160876,0.5192323948225548,-0.3115394368935328,0.625,888.1999999999999,5.939590458010096,180.0,288.0,108.0,66.12050404263981,70.71027411746306,4.5897700748232495,0.9083898760610297,0.49788670844616106,0.1109790061971205,0.7974108698639092,0.28299927046783924,0.15511134478609157,32,0.6938775510204082,0.4411764705882353,2,0
0.7162576742865057,0.447661046429066,-0.26859662785743965,0.625,915.0999999999999,8.189825884754443,156.0,249.60000000000002,93.60000000000002,56.74670946185358,62.598456543773466,5.851747081919889,0.8977480027415268,0.46751183390901324,0.09952956504165576,0.798218437699871,0.2411320862021256,0.12557210207140837,33,0.7291666666666666,0.37142857142857144,3,0
0.7265940274602819,0.4541212671626762,-0.2724727602976057,0.625,915.0999999999999,6.996876793302283,180.0,288.0,108.0,62.457220096366655,67.59389487760838,5.136674781241723,0.9094560458306309,0.5011065386252934,0.11225610103621382,0.797199944794417,0.2478019991768178,0.13653788178241247,33,0.7,0.42857142857142855,2,0
0.7867593825852605,0.49172461411578783,-0.29503476846947263,0.625,941.9999999999999,7.67510584827014,156.0,249.60000000000002,93.60000000000002,58.429263996671445,64.08928141037501,5.660017413703564,0.8957379868035251,0.46211171100452797,0.09760084259763895,0.7981371442058862,0.26427384954588956,0.13633902166325276,34,0.7346938775510204,0.3611111111111111,3,0
0.5850194348593578,0.36563714678709863,-0.21938228807225918,0.625,941.9999999999999,8.945571756246794,180.0,288.0,108.0,56.3060895827074,62.20525996750952,5.899170384802119,0.9088735899854649,0.49934331612030036,0.11155516651061456,0.7973184234748503,0.19939076773945963,0.10954707922406091,34,0.7058823529411765,0.4166666666666667,2,0
0.9207327753167167,0.575457984572948,-0.34527479074376877,0.625,753.6999999999999,5.247353397133421,156.0,249.60000000000002,93.60000000000002,67.21153056092066,71.62673348534031,4.415202924419646,0.8857065488071849,0.43660091770307385,0.08888746686603928,0.7968190819411456,0.3058121432997864,0.15074729049846625,27,0.6904761904761905,0.4482758620689655,4,1
0.8670500699170647,0.5419062936981655,-0.3251437762188992,0.625,753.6999999999999,4.829273841847149,180.0,288.0,108.0,70.20351676708269,74.1153594445428,3.9118426774601147,0.8823496121669366,0.42856357494077724,0.08627098414256039,0.7960786280243762,0.286890484845239,0.13934477910611553,27,0.6590909090909091,0.5172413793103449,3,1
0.6417405881772361,0.40108786761077253,-0.24065272056646358,0.6249999999999999,753.6999999999999,7.528603216656628,156.0,249.60000000000002,93.60000000000002,58.91966001734974,64.52070366203259,5.601043644682846,0.8967983329275285,0.4649478209312067,0.09860997061712137,0.7981883623104071,0.2158169586184789,0.11189095802854383,27,0.6904761904761905,0.4482758620689655,3,0
0.6377848848731024,0.39861555304568896,-0.2391693318274134,0.625,753.6999999999999,6.565257850310043,180.0,288.0,108.0,63.92539670147868,68.85046319406476,4.925066492586076,0.9075091056625915,0.49525221940467085,0.10994350680054726,0.7975655988620443,0.2170483464286155,0.11844914240105867,27,0.6590909090909091,0.5172413793103449,2,0
0.7334590965450205,0.45841193534063784,-0.27504716120438266,0.625,807.4999999999999,6.11637531287438,180.0,288.0,108.0,65.492341160673,70.18028606642767,4.687944905754662,0.9083405931105066,0.4977386927991829,0.11092060405862342,0.7974199890518832,0.24983650154175008,0.13690161447599555,29,0.6739130434782609,0.4838709677419355,2,0
0.8424989291352127,0.5265618307095079,-0.31593709842570483,0.6249999999999999,915.0999999999999,6.962650560335848,156.0,249.60000000000002,93.60000000000002,60.862160865890935,66.21646167789554,5.3543008120046025,0.8959380773524798,0.4626447539567371,0.0977898657518013,0.7981482116006785,0.28306007652784715,0.14616664116696565,33,0.7291666666666666,0.37142857142857144,3,0
0.6646934145274797,0.4154333840796748,-0.24926003044780487,0.625,915.0999999999999,7.648471878577204,180.0,288.0,108.0,60.31325178158969,65.73936146713254,5.426109685542848,0.9087613315874714,0.49900465187163934,0.11142097588926324,0.7973403556982082,0.22651787718128083,0.12438191471912109,33,0.7,0.42857142857142855,2,0
0.6688169613561006,0.4180106008475629,-0.25080636050853766,0.6250000000000001,968.9,8.04820763944682,180.0,288.0,108.0,59.04138438542377,64.62757854980332,5.586194164379549,0.9081826816718214,0.4972649082794665,0.11073384389180936,0.797448837780012,0.22777799306699334,0.12471720185418479,35,0.7115384615384616,0.40540540540540543,2,0
1.0596113783174719,0.6622571114484199,-0.39735426686905195,0.625,995.8,6.0242212040694145,156.0,249.60000000000002,93.60000000000002,64.25088460095661,69.12763212500998,4.876747524053371,0.8949024513299491,0.45989649907626495,0.0968184586445277,0.7980839926854213,0.3555933074675294,0.18274183622609289,36,0.7450980392156863,0.34210526315789475,3,0
0.7499968151958284,0.4687480094973927,-0.2812488056984357,0.6249999999999999,995.8,7.376327619174927,180.0,288.0,108.0,61.1980488411657,66.50761867950158,5.309569838335875,0.9082398282452504,0.49743628100592335,0.11080136536728691,0.7974384628779635,0.25544136698172903,0.1399033599439874,36,0.7169811320754716,0.39473684210526316,2,0
0.8561551461313005,0.5350969663320629,-0.32105817979923756,0.6250000000000001,1022.6999999999999,6.636258267371696,180.0,288.0,108.0,63.68127518195806,68.64225190320823,4.9609767212501765,0.9070226954737524,0.49380705505675754,0.10937904154259173,0.7976436539311607,0.29120705564540106,0.15854079426854448,37,0.7222222222222222,0.38461538461538464,2,0
0.6740414021577388,0.42127587634858665,-0.2527655258091521,0.6249999999999999,807.4999999999999,7.679471965240943,156.0,249.60000000000002,93.60000000000002,58.414727441254655,64.07647204136255,5.661744600107895,0.8871178887101935,0.4400519499858262,0.09002925257336089,0.7970886361368326,0.22423281959453695,0.11122996252151007,29,0.7045454545454546,0.41935483870967744,4,1
0.8294323983098096,0.5183952489436311,-0.31103714936617854,0.6250000000000001,807.4999999999999,5.408651892851982,180.0,288.0,108.0,68.04380732825987,72.32251032837988,4.278703000120004,0.8818212414901401,0.4273199601243419,0.08587137939083882,0.7959498620993013,0.2742791652036377,0.1329123822643444,29,0.6739130434782609,0.4838709677419355,3,1
0.9297917570280134,0.5811198481425084,-0.34867190888550503,0.625,807.4999999999999,5.567141257336503,156.0,249.60000000000002,93.60000000000002,65.97612743385565,70.58861547268226,4.612488038826612,0.8952474603600821,0.4608091250839504,0.09714017170938004,0.798107288650702,0.3121476409286503,0.16067119727488044,29,0.7045454545454546,0.41935483870967744,3,0
0.5086010065107228,0.31787562906920175,-0.19072537744152107,0.625,807.4999999999999,8.820492003915312,180.0,288.0,108.0,56.67745416198975,62.53673299111247,5.859278829122722,0.9074838234628435,0.49517693382276795,0.10991403899962614,0.7975697844632174,0.1730801947520255,0.09444280760368252,29,0.6739130434782609,0.4838709677419355,2,0
0.9021474187316939,0.5638421367073086,-0.33830528202438526,0.625,861.3,6.12001290644482,156.0,249.60000000000002,93.60000000000002,63.89546090895414,68.82494622838927,4.929485319435123,0.8962544536151569,0.4634896090261341,0.09809006766400946,0.7981643859511474,0.30320761569588695,0.15680098289695837,31,0.717391304347826,0.3939393939393939,3,0
0.6042302181898437,0.37764388636865226,-0.22658633182119142,0.6249999999999999,861.3,7.919166992897062,180.0,288.0,108.0,59.44835217302289,64.98429577884008,5.535943605817188,0.9074657359241384,0.49512308404361594,0.10989296565807001,0.7975727702660683,0.20561933235646848,0.11218812341343841,31,0.6875,0.45454545454545453,2,0
0.9869166649237794,0.616822915577362,-0.37009374934641737,0.6249999999999999,1076.5,6.992121291389855,156.0,249.60000000000002,93.60000000000002,60.759124123526725,66.12702699699184,5.36790287346512,0.8950494205470775,0.46028490916981035,0.09695527350362837,0.798094147043449,0.3312521959006062,0.1703485678022303,39,0.7592592592592593,0.3170731707317073,3,0
0.7094698032237017,0.44341862701481355,-0.26605117620888813,0.625,1076.5,8.42961254782233,180.0,288.0,108.0,57.858597963707496,63.58550468341152,5.726906719704026,0.9079672907682885,0.4966198546407042,0.11048001092671834,0.7974872798415702,0.2415657656681007,0.1321262964558464,39,0.7321428571428571,0.36585365853658536,2,0
0.6335984176487557,0.39599901103047225,-0.23759940661828344,0.6249999999999999,861.3,8.71396406992698,156.0,249.60000000000002,93.60000000000002,55.097463117404736,61.12058880166476,6.023125684260023,0.8875007008175648,0.44099551917228164,0.09034338707415307,0.7971573137434118,0.2108696398875641,0.10478027367665596,31,0.717391304347826,0.3939393939393939,4,1
0.5239135760011567,0.32744598500072297,-0.19646759100043376,0.625,861.3,9.133185737468722,180.0,288.0,108.0,55.75502263004583,61.71183394921908,5.956811319173248,0.883728952852243,0.43183733774169963,0.08732959899261397,0.796399353859629,0.1736240984642161,0.08484204145015242,31,0.6875,0.45454545454545453,3,1
0.7853168699656132,0.49082304372850827,-0.29449382623710496,0.625,861.3,7.030479106345443,156.0,249.60000000000002,93.60000000000002,60.625326122729426,66.0108075785658,5.385481455836377,0.8961998529688949,0.4633436251864169,0.09803814204358431,0.7981617109253106,0.26392532377394073,0.13645183704371897,31,0.717391304347826,0.3939393939393939,3,0
0.5497583211788765,0.3435989507367978,-0.20615937044207866,0.625,861.3,8.70382460012477,180.0,288.0,108.0,57.02671938917532,62.8477202758003,5.821000886624979,0.9085366924187559,0.4983280812626679,0.11115331645500684,0.7973833759637491,0.18730335253257918,0.10273500350672063,31,0.6875,0.45454545454545453,2,0
0.824188595688323,0.5151178723052018,-0.30907072338312125,0.6249999999999999,915.0999999999999,7.1173341535096295,156.0,249.60000000000002,93.60000000000002,60.32365892690703,65.7484221773456,5.424763250438573,0.8949265200194128,0.4599600716222158,0.09684084101524729,0.7980856790041655,0.27659558691713926,0.1421601920636305,33,0.7291666666666666,0.37142857142857144,3,0
0.6225205128368285,0.38907532052301785,-0.23344519231381067,0.625,915.0999999999999,8.166620672018638,180.0,288.0,108.0,58.67095957952522,64.30208235503747,5.631122775512253,0.9077826139958962,0.496067872037034,0.11026320331509158,0.7975194106808047,0.21191748690340576,0.11580465978838822,33,0.7,0.42857142857142855,2,0
1.0626539712008907,0.6641587320005565,-0.39849523920033414,0.6249999999999999,1022.6999999999999,6.16924173666866,156.0,249.60000000000002,93.60000000000002,63.71363817211536,68.66987067050387,4.956232498388509,0.8971916531388113,0.4660069841462316,0.09898900099433666,0.7982026521444747,0.35752660242609385,0.18570156461637888,37,0.75,0.3333333333333333,3,0
0.8203855199132835,0.5127409499458022,-0.30764456996748124,0.6250000000000001,1022.6999999999999,6.925605741148662,180.0,288.0,108.0,62.69702821939284,67.7998629098975,5.1028346905046575,0.9099418371709802,0.5025849454755336,0.11284678279185234,0.7970950543791279,0.27993866519188604,0.15461752942295054,37,0.7222222222222222,0.38461538461538464,2,0
1.066922665592923,0.6668266659955767,-0.4000959995973462,0.6249999999999999,1103.4,6.629418561603234,156.0,249.60000000000002,93.60000000000002,62.04160846014621,67.2362470535725,5.194638593426291,0.8968464539899766,0.46507719629443794,0.0986562052651528,0.7981902487248238,0.3588246784944551,0.18607552574135436,40,0.7636363636363637,0.30952380952380953,3,0
0.586179736377182,0.36636233523573875,-0.21981740114144327,0.625,1103.4,10.457543343080703,180.0,288.0,108.0,52.0650368811105,58.357932954354744,6.292896073244243,0.9090170209315314,0.4997765700365844,0.11172704255719833,0.797289978374333,0.19981775913450617,0.10985958677682649,40,0.7368421052631579,0.35714285714285715,2,0
0.879244226887976,0.549527641804985,-0.32971658508299095,0.625,1130.3,8.240614608477795,156.0,249.60000000000002,93.60000000000002,56.584081759515904,62.45346928236775,5.869387522851845,0.8974270643054537,0.46664278286928046,0.09921709618372421,0.7982099681217295,0.2958965870038479,0.15385986482128278,41,0.7678571428571429,0.3023255813953488,3,0
0.8218700937315947,0.5136688085822466,-0.3082012851493481,0.6249999999999999,1130.3,7.640434288019218,180.0,288.0,108.0,60.33916431693071,65.76192045719677,5.422756140266053,0.9101936701262011,0.5033541613822266,0.1131551930319617,0.7970384770942394,0.28052285886769696,0.1551343994232746,41,0.7413793103448276,0.3488372093023256,2,0
0.951933494945436,0.5949584343408973,-0.35697506060453865,0.6249999999999999,888.1999999999999,5.981079323105544,156.0,249.60000000000002,93.60000000000002,64.41165672314092,69.26435378102681,4.852697057885891,0.8817613040328925,0.42717924847638356,0.08582625251043097,0.7959350515224616,0.31476679494587884,0.1524923381138583,32,0.723404255319149,0.38235294117647056,4,1
0.9061264159068982,0.5663290099418115,-0.3397974059650868,0.6250000000000001,888.1999999999999,5.445646830090254,180.0,288.0,108.0,67.90803460747277,72.20919717190264,4.301162564429873,0.8823403105479638,0.428541632244041,0.086263921362635,0.7960763891853289,0.2998169487026272,0.14561733498456933,32,0.6938775510204082,0.4411764705882353,3,1
0.9373059454112074,0.5858162158820046,-0.35148972952920277,0.625,888.1999999999999,6.074419746790251,156.0,249.60000000000002,93.60000000000002,64.06436153433881,68.96885975409724,4.904498219758423,0.8964996334966607,0.4641460535837194,0.09832383683637268,0.798175796660288,0.3151104137007707,0.16314257083618838,32,0.723404255319149,0.38235294117647056,3,0
0.8007245148515421,0.5004528217822137,-0.3002716930693283,0.6249999999999999,888.1999999999999,6.162474550138274,180.0,288.0,108.0,65.32955818897672,70.04265873782394,4.713100548847223,0.9076090261686317,0.4955499467269562,0.11006010835724814,0.7975489178113836,0.27252929893265937,0.1487996215041186,32,0.6938775510204082,0.4411764705882353,2,0
0.5684053016037045,0.3552533135023152,-0.2131519881013893,0.6249999999999998,941.9999999999999,10.623513752290068,156.0,249.60000000000002,93.60000000000002,49.616780635283604,56.08200252212914,6.465221886845534,0.8955374690713302,0.4615785227202584,0.09741206331133304,0.7981254057599972,0.19088559195184046,0.09838637978272537,34,0.7346938775510204,0.3611111111111111,3,0
0.6748467365891561,0.4217792103682225,-0.25306752622093354,0.625,941.9999999999999,7.754847211359288,180.0,288.0,108.0,59.97156445908096,65.44155426652915,5.469989807448194,0.9083212024093901,0.49768047479095917,0.1108976404641147,0.7974235619452754,0.2298665997077682,0.1259467666038077,34,0.7058823529411765,0.4166666666666667,2,0
0.9136759677816289,0.571047479863518,-0.34262848791811085,0.625,1049.6,7.363885409551658,156.0,249.60000000000002,93.60000000000002,59.47713463452064,65.00948934032677,5.532354705806128,0.8957597130073256,0.462169541861286,0.09762133579127615,0.7981383772160494,0.3069127960056609,0.15835245128973846,38,0.7547169811320755,0.325,3,0
0.6933378740547733,0.4333361712842333,-0.26000170277054,0.625,1049.6,8.41020133086002,180.0,288.0,108.0,57.91807097636839,63.638094835457245,5.720023859088855,0.9070942085796058,0.4940190942373991,0.10946170459009759,0.7976325039895081,0.23584603880399288,0.12844580570288364,38,0.7272727272727273,0.375,2,0
0.48162193895108946,0.3010137118444309,-0.18060822710665858,0.6249999999999999,915.0999999999999,12.17973096034846,156.0,249.60000000000002,93.60000000000002,45.72055681665138,52.37026302197223,6.649706205320847,0.8864298903159552,0.43836422860147445,0.08946946893584301,0.7969604213801122,0.1600965309443145,0.0791721861546903,33,0.7291666666666666,0.37142857142857144,4,1
0.7162452029483944,0.44765325184274657,-0.2685919511056479,0.6250000000000001,915.0999999999999,7.09797268862851,180.0,288.0,108.0,62.118847554216885,67.30278002503317,5.183932470816288,0.8827101517382296,0.42941547188762524,0.08654552278102161,0.7961646289572081,0.23708884191613358,0.11533753942924975,33,0.7,0.42857142857142855,3,1
0.9713330637030205,0.6070831648143878,-0.3642498988886327,0.625,915.0999999999999,6.039149556654177,156.0,249.60000000000002,93.60000000000002,64.19535377776813,69.08038022617598,4.885026448407842,0.8955452750856384,0.46159926080917923,0.09741940027264087,0.7981258748129976,0.32620227590013656,0.16813748407681112,33,0.7291666666666666,0.37142857142857144,3,0
0.5684699638936801,0.3552937274335501,-0.21317623646013,0.625,915.0999999999999,8.94310906783409,180.0,288.0,108.0,56.313370615001084,62.21176694161338,5.898396326612293,0.9068492523176362,0.493293405976347,0.10917901979438847,0.7976702325232478,0.19331871064575654,0.10515843175663667,33,0.7,0.42857142857142855,2,0
0.6200635847552946,0.3875397404720591,-0.23252384428323547,0.625,968.9,10.016549251716725,156.0,249.60000000000002,93.60000000000002,51.271580558107026,57.624909930074146,6.353329371967121,0.895193916307329,0.46066729790189015,0.09709011930764402,0.798103796999685,0.2081539307987451,0.10711613104371795,35,0.74,0.35135135135135137,3,0
0.8088226411671884,0.5055141507294928,-0.3033084904376956,0.6250000000000001,968.9,6.655078015632757,180.0,288.0,108.0,63.616738733519966,68.58716112299587,4.9704223894759,0.9086613199132634,0.49870325023246953,0.11130166847055539,0.7973596514427079,0.2756046932620159,0.1512609300043827,35,0.7115384615384616,0.40540540540540543,2,0
0.7180837184037195,0.44880232400232467,-0.26928139440139487,0.6249999999999999,1157.2,10.330200403984392,156.0,249.60000000000002,93.60000000000002,50.40659926439801,56.82083071160068,6.414231447202667,0.8965914297406534,0.46439221489960164,0.09841161477696625,0.7981798149636872,0.2414353904089034,0.12505218317731695,42,0.7719298245614035,0.29545454545454547,3,0
0.8342774336091305,0.5214233960057066,-0.3128540376034239,0.6250000000000001,1157.2,7.705936454588204,180.0,288.0,108.0,60.12837975577467,65.57830978336767,5.449930027593005,0.9088767726784396,0.4993529232376273,0.11155897524302827,0.7973177974354113,0.2843457680164191,0.1562245782239643,42,0.7457627118644068,0.3409090909090909,2,0
0.918343618594257,0.5739647616214105,-0.3443788569728464,0.6249999999999999,699.9,4.8854681087741145,156.0,249.60000000000002,93.60000000000002,68.63702274685512,72.81673773010783,4.179714983252708,0.8956767699923788,0.46194882669804294,0.09754314088511577,0.798133629107263,0.3084521422671065,0.15908540891821954,25,0.675,0.48148148148148145,3,0
0.666423617176067,0.41651476073504196,-0.24990885644102506,0.6250000000000001,699.9,5.834627154736696,180.0,288.0,108.0,66.49638345297271,71.02658428804308,4.530200835070374,0.9094375503180455,0.5010503920525783,0.11223372180855909,0.7972038285094865,0.22727649820450993,0.1252169304971871,25,0.6428571428571429,0.5555555555555556,2,0
0.6702060925409368,0.41887880783808545,-0.2513272847028513,0.625,699.9,6.694266900094496,156.0,249.60000000000002,93.60000000000002,61.8100135534817,67.0365711924327,5.226557638951,0.8862852494430892,0.4380107257074362,0.08935255804482224,0.796932691398267,0.22274766521472086,0.11008404636277534,25,0.675,0.48148148148148145,4,1
0.7130856488917052,0.4456785305573158,-0.2674071183343894,0.6250000000000001,699.9,5.4528279167820495,180.0,288.0,108.0,67.88170995434159,72.18721858468471,4.305508630343127,0.8814447941999413,0.4264374148715095,0.08558863562070337,0.7958561585792379,0.2357046123878552,0.11403240026075685,25,0.6428571428571429,0.5555555555555556,3,1
0.6618120356626137,0.41363252228913355,-0.24817951337348015,0.625,807.4999999999999,6.77852754161469,180.0,288.0,108.0,63.19519509142023,68.2268208676679,5.031625776247665,0.8855977911054136,0.43633677409734456,0.08880053285003647,0.7967972582553771,0.21978722884117047,0.10828984826243311,29,0.6808510638297872,0.46875,3,0
0.6618120356626137,0.41363252228913355,-0.24817951337348015,0.625,807.4999999999999,6.77852754161469,180.0,288.0,108.0,63.19519509142023,68.2268208676679,5.031625776247665,0.8855977911054136,0.43633677409734456,0.08880053285003647,0.7967972582553771,0.21978722884117047,0.10828984826243311,29,0.6808510638297872,0.46875,3,0
0.9442665064054849,0.5901665665034281,-0.3540999399020568,0.6250000000000001,1049.6,7.125324347060888,156.0,249.60000000000002,93.60000000000002,60.295997553000525,65.724338233276,5.4283406802754754,0.8714837476873062,0.4040921125921485,0.07865453074121652,0.7928292169460897,0.30859234268169433,0.14308899278377496,38,0.7592592592592593,0.3170731707317073,4,0
0.6699556550599239,0.41872228441245246,-0.2512333706474715,0.625,1049.6,8.7037269811381,180.0,288.0,108.0,57.027012794395525,62.847981217416844,5.82096842302132,0.8827065678577465,0.42940699052099457,0.0865427862869101,0.7961637815708363,0.22176534633556266,0.1078813656081763,38,0.7321428571428571,0.36585365853658536,3,0
0.6890587685981413,0.4306617303738382,-0.2583970382243031,0.6249999999999999,888.1999999999999,6.7135662115992485,192.0,307.20000000000005,115.20000000000005,64.14935203901955,69.04122577494705,4.891873735927504,0.8864674692499404,0.43845614617077006,0.08949988721272907,0.7969675820372113,0.22906056853637807,0.1132957695617691,32,0.6923076923076923,0.4444444444444444,6,3
0.8550227656145974,0.5343892285091233,-0.32063353710547415,0.6249999999999999,753.6999999999999,5.650621773722479,156.0,249.60000000000002,93.60000000000002,65.65744212619317,70.31975237086634,4.662310244673165,0.8987402071968615,0.47021518099388343,0.10050671163921307,0.7982334955576484,0.2881662515724364,0.15076675668275957,27,0.6904761904761905,0.4482758620689655,3,0
0.7083821283438976,0.44273883021493604,-0.26564329812896154,0.6250000000000001,1022.6999999999999,8.020623953274542,180.0,288.0,108.0,59.12808861119308,64.70365463853216,5.575566027339079,0.9110657856854082,0.5060329779133974,0.11423504527417387,0.7968307404112344,0.24201852012192546,0.13442426921493483,37,0.7222222222222222,0.38461538461538464,2,0
1.0593146367874162,0.662071647992135,-0.3972429887952812,0.6249999999999999,1130.3,6.839811864099499,156.0,249.60000000000002,93.60000000000002,61.29386341268299,66.59056469853914,5.296701285856152,0.8979292145111909,0.4680036828394699,0.09970676621342757,0.7982224482977633,0.35669608489902466,0.1859111817383499,41,0.7678571428571429,0.3023255813953488,3,0
0.5831587682639513,0.3644742301649695,-0.2186845380989818,0.6249999999999999,1130.3,10.767984271484401,180.0,288.0,108.0,51.24953621511196,57.60448258948048,6.354946374368524,0.9108135499117891,0.505255805112104,0.11392082807586959,0.7968927218359195,0.19918084045675352,0.11049163236276963,41,0.7413793103448276,0.3488372093023256,2,0
0.16956829392041403,0.10598018370025877,-0.06358811022015526,0.625,457.79999999999995,8.999323899055208,300.0,480.0,180.0,62.544684974645726,67.6690505871244,5.124365612478677,0.8878009694433201,0.44173789611005754,0.09059113367238908,0.797209835770931,0.05645358589852253,0.028089278026265832,16,0.40476190476190477,1.4705882352941178,2,0
0.6520634819304816,0.407539676206551,-0.24452380572393057,0.625,807.4999999999999,6.879868656084912,180.0,288.0,108.0,62.8514696771647,67.9323591276856,5.0808894505209,0.9108130593678577,0.5052542955864362,0.11392021850652505,0.7968928408613327,0.22271547557968488,0.1235467032151591,29,0.6739130434782609,0.4838709677419355,2,0
0.27882116667825724,0.1742632291739108,-0.10455793750434644,0.6250000000000001,672.9999999999999,8.745411355068395,276.0,441.6,165.60000000000002,62.23714721284725,67.40462346877695,5.167476255929699,0.8787426238713444,0.42018636209604243,0.08360570317798909,0.7951369206933553,0.09187951634914544,0.04393381938821669,24,0.5208333333333334,0.92,3,0
0.33397286535381643,0.20873304084613525,-0.12523982450768117,0.625,672.9999999999999,6.717112574270692,300.0,480.0,180.0,68.80307601827698,72.9548354635001,4.151759445223121,0.8883766484536687,0.44316678845815716,0.09106946201089497,0.7973071864427738,0.11126013554905945,0.05550213081413227,24,0.5,1.0,2,0
0.8660252614861136,0.541265788428821,-0.3247594730572926,0.625,968.9,6.215497419256388,180.0,288.0,108.0,65.1428509413013,69.88465762723781,4.74180668593651,0.9099778162479193,0.5026947245036757,0.11289075245398324,0.797087063793936,0.2955239160985001,0.16325487383849457,35,0.7115384615384616,0.40540540540540543,2,0
0.7465321506391998,0.4665825941494998,-0.27994955648969994,0.625,1076.5,8.011115864782049,180.0,288.0,108.0,59.158011954357235,64.72990020467482,5.571888250317585,0.9097409911318308,0.5019728466089307,0.11260189521339184,0.797139095918439,0.2546815869878561,0.14052707577804233,39,0.7321428571428571,0.36585365853658536,2,0
0.7091918484475723,0.4432449052797326,-0.26594694316783973,0.6249999999999999,1157.2,8.49852313802912,192.0,307.20000000000005,115.20000000000005,58.47804156752147,64.13225453668649,5.654212969165016,0.9259401361056807,0.5556067161284778,0.13599319118560058,0.7899469449200801,0.24625094875371925,0.14776190775789033,42,0.7377049180327869,0.35555555555555557,4,0
0.5402296164325604,0.3376435102703502,-0.20258610616221018,0.625,1157.2,11.156521504936272,192.0,307.20000000000005,115.20000000000005,51.160630560027634,57.522064112172025,6.3614335521443905,0.8655299992049625,0.3916017773729067,0.07495802856186728,0.7905719706430953,0.17534435230551423,0.07933307924417787,42,0.7419354838709677,0.34782608695652173,3,0
0.6963357340900155,0.4352098338062596,-0.2611259002837559,0.6249999999999999,888.1999999999999,8.176500881475274,156.0,249.60000000000002,93.60000000000002,56.7894772901176,62.63655878269103,5.84708149257343,0.8678303309657592,0.39635515913718244,0.0763502298477891,0.7914801011179702,0.2266129764669837,0.1034985977618081,32,0.7291666666666666,0.37142857142857144,4,0
0.7526742321919295,0.47042139511995595,-0.2822528370719736,0.625,888.1999999999999,6.5558833202970295,180.0,288.0,108.0,63.95770570128504,68.8779982825802,4.920292581295151,0.8852697448550931,0.43554157776566416,0.08853921194395813,0.796730532911135,0.2498698970593322,0.12293284598716231,32,0.7,0.42857142857142855,3,0
0.721526003931235,0.4509537524570218,-0.2705722514742132,0.6249999999999999,968.9,8.608002209286091,156.0,249.60000000000002,93.60000000000002,55.425709017643385,61.416069415113924,5.990360397470539,0.867856189928267,0.39640910481356356,0.07636613140461442,0.7914900585236525,0.2348178032647236,0.10725730399428327,35,0.7450980392156863,0.34210526315789475,4,0
0.6927654420029571,0.4329784012518482,-0.25978704075110887,0.6250000000000001,968.9,7.769985988641161,180.0,288.0,108.0,59.92312748005557,65.39928622073298,5.4761587406774055,0.8825655914023605,0.42907357630164256,0.08643526237281964,0.7961303290295408,0.2292791032591715,0.11146775465189883,35,0.7169811320754716,0.39473684210526316,3,0
0.8207946296425147,0.5129966435265716,-0.3077979861159431,0.6249999999999999,1211.0,9.45768921051725,156.0,249.60000000000002,93.60000000000002,52.86622413154342,59.093747130380514,6.227522998837095,0.8763987266948774,0.41488069128360744,0.0819493365524419,0.7944493901424355,0.2697537631112601,0.12769944125548469,44,0.7833333333333333,0.2765957446808511,4,0
0.8606996685132029,0.5379372928207519,-0.32276237569245103,0.6250000000000001,1211.0,7.816638049134528,180.0,288.0,108.0,59.7741607800699,65.2692114064901,5.495050626420202,0.8875713643216205,0.4411700464752273,0.09040158340290876,0.7971697809187118,0.2864746421450362,0.14239309228469338,44,0.7580645161290323,0.3191489361702128,3,0
0.9936721623134526,0.6210451014459077,-0.3726270608675448,0.6249999999999999,1291.7,8.332857172782758,156.0,249.60000000000002,93.60000000000002,56.29026840269443,62.191119646816695,5.900851244122265,0.869691896392822,0.4002681934215371,0.07750965904221357,0.7921822373506084,0.32407073521317853,0.1491507604734293,47,0.7936507936507936,0.26,4,0
0.6492561697745258,0.40578510610907864,-0.24347106366544718,0.625,1291.7,11.052819280259188,180.0,288.0,108.0,50.51733013142635,56.924058436991416,6.406728305565068,0.8928192401053209,0.4544472376932844,0.0949152421497758,0.7979039979555451,0.21737565004941875,0.11064475234100825,47,0.7692307692307693,0.3,3,0
1.203509287176682,0.7521933044854261,-0.45131598269125583,0.6249999999999999,1372.4,7.309819700746842,156.0,249.60000000000002,93.60000000000002,59.661525964058406,65.17077993999355,5.509253975935145,0.8701395412369204,0.4012181656907645,0.07779297789969863,0.7923465633372218,0.39270788213185925,0.1810761707223105,50,0.803030303030303,0.24528301886792453,4,0
0.7463328017532014,0.4664580010957509,-0.27987480065745046,0.6250000000000001,1372.4,10.215877456456361,180.0,288.0,108.0,52.712666424159885,58.95305383003753,6.240387405877648,0.8817012915409623,0.4270384343389533,0.08578111049323389,0.7959201810477284,0.24676597320944343,0.1195172966836843,50,0.7794117647058824,0.2830188679245283,3,0
0.5463414129824061,0.3414633831140037,-0.20487802986840242,0.6249999999999998,753.6999999999999,7.185105759976038,192.0,307.20000000000005,115.20000000000005,62.59143907682451,67.70920916496705,5.117770088142542,0.8563959887233733,0.37357463885989295,0.06983423864559764,0.7865617500777756,0.1754567229568473,0.07653723601841479,27,0.6595744680851063,0.5161290322580645,3,0
0.541739579732129,0.3385872373325806,-0.20315234239954844,0.6249999999999999,834.4,8.021997092186236,192.0,307.20000000000005,115.20000000000005,59.931828960562186,65.40688042578499,5.475051465222805,0.8175986847435632,0.3095075034100313,0.053416001709265956,0.7641826830342973,0.16609708794844483,0.06287717430798409,30,0.68,0.47058823529411764,6,3
0.6770713631986972,0.4231696019991857,-0.2539017611995115,0.6249999999999999,726.8,6.881068395750641,156.0,249.60000000000002,93.60000000000002,61.14847118767516,66.46468076215521,5.316209574480048,0.8683072991474562,0.3973520350191355,0.07664444984828207,0.7916628492991741,0.22046475251593023,0.10088838150756849,26,0.6904761904761905,0.4482758620689655,4,0
0.6440578294524505,0.40253614340778154,-0.24152168604466895,0.625,726.8,6.269278305661648,180.0,288.0,108.0,64.95404866367561,69.72472311045644,4.770674446780831,0.8862731581645844,0.4379811951723329,0.08934279697000526,0.7969303611945792,0.214054187456044,0.10578195671388106,26,0.6590909090909091,0.5172413793103449,3,0
0.6440578294524505,0.40253614340778154,-0.24152168604466895,0.625,726.8,6.269278305661648,180.0,288.0,108.0,64.95404866367561,69.72472311045644,4.770674446780831,0.8862731581645844,0.4379811951723329,0.08934279697000526,0.7969303611945792,0.214054187456044,0.10578195671388106,26,0.6590909090909091,0.5172413793103449,3,0
0.5463414129824061,0.3414633831140037,-0.20487802986840242,0.6249999999999998,753.6999999999999,7.185105759976038,192.0,307.20000000000005,115.20000000000005,62.59143907682451,67.70920916496705,5.117770088142542,0.8563959887233733,0.37357463885989295,0.06983423864559764,0.7865617500777756,0.1754567229568473,0.07653723601841479,27,0.6595744680851063,0.5161290322580645,3,0
0.919965339032019,0.5749783368950119,-0.34498700213700717,0.625,646.0999999999999,5.320523243676913,132.0,211.20000000000002,79.20000000000002,65.1515177931497,69.89199543902026,4.74047764587057,0.8338982062137243,0.33423897159573684,0.05944597613912364,0.7744522300746007,0.28768404224910055,0.11530810080816954,23,0.7105263157894737,0.4074074074074074,5,2
0.6953987528729102,0.4346242205455688,-0.2607745323273414,0.6249999999999999,646.0999999999999,5.955815493709391,156.0,249.60000000000002,93.60000000000002,64.50600585010812,69.34453275353879,4.838526903430662,0.8742176839278492,0.410037962509872,0.0804583982203813,0.7937592857074679,0.22797370767857641,0.10692745790996781,23,0.675,0.48148148148148145,4,2
0.6187083825379621,0.3866927390862263,-0.2320156434517358,0.625,646.0999999999999,5.801512547349731,180.0,288.0,108.0,66.6154169796774,71.12662689195108,4.511209912273671,0.8852045572159746,0.43538383555946747,0.08848744371699867,0.7967171134989759,0.20538130492887322,0.10101586075581458,23,0.6341463414634146,0.5769230769230769,3,0
0.8458926757792516,0.5286829223620323,-0.31720975341721935,0.625,861.3,6.527014601548191,156.0,249.60000000000002,93.60000000000002,62.40935883070033,67.55275302443046,5.143394193730131,0.8570167406567879,0.3747587249766183,0.0701634185346878,0.7868533221221001,0.2718540689781687,0.1188771227407846,31,0.7346938775510204,0.3611111111111111,6,3
0.5908555723394084,0.36928473271213025,-0.2215708396272782,0.625,861.3,8.098425781201444,180.0,288.0,108.0,58.88393634327273,64.4893221449136,5.605385801640871,0.8893917426398252,0.44570442996979964,0.09192377445523557,0.7974679681845896,0.1970632751742742,0.09875510477400593,31,0.6938775510204082,0.4411764705882353,6,3
1.1133879031342626,0.695867439458914,-0.41752046367534856,0.6249999999999999,1049.6,7.141729427031762,132.0,211.20000000000002,79.20000000000002,58.134595202599115,63.82938678397792,5.6947915813788015,0.8856825644831807,0.4365426442370173,0.08886828252668245,0.7968142819564983,0.3697905949921894,0.1822654872359022,38,0.7924528301886793,0.2619047619047619,3,0
0.8448509395753349,0.5280318372345842,-0.3168191023407506,0.625,1049.6,7.963777766036535,156.0,249.60000000000002,93.60000000000002,57.47790583436838,63.24837995804073,5.770474123672351,0.8675363783771878,0.39574273508942537,0.07616986648984737,0.7913665118873404,0.2748520966454064,0.12537885808890523,38,0.7636363636363637,0.30952380952380953,2,0
0.5002245523633787,0.31264034522711165,-0.18758420713626706,0.6249999999999999,1049.6,11.656987014254371,180.0,288.0,108.0,49.01391275687932,55.51503967204949,6.501126915170168,0.9065546222188045,0.49242286032136384,0.10884073793882354,0.7977138842799809,0.17005533003463255,0.09237075182915581,38,0.7272727272727273,0.375,2,0
0.5339575931935834,0.33372349574598953,-0.20023409744759385,0.6249999999999999,834.4,8.138911008533547,192.0,307.20000000000005,115.20000000000005,59.57107569716456,65.09168487824618,5.520609181081625,0.8636977828593579,0.3878789432881993,0.07387988354129453,0.7898178993180635,0.17294174601833143,0.07766659012823902,30,0.68,0.47058823529411764,3,0
0.5956304813189953,0.3722690508243721,-0.2233614304946232,0.6250000000000001,807.4999999999999,8.069680397154537,168.0,268.8,100.80000000000001,58.094046336588875,63.79358390772919,5.6995375711403184,0.8197543077524155,0.3126194786684127,0.05415502660617665,0.7655992811462389,0.18310149483370913,0.06982713395586002,29,0.6956521739130435,0.4375,6,3
0.5584320843710413,0.3490200527319008,-0.20941203163914052,0.625,834.4,8.301019381392733,180.0,288.0,108.0,58.254032306921836,63.9347892887207,5.680756981798865,0.814925067689344,0.30571065637391204,0.052521765938143415,0.7624033017512006,0.17065511405848963,0.06401948964499608,30,0.6938775510204082,0.4411764705882353,6,3
0.5830902628582895,0.36443141428643083,-0.21865884857185863,0.6249999999999999,807.4999999999999,8.243230808702034,168.0,268.8,100.80000000000001,57.544493724370454,63.307408795392085,5.762915071021631,0.883120189840095,0.43038760048320684,0.08685960890830409,0.7962605809317909,0.1931020438609964,0.09410805716126312,29,0.6956521739130435,0.4375,3,0
0.34878664776000085,0.21799165485000055,-0.1307949929100003,0.6250000000000001,834.4,13.290518961451955,180.0,288.0,108.0,45.27007410799699,51.933680870452726,6.663606762455736,0.8406432024220939,0.34534522310562893,0.06227538595114408,0.7783678164709498,0.10995192170063771,0.04516942600760321,30,0.6938775510204082,0.4411764705882353,3,0
0.6231692790667409,0.38948079941671304,-0.23368847965002787,0.625,834.4,8.583089905728658,156.0,249.60000000000002,93.60000000000002,55.50326069796276,61.48578129411202,5.982520596149264,0.8854344509249117,0.43594054244312047,0.08867024809935367,0.796764202825558,0.20691583066639982,0.10187428258134126,30,0.7291666666666666,0.37142857142857144,3,0
0.627400052276022,0.39212503267251375,-0.23527501960350827,0.625,861.3,8.171477983923097,168.0,268.8,100.80000000000001,57.770896895947054,63.50791566746022,5.7370187715131635,0.8542294355383232,0.36948677446471356,0.06870553398136824,0.785523901556955,0.2009788471921728,0.08693100810542252,31,0.7254901960784313,0.3783783783783784,3,0
0.7351077029973512,0.45944231437334443,-0.27566538862400675,0.6249999999999999,861.3,6.974196697139205,168.0,268.8,100.80000000000001,61.716595671371024,66.9559506407625,5.239354969391471,0.879821967483494,0.42266573715387334,0.0843880877563907,0.7954338797271032,0.2425364645862756,0.11651431469057479,31,0.7083333333333334,0.4117647058823529,6,3
0.6016815653085756,0.37605097831785983,-0.2256305869907158,0.6250000000000001,888.1999999999999,8.201089627723242,180.0,288.0,108.0,58.56367601899081,64.20766569982624,5.643989680835425,0.8854060947830412,0.43587181435479094,0.08864766448549936,0.7967584302975419,0.19977469689105495,0.0983460133255798,32,0.7058823529411765,0.4166666666666667,6,3
0.8514325708485576,0.5321453567803485,-0.31928721406820915,0.625,888.1999999999999,6.687070636627605,156.0,249.60000000000002,93.60000000000002,61.83566452849153,67.05870039339823,5.223035864906699,0.8849174829545339,0.4346902500041396,0.08826009428377035,0.7966573886707635,0.2825428378128051,0.13879103890643507,32,0.74,0.35135135135135137,6,3
0.7571212625221367,0.4732007890763355,-0.28392047344580124,0.625,915.0999999999999,7.19438758248392,168.0,268.8,100.80000000000001,60.96713869152129,66.3075233075781,5.340384616056802,0.8780325401008315,0.41856774176812656,0.08309782117529503,0.7949347189255365,0.24929141448624756,0.11883995141194637,33,0.7358490566037735,0.358974358974359,6,3
0.7901711696011513,0.49385698100071956,-0.29631418860043174,0.625,834.4,6.769062393680827,156.0,249.60000000000002,93.60000000000002,61.54413490527218,66.80699715414998,5.262862248877802,0.823729005615363,0.31847997254556903,0.055561889698208876,0.7681671159171541,0.24408259192555676,0.09437013465032806,30,0.7291666666666666,0.37142857142857144,6,3
0.6613265607686954,0.41332910048043464,-0.2479974602882608,0.625,861.3,7.75227552984803,168.0,268.8,100.80000000000001,59.11631216930732,64.69332422188727,5.577012052579946,0.8161171065515964,0.30739498804776016,0.05291745911243594,0.7631996474391605,0.20239496972259985,0.0762331763411848,31,0.7254901960784313,0.3783783783783784,6,3
0.7292145735221474,0.45575910845134204,-0.2734554650708053,0.6249999999999999,834.4,6.8109810843156735,168.0,268.8,100.80000000000001,62.2790347497494,67.44066721650663,5.161632466757226,0.8865347472916469,0.4386207841951248,0.08955439068212562,0.7969803566095213,0.24242777162206616,0.11994325053179919,30,0.7021276595744681,0.42424242424242425,6,3
0.5420275487501793,0.3387672179688621,-0.20326033078131722,0.625,861.3,8.827964576769894,180.0,288.0,108.0,56.65517836411852,62.516873606433414,5.8616952423148945,0.8757612098821593,0.41345588245374404,0.08150862623786476,0.7942525836442946,0.1780075132060943,0.08403917943102943,31,0.7,0.42857142857142855,6,3
0.6907674250505643,0.4317296406566027,-0.25903778439396163,0.625,780.5999999999999,6.726473199121182,168.0,268.8,100.80000000000001,62.572552797157094,67.69298845610857,5.120435658951472,0.8501663303149818,0.3620035062680769,0.06666989332920203,0.7834964369857798,0.2202252025711378,0.09377258620652824,28,0.6888888888888889,0.45161290322580644,3,0
0.46479974700259913,0.2904998418766245,-0.17429990512597465,0.625,807.4999999999999,9.651707299845032,180.0,288.0,108.0,54.2689188260793,60.371711569867536,6.102792743788235,0.8366048574283312,0.3386301551338605,0.06055533940009838,0.7760495180282329,0.1458201472776877,0.059023203912625964,29,0.6875,0.45454545454545453,3,0
0.7200383381386626,0.45002396133666406,-0.2700143768019985,0.6249999999999999,780.5999999999999,6.4530294087393125,168.0,268.8,100.80000000000001,63.53303004199601,68.51567436284732,4.982644320851314,0.8070285647252404,0.2948865089127433,0.05001635165807653,0.7570122130671639,0.21790931496569713,0.07962359693139137,28,0.6888888888888889,0.45161290322580644,6,3
0.5270999445228101,0.3294374653267563,-0.1976624791960538,0.625,807.4999999999999,8.510930721444945,180.0,288.0,108.0,57.61029327801061,63.36571313646558,5.755419858454971,0.8064459486697796,0.2941101131804273,0.04983909586317534,0.7566068528066042,0.15940410555168216,0.05813453412787523,29,0.6875,0.45454545454545453,6,3
0.6323748125588894,0.3952342578493058,-0.23714055470958356,0.6249999999999999,941.9999999999999,7.758452586286568,192.0,307.20000000000005,115.20000000000005,60.754746655133545,66.12322615642795,5.368479501294402,0.7668191215788607,0.24747054015293135,0.03975414708536534,0.7270649744934954,0.18184391185312662,0.05868530116614641,34,0.7037037037037037,0.42105263157894735,6,3
0.8093499306105079,0.5058437066315674,-0.30350622397894045,0.625,915.0999999999999,6.281447241311327,180.0,288.0,108.0,64.9114089688075,69.68858053620528,4.777171567397772,0.7886952632709631,0.2718005570047376,0.04488050248941952,0.7438147607815435,0.23937392122544632,0.08249316073188066,33,0.7058823529411765,0.4166666666666667,6,3
0.6410385240969354,0.40064907756058465,-0.24038944653635075,0.625,968.9,8.39696457457183,180.0,288.0,108.0,57.95867082155974,63.673984193417276,5.715313371857533,0.7668191215788607,0.24747054015293135,0.03975414708536534,0.7270649744934954,0.18433522422983298,0.05948930618141493,35,0.7222222222222222,0.38461538461538464,6,3
0.6879961331387164,0.42999758321169773,-0.2579985499270187,0.6249999999999999,915.0999999999999,7.917230267957856,168.0,268.8,100.80000000000001,58.582263947504785,64.22402901229042,5.641765064785631,0.7909885047980613,0.2745435964565501,0.04547645924508629,0.745512045552975,0.20407388724684047,0.07083184977753851,33,0.72,0.3888888888888889,6,3
0.633822568237299,0.39613910514831185,-0.23768346308898713,0.625,888.1999999999999,8.341300904775261,168.0,268.8,100.80000000000001,57.236882122300045,63.034498107757265,5.79761598545722,0.7863836557222772,0.2690747588382827,0.044291993192236485,0.7420916625300407,0.18691039060864864,0.06395462051051708,32,0.7142857142857143,0.4,6,3
0.6843197488243802,0.4276998430152376,-0.25661990580914257,0.625,941.9999999999999,7.647497156590734,180.0,288.0,108.0,60.316393494074156,65.74209677896394,5.425703284889785,0.761424079998924,0.24193827059114945,0.0386270804859752,0.7227969995129488,0.1953965756901369,0.062086176210727616,34,0.7169811320754716,0.39473684210526316,6,3
0.9388184076209051,0.5867615047630657,-0.3520569028578394,0.625,968.9,6.61565366153898,156.0,249.60000000000002,93.60000000000002,62.09089592570271,67.2787062768988,5.187810351196092,0.7622596360689361,0.24278388133096263,0.03879845743689524,0.7234611786320408,0.2683587666479735,0.08547374132518393,35,0.7547169811320755,0.325,6,3
0.8323221212724509,0.5202013257952818,-0.3121207954771691,0.625,995.8,7.121498757379168,168.0,268.8,100.80000000000001,61.214041481993185,66.52146674070633,5.307425258713145,0.755518882071197,0.23607530085516146,0.03744763253644468,0.7180712495347523,0.2358131544700835,0.073684010695425,36,0.75,0.3333333333333333,6,3
