IAJD_id,family,log10_flux_total,SMILES_canonical,holdout
IAJD_001,G1-Janus-Dendrimer,6.379305517750582,CCCCCCCCCCCCOc1cc(CNC(=O)c2cc(OCCOCCOCCOC)c(OCCOCCOCCOC)c(OCCOCCOCCOC(=O)CCCN(C)C)c2)cc(OCCCCCCCCCCCC)c1,
IAJD_002,G1-Janus-Dendrimer,5.652246341003323,CCCCCCCCCCCCOc1cc(CNC(=O)c2cc(OCCOCCOCCOC)c(OCCOCCOCCOC(=O)CCCN(C)C)c(OCCOCCOCCOC)c2)cc(OCCCCCCCCCCCC)c1,
IAJD_008,G1-Janus-Dendrimer,5.597585501752205,CCCCCCCCCCCCOc1cc(CNC(=O)c2cc(OCCOCCOCCOCc3ccccc3)c(OCCOCCOCCOC(=O)CCCN(C)C)c(OCCOCCOCCOC(=O)CCCN(C)C)c2)cc(OCCCCCCCCCCCC)c1,
IAJD_010,PE-Gallic,5.0,CCCCCCCCCCCCOc1cc(OCCCCCCCCCCCC)cc(C(=O)OCC(COC(=O)c2cc(OCCCCCCCCCCCC)cc(OCCCCCCCCCCCC)c2)(COC(=O)c2cc(OCCOCCOCCOC)c(OCCOCCOCCOC)c(OCCOCCOCCOC(=O)CCCN(C)C)c2)COC(=O)c2cc(OCCOCCOCCOC)c(OCCOCCOCCOC)c(OCCOCCOCCOC(=O)CCCN(C)C)c2)c1,
IAJD_017,PE-Gallic,5.552303109338354,CCCCCCCCCCCCOc1cc(OCCCCCCCCCCCC)cc(C(=O)OCC(COC(=O)c2cc(OCCCCCCCCCCCC)cc(OCCCCCCCCCCCC)c2)(COC(=O)c2cc(OCCOCCOCCOCc3ccccc3)c(OCCOCCOCCOC(=O)CCCN(C)C)c(OCCOCCOCCOC(=O)CCCN(C)C)c2)COC(=O)c2cc(OCCOCCOCCOCc3ccccc3)c(OCCOCCOCCOC(=O)CCCN(C)C)c(OCCOCCOCCOC(=O)CCCN(C)C)c2)c1,X3
IAJD_018,PE-Gallic,6.019116290447073,CCCCCCCCCCCCOc1cc(OCCCCCCCCCCCC)cc(C(=O)OCC(COC(=O)c2cc(OCCCCCCCCCCCC)cc(OCCCCCCCCCCCC)c2)(COC(=O)c2cc(OCCOCCOCCOC(=O)CCCN(C)C)c(OCCOCCOCCOCc3ccccc3)c(OCCOCCOCCOC(=O)CCCN(C)C)c2)COC(=O)c2cc(OCCOCCOCCOC(=O)CCCN(C)C)c(OCCOCCOCCOCc3ccccc3)c(OCCOCCOCCOC(=O)CCCN(C)C)c2)c1,
IAJD_019,G1-Janus-Dendrimer,6.943395576508954,CCCCCCCCOc1cc(CNC(=O)c2cc(OCCOCCOCCOC(=O)CCCN(C)C)c(OCCOCCOCCOCc3ccccc3)c(OCCOCCOCCOC(=O)CCCN(C)C)c2)cc(OCCCCCCCC)c1,
IAJD_020,G1-Janus-Dendrimer,5.989983458301399,CCCCCCCCCOc1cc(CNC(=O)c2cc(OCCOCCOCCOC(=O)CCCN(C)C)c(OCCOCCOCCOCc3ccccc3)c(OCCOCCOCCOC(=O)CCCN(C)C)c2)cc(OCCCCCCCCC)c1,
IAJD_022,G1-Janus-Dendrimer,5.764475027434409,CCCCCCCCCCCOc1cc(CNC(=O)c2cc(OCCOCCOCCOC(=O)CCCN(C)C)c(OCCOCCOCCOCc3ccccc3)c(OCCOCCOCCOC(=O)CCCN(C)C)c2)cc(OCCCCCCCCCCC)c1,
IAJD_023,G1-Janus-Dendrimer,6.744684063276886,CCCCC(CC)COc1cc(CNC(=O)c2cc(OCCOCCOCCOC(=O)CCCN(C)C)c(OCCOCCOCCOCc3ccccc3)c(OCCOCCOCCOC(=O)CCCN(C)C)c2)cc(OCCCCC(C)CC)c1,
IAJD_025,G1-Janus-Dendrimer,5.834357112718405,CC(C)CCCC(C)COc1cc(CNC(=O)c2cc(OCCOCCOCCOC(=O)CCCN(C)C)c(OCCOCCOCCOCc3ccccc3)c(OCCOCCOCCOC(=O)CCCN(C)C)c2)cc(OCC(C)CCCC(C)C)c1,
IAJD_026,PE-Gallic,7.171141151028382,CCCCCCCCCCOc1cc(COC(=O)c2cc(OCCOCCOCCOC(=O)CCCN(C)C)c(OCCOCCOCCOC(=O)Cc3ccccc3)c(OCCOCCOCCOC(=O)CCCN(C)C)c2C(=O)OCc2cc(OCCCCCCCCCC)cc(OCCCCCCCCCC)c2)cc(OCCCCCCCCCC)c1,
IAJD_027,PE-Gallic,7.679200636265943,CCCCCCCCCCCOc1cc(COC(=O)c2cc(OCCOCCOCCOC(=O)CCCN(C)C)c(OCCOCCOCCOC(=O)Cc3ccccc3)c(OCCOCCOCCOC(=O)CCCN(C)C)c2C(=O)OCc2cc(OCCCCCCCCCCC)cc(OCCCCCCCCCCC)c2)cc(OCCCCCCCCCCC)c1,
IAJD_028,PE-Gallic,7.248463440928758,CCCCCCCCCCCCOc1cc(COC(=O)c2cc(OCCOCCOCCOC(=O)CCCN(C)C)c(OCCOCCOCCOC(=O)Cc3ccccc3)c(OCCOCCOCCOC(=O)CCCN(C)C)c2C(=O)OCc2cc(OCCCCCCCCCCCC)cc(OCCCCCCCCCCCC)c2)cc(OCCCCCCCCCCCC)c1,
IAJD_029,PE-Gallic,7.668678108222505,CCCCC(CC)COc1cc(COC(=O)c2cc(OCCOCCOCCOC(=O)CCCN(C)C)c(OCCOCCOCCOC(=O)Cc3ccccc3)c(OCCOCCOCCOC(=O)CCCN(C)C)c2C(=O)OCc2cc(OCC(CC)CCCC)cc(OCC(CC)CCCC)c2)cc(OCCCCC(C)CC)c1,
IAJD_030,G1-Janus-Dendrimer,7.003321417528059,CCCCCCCCCCCCOCC(COCCCCCCCCCCCC)(COCCCCCCCCCCCC)COC(=O)C(C)(COC(=O)CCCN(C)C)COC(=O)CCCN(C)C,
IAJD_031,G1-Janus-Dendrimer,8.14566222089621,CCCCCCCCCCCCOc1cc(COC(=O)CC(COCCOCCOCOC(=O)CCCN(C)C)(COCCOCCOCOC(=O)CCCN(C)C)COCCOCCOCOc2ccccc2)cc(OCCCCCCCCCCCC)c1OCCCCCCCCCCCC,
IAJD_034,G1-Janus-Dendrimer,8.1785450998039,CCCCCCCCCCCOc1cc(CNC(=O)c2cc(OCCOCCOCCOC(=O)CCCN3CCCCC3)c(OCCOCCOCCOCc3ccccc3)c(OCCOCCOCCOC(=O)CCCN3CCCCC3)c2)cc(OCCCCCCCCCCC)c1,
IAJD_040,PE-Gallic,5.451939869365103,CCCCCCCCCCCCOc1cc(COC(=O)c2cc(OCCOCCOCCOC(=O)CCCN(C)C)c(OCCOCCOCCOC(=O)CCCN(C)C)c(OCCOCCOCCO)c2C(=O)OCc2cc(OCCCCCCCCCCCC)cc(OCCCCCCCCCCCC)c2)cc(OCCCCCCCCCCCC)c1,
IAJD_044,G1-Janus-Dendrimer,7.678381765483579,CCCCCCCCCCCCOc1cc(CNC(=O)c2cc(OCCOCCOCCOC)c(OCCOCCOCCOC)c(OCCOCCOCCOC(=O)CCCN3CCCCC3)c2)cc(OCCCCCCCCCCCC)c1,
IAJD_045,G1-Janus-Dendrimer,5.94875518016827,CCCCCCCCCCCCOc1cc(CNC(=O)c2cc(OCCOCCOCCOC)c(OCCOCCOCCOC)c(OCCOCCOCCOC(=O)CCCN3CCN(C)CC3)c2)cc(OCCCCCCCCCCCC)c1,
IAJD_046,PE-Gallic,7.746011079775507,CCCCCCCCCCCCOc1cc(OCCCCCCCCCCCC)cc(C(=O)OCC(COC(=O)c2cc(OCCCCCCCCCCCC)cc(OCCCCCCCCCCCC)c2)(COC(=O)c2cc(OCCOCCOCCOC(=O)CCCN3CCCCC3)c(OCCOCCOCCOCc3ccccc3)c(OCCOCCOCCOC(=O)CCCN3CCCCC3)c2)COC(=O)c2cc(OCCOCCOCCOC(=O)CCCN3CCCCC3)c(OCCOCCOCCOCc3ccccc3)c(OCCOCCOCCOC(=O)CCCN3CCCCC3)c2)c1,
IAJD_047,PE-Gallic,6.237040791379191,CCCCCCCCCCCCOc1cc(COC(=O)c2cc(OCCOCCOCCOC(=O)CCCN3CCCCC3)c(OCCOCCOCCOC(=O)Cc3ccccc3)c(OCCOCCOCCOC(=O)CCCN3CCCCC3)c2C(=O)OCc2cc(OCCCCCCCCCCCC)cc(OCCCCCCCCCCCC)c2)cc(OCCCCCCCCCCCC)c1,
IAJD_054,PE-Gallic,6.699577591398909,CCCCCCCCCCCCOc1cc(CNC(=O)c2cc(OCCOCCOCCOCCOC(=O)CCCN3CCCCC3)c(OCCOCCOCCOCCOC(=O)Cc3ccccc3)c(OCCOCCOCCOCCOC(=O)CCCN3CCCCC3)c2)cc(OCCCCCCCCCCCC)c1,
IAJD66,sSS-Nonsym,7.41161970596323,CCCCCCCCCCCCOC1=CCCN(C)CCN2CCCC(=O)OCC(=C1)C=C2OCCCCCCCCCCCC,train
IAJD_070,sSS-Nonsym,6.8208579894397,CCCCCCCCCCCCOc1cc(CNC(=O)CCCN2CCN(C)CC2)cc(OCCCCCCCCCCCC)c1,X3
IAJD71,sSS-Nonsym,7.578639209968072,CCCCCCCCCCCCOC1=CCCN(CCO)CCN2CCCC(=O)OCC(=C1)C=C2OCCCCCCCCCCCC,train
IAJD74,sSS-Nonsym,7.232996110392154,CCCCCCCCCCCCCCOC1=CCCN(C)CCN2CCCC(=O)OCC(=C1)C=C2OCCCCCCCCCCCCCC,train
IAJD_075,sSS-Nonsym,7.194296567538006,CCCCCCCCCCCCCCCCOc1cc(COC(=O)CCCN2CCN(C)CC2)cc(OCCCCCCCCCCCCCCCC)c1,
IAJD76,sSS-Nonsym,7.8926510338773,CCCCC(CC)COC1=CCCN(C)CCN2CCCC(=O)OCC(=C1)C=C2OCCCCC(C)CC,train
IAJD77,sSS-Nonsym,6.38738982633873,CCCCCCCCCOC1=CCCN(C)CCN2CCCC(=O)OCC(=C1)C=C2OCCCCCCCCC,X3
IAJD_078,sSS-Nonsym,7.049218022670182,CCCCCCCCCCCCOc1ccc(COC(=O)CCCN2CCN(C)CC2)cc1OCCCCCCCCCCCC,
IAJD_079,GA-Tris,7.127104798364807,CCCCCCCCCCCCOc1cc(COC(=O)CCCN2CCN(C)CC2)cc(OCCCCCCCCCCCC)c1OCCCCCCCCCCCC,
IAJD_081,Dialkoxybenzyl,7.3654879848909,CCCCCCCCCCCCCCCCCCOc1cc(COC(=O)CCCN2CCN(C)CC2)cc(OCCCCCCCCCCC)c1,
IAJD_082,PE-Tris,6.209515014542631,CCCCCCCCCCCCOCC(COCCCCCCCCCCCC)(COCCCCCCCCCCCC)COC(=O)CCCN1CCN(C)CC1,
IAJD_083,PE-Tris,7.851869600729766,CCCCCCCCCCCCOCC(COCCCCCCCCCCCC)(COCCCCCCCCCCCC)COC(=O)CCCN1CCN(CCO)CC1,
IAJD_086,Dialkoxybenzyl,7.674861140737812,CCCCCCCCCCCOc1cc(COC(=O)CCCN2CCN(C)CC2)cc(OCCCCCCCCCCC)c1,
IAJD87,sSS-Nonsym,7.510545010206612,CCCCC(CC)COC1=CCCN(CCO)CCN2CCCC(=O)OCC(=C1)C=C2OCCCCC(C)CC,train
IAJD_087,Dialkoxybenzyl,7.510545010206612,CCCCC(CC)COc1cc(COC(=O)CCCN2CCN(CCO)CC2)cc(OCC(CC)CCCC)c1,X2
IAJD88,sSS-Nonsym,6.385606273598312,CCCCCCCCOC1=CCCN(C)CCN2CCCC(=O)OCC(=C1)C=C2OCCCCCCCC,train
IAJD_089,sSS-Nonsym,7.77232170672292,CCCCCCCCOc1cc(COC(=O)CCCN2CCN(CCO)CC2)cc(OCCCCCCCC)c1,
IAJD91,sSS-Nonsym,7.997386384397314,CCCCCCCCCCOC1=CCCN(CCO)CCN2CCCC(=O)OCC(=C1)C=C2OCCCCCCCCCC,train
IAJD_092,PE-Tris,6.222716471147583,CCCCC(CC)COCC(COCC(CC)CCCC)(COCC(CC)CCCC)COC(=O)CCCN1CCN(C)CC1,
IAJD_093,PE-Tris,8.656950285439562,CCCCC(CC)COCC(COCC(CC)CCCC)(COCC(CC)CCCC)COC(=O)CCCN1CCN(CCO)CC1,X2
IAJD95,sSS-Nonsym,7.820201459485641,CCCCC(CC)COC(=O)CCCCOc1cc(COC(=O)CCCN2CCN(CCO)CC2)cc(OCCCCC(=O)OCC(CC)CCCC)c1,X3
IAJD_096,GA-Tris,7.680335513414564,CCCCC(CC)COc1cc(COC(=O)CCCN2CCN(C)CC2)cc(OCC(CC)CCCC)c1OCC(CC)CCCC,
IAJD_097,GA-Tris,7.915720523073849,CCCCC(CC)COc1cc(COC(=O)CCCN2CCN(CCO)CC2)cc(OCC(CC)CCCC)c1OCC(CC)CCCC,
IAJD98,sSS-Nonsym,6.313867220369153,CCCCCCCCCCCCCCCCCCOC1=CCCN(C)CCN2CCCC(=O)OCC(=C1)C=C2OCCCCCCCCCCCCCCCCCC,train
IAJD99,sSS-Nonsym,6.652246341003323,CCCCCCCCCCCCCCCCCCOC1=CCCN(CCO)CCN2CCCC(=O)OCC(=C1)C=C2OCCCCCCCCCCCCCCCCCC,train
IAJD_100,PE-Tris,5.698970004336019,CCCCCCCCCCCCCCCCOCC(COCCCCCCCCCCCCCCCC)(COCCCCCCCCCCCCCCCC)COC(=O)CCCN1CCN(C)CC1,
IAJD_101,PE-Tris,5.698970004336019,CCCCCCCCCCCCCCCCOCC(COCCCCCCCCCCCCCCCC)(COCCCCCCCCCCCCCCCC)COC(=O)CCCN1CCN(CCO)CC1,
IAJD_105,Dialkoxybenzyl,7.675778341674085,CCCCCCCCCCCCCCOc1cc(COC(=O)CCCN2CCN(C)CC2)cc(OCCCCCCCCCCC)c1,
IAJD_106,Dialkoxybenzyl,7.541579243946581,CCCCCCCCCCCCCCCCOc1cc(COC(=O)CCCN2CCN(C)CC2)cc(OCCCCCCCCCCCC)c1,
IAJD_107,Dialkoxybenzyl,7.340444114840118,CCCCCCCCCCCCCCCCCCOc1cc(COC(=O)CCCN2CCN(C)CC2)cc(OCCCCCCCCCCCC)c1,
IAJD_108,sSS-Nonsym,6.984977126415493,CCCCCCCCCCCCCCOc1cc(COC(=O)CCCN2CCN(C)CC2)cc(OCCCCCCCCCCCCCC)c1,
IAJD110,G1-Janus-Dendrimer,7.946943270697825,CCCCCCCCCCCCOc1cc(COC(=O)c2cc(OCCOCCOCCOCc3ccccc3)c(OCCOCCOCCOC(=O)CCCN3CCCCC3)c(OCCOCCOCCOC(=O)CCCN3CCCCC3)c2)cc(OCCCCCCCCCCCC)c1,
IAJD111,G1-Janus-Dendrimer,7.857935264719429,CCCCCCCCCCCOc1cc(COC(=O)c2cc(OCCOCCOCCOCc3ccccc3)c(OCCOCCOCCOC(=O)CCCN3CCCCC3)c(OCCOCCOCCOC(=O)CCCN3CCCCC3)c2)cc(OCCCCCCCCCCC)c1,
IAJD112,sSS-Nonsym,8.60530504614111,CCCCCCCCCCCOc1cc(COC(=O)CCCN2CCN(C)CC2)cc(OCCCCCCCC)c1,train
IAJD_113,sSS-Nonsym,7.230448921378274,CCCCCCCCCCCOc1cc(COC(=O)CCCN2CCN(CCO)CC2)cc(OCCCCCCCC)c1,
IAJD_114,sSS-Nonsym,6.551449997972875,CCCCCCCCCCCOc1cc(COC(=O)CCCN2CCN(C)CC2)cc(OCCCCCCCCCC)c1,
IAJD_115,sSS-Nonsym,6.661812685537261,CCCCCCCCCCCOc1cc(COC(=O)CCCN2CCN(CCO)CC2)cc(OCCCCCCCCCC)c1,
IAJD_116,sSS-Nonsym,7.376576957056512,CCCCCCCCCCCCCOc1cc(COC(=O)CCCN2CCN(C)CC2)cc(OCCCCCCCCCCC)c1,
IAJD_117,sSS-Nonsym,6.936513742478893,CCCCCCCCCCCCCOc1cc(COC(=O)CCCN2CCN(CCO)CC2)cc(OCCCCCCCCCCC)c1,
IAJD_118,sSS-Nonsym,7.164352855784437,CCCCCCCCCCCCCCCOc1cc(COC(=O)CCCN2CCN(C)CC2)cc(OCCCCCCCCCCC)c1,
IAJD_119,sSS-Nonsym,7.914871817540051,CCCCCCCCCCCCCCCOc1cc(COC(=O)CCCN2CCN(CCO)CC2)cc(OCCCCCCCCCCC)c1,
IAJD_120,sSS-Nonsym,7.394451680826216,CCCCCCCCCCCCCCCCOc1cc(COC(=O)CCCN2CCN(CCO)CC2)cc(OCCCCCCCCCCC)c1,
IAJD_122,sSS-Nonsym,7.397940008672037,CCCCCCCCCCCOc1cc(COC(=O)CCCN2CCN(CCO)CC2)cc(OCCCCCCCCC)c1,
IAJD123,sSS-Nonsym,7.859138297294531,CCCCCCCCCCCCOc1cc(COC(=O)CCCN2CCN(C)CC2)cc(OCCCCCCCCCCC)c1,train
IAJD_124,sSS-Nonsym,7.576341350205793,CCCCCCCCCCCCOc1cc(COC(=O)CCCN2CCN(CCO)CC2)cc(OCCCCCCCCCCC)c1,X3
IAJD_125,sSS-Nonsym,8.332438459915606,CCCCCCCCCCCCCCOc1cc(COC(=O)CCCN2CCN(CCO)CC2)cc(OCCCCCCCCCCC)c1,
IAJD_126,sSS-Nonsym,7.506505032404872,CCCCCCCCCCCCCCCCCOc1cc(COC(=O)CCCN2CCN(C)CC2)cc(OCCCCCCCCCCC)c1,
IAJD_127,sSS-Nonsym,8.02938377768521,CCCCCCCCCCCCCCCCCOc1cc(COC(=O)CCCN2CCN(CCO)CC2)cc(OCCCCCCCCCCC)c1,
IAJD_128,sSS-Nonsym,7.742725131304698,CCCCCCCCCCCCCCCCCCOc1cc(COC(=O)CCCN2CCN(CCO)CC2)cc(OCCCCCCCCCCC)c1,
IAJD129,sSS-Nonsym,8.225309281725863,CCCCCCCCCCCOc1cc(COC(=O)CCCN2CCN(C)CC2)cc(OCC(CC)CCCC)c1,train
IAJD_130,sSS-Nonsym,8.071882007306126,CCCCCCCCCCCOc1cc(COC(=O)CCCN2CCN(CCO)CC2)cc(OCC(CC)CCCC)c1,
IAJD131,G1-Janus-Dendrimer,8.100370545117563,CCCCCCCCCCCCCCCOc1cc(COC(=O)c2cc(OCCOCCOCCOCc3ccccc3)c(OCCOCCOCCOC(=O)CCCN3CCCCC3)c(OCCOCCOCCOC(=O)CCCN3CCCCC3)c2)cc(OCCCCCCCCCCCCCC)c1,
IAJD_133,sSS-Nonsym,7.045322978786658,CCCCCCCCCCCCCCOc1cc(CNC(=O)CCCN2CCN(C)CC2)cc(OCCCCCCCCCCC)c1,X3
IAJD134,sSS-Nonsym,7.426511261364575,CCCCCCCCCCCOc1cc(CNC(=O)CCCN2CCCCC2)cc(OCCCCCCCCCCC)c1,train
IAJD_135,sSS-Nonsym,7.086359830674748,CCCCCCCCCCCCCCCOc1cc(COC(=O)CCCN2CCN(C)CC2)cc(OCC(CC)CCCC)c1,
IAJD_136,sSS-Nonsym,7.017033339298781,CCCCCCCCCCCCCCCOc1cc(COC(=O)CCCN2CCN(CCO)CC2)cc(OCC(CC)CCCC)c1,
IAJD137,sSS-Nonsym,7.549003262025788,CCCCCCCCCCCCCCCOc1cc(COC(=O)CCCN2CCN(C)CC2)cc(OCCCCCCCC)c1,train
IAJD_138,sSS-Nonsym,7.173186268412274,CCCCCCCCCCCCCCCOc1cc(COC(=O)CCCN2CCN(CCO)CC2)cc(OCCCCCCCC)c1,
IAJD139,sSS-Nonsym,8.2718416065365,CCCCCCCCCCCCCCCOc1cc(COC(=O)CCCN2CCN(C)CC2)cc(OCCCCCCCCC)c1,X3
IAJD140,sSS-Nonsym,8.770852011642145,CCCCCCCCCCCCCCCOc1cc(COC(=O)CCCN2CCN(CCO)CC2)cc(OCCCCCCCCC)c1,train
IAJD_141,sSS-Nonsym,7.313867220369153,CCCCCCCCCCCCCCCOc1cc(COC(=O)CCCN2CCN(C)CC2)cc(OCCCCCCCCCC)c1,
IAJD_142,sSS-Nonsym,7.399673721481038,CCCCCCCCCCCCCCCOc1cc(COC(=O)CCCN2CCN(CCO)CC2)cc(OCCCCCCCCCC)c1,
IAJD_143,sSS-Nonsym,7.107209969647869,CCCCCCCCCCCCCCCOc1cc(COC(=O)CCCN2CCN(C)CC2)cc(OCCCCCCCCCCCC)c1,
IAJD_144,sSS-Nonsym,7.143014800254095,CCCCCCCCCCCCCCCOc1cc(COC(=O)CCCN2CCN(CCO)CC2)cc(OCCCCCCCCCCCC)c1,
IAJD_145,sSS-Nonsym,6.966141732739032,CCCCCCCCCCCCCCCOc1cc(COC(=O)CCCN2CCN(C)CC2)cc(OCCCCCCCCCCCCC)c1,
IAJD_146,sSS-Nonsym,7.672097857935717,CCCCCCCCCCCCCCCOc1cc(COC(=O)CCCN2CCN(CCO)CC2)cc(OCCCCCCCCCCCCC)c1,
IAJD_147,sSS-Nonsym,6.965671971220107,CCCCCCCCCCCCCCCOc1cc(COC(=O)CCCN2CCN(C)CC2)cc(OCCCCCCCCCCCCCC)c1,
IAJD_148,sSS-Nonsym,7.801403710017355,CCCCCCCCCCCCCCCOc1cc(COC(=O)CCCN2CCN(CCO)CC2)cc(OCCCCCCCCCCCCCC)c1,
IAJD_149,sSS-Nonsym,7.354108439147401,CCCCCCCCCCCCCCCCOc1cc(COC(=O)CCCN2CCN(C)CC2)cc(OCCCCCCCCCCCCCCC)c1,
IAJD_150,sSS-Nonsym,7.540329474790874,CCCCCCCCCCCCCCCCOc1cc(COC(=O)CCCN2CCN(CCO)CC2)cc(OCCCCCCCCCCCCCCC)c1,
IAJD_151,sSS-Nonsym,7.494154594018442,CCCCCCCCCCCCCCCCCOc1cc(COC(=O)CCCN2CCN(C)CC2)cc(OCCCCCCCCCCCCCCC)c1,
IAJD_152,sSS-Nonsym,7.294466226161593,CCCCCCCCCCCCCCCCCOc1cc(COC(=O)CCCN2CCN(CCO)CC2)cc(OCCCCCCCCCCCCCCC)c1,
IAJD_153,sSS-Nonsym,7.865103974641128,CCCCCCCCCCCCCCCCCCOc1cc(COC(=O)CCCN2CCN(C)CC2)cc(OCCCCCCCCCCCCCCC)c1,X3
IAJD_154,sSS-Nonsym,7.378397900948138,CCCCCCCCCCCCCCCCCCOc1cc(COC(=O)CCCN2CCN(CCO)CC2)cc(OCCCCCCCCCCCCCCC)c1,
IAJD155,G1-Janus-Dendrimer,8.004321373782643,CCCCCCCCCCCOc1cc(COC(=O)c2cc(OCCOCCOCCOCc3ccccc3)c(OCCOCCOCCOC(=O)CCCN3CCCCC3)c(OCCOCCOCCOC(=O)CCCN3CCCCC3)c2)cc(OCC(CC)CCCC)c1,
IAJD156,G1-Janus-Dendrimer,6.765668554759015,CCCCCCCCCCCCCCOc1cc(COC(=O)c2cc(OCCOCCOCCOCc3ccccc3)c(OCCOCCOCCOC(=O)CCCN3CCCCC3)c(OCCOCCOCCOC(=O)CCCN3CCCCC3)c2)cc(OCCCCCCCCCCC)c1,
IAJD157,G1-Janus-Dendrimer,7.563481085394411,CCCCCCCCCCCCCCCOc1cc(COC(=O)c2cc(OCCOCCOCCOCc3ccccc3)c(OCCOCCOCCOC(=O)CCCN3CCCCC3)c(OCCOCCOCCOC(=O)CCCN3CCCCC3)c2)cc(OCCCCCCCCCCC)c1,
IAJD158,G1-Janus-Dendrimer,7.089905111439398,CCCCCCCCCCCCCCCCCOc1cc(COC(=O)c2cc(OCCOCCOCCOCc3ccccc3)c(OCCOCCOCCOC(=O)CCCN3CCCCC3)c(OCCOCCOCCOC(=O)CCCN3CCCCC3)c2)cc(OCCCCCCCCCCC)c1,
IAJD159,G1-Janus-Dendrimer,7.836324115706752,CCCCCCCCCCCCCCCCCOc1cc(CNC(=O)c2cc(OCCOCCOCCOCc3ccccc3)c(OCCOCCOCCOC(=O)CCCN3CCCCC3)c(OCCOCCOCCOC(=O)CCCN3CCCCC3)c2)cc(OCCCCCCCCCCC)c1,
IAJD_161,sSS-Nonsym,7.928395852256714,CCCCCCCCCCCCCOc1cc(COC(=O)CCCN2CCN(C)CC2)cc(OCC(CC)CCCC)c1,
IAJD_162,sSS-Nonsym,8.307496037913213,CCCCCCCCCCCCCOc1cc(COC(=O)CCCN2CCN(CCO)CC2)cc(OCC(CC)CCCC)c1,
IAJD163,sSS-Nonsym,8.278753600952829,CCCCCCCCCCCCCOc1cc(COC(=O)CCCN2CCN(C)CC2)cc(OCCCCCCCC)c1,train
IAJD164,sSS-Nonsym,7.509202522331103,CCCCCCCCCCCCCOc1cc(COC(=O)CCCN2CCN(CCO)CC2)cc(OCCCCCCCC)c1,train
IAJD167,sSS-Nonsym,7.934498451243567,CCCCCCCCCCCCCOc1cc(COC(=O)CCCN2CCN(C)CC2)cc(OCCCCCCCCCC)c1,train
IAJD169,sSS-Nonsym,8.32221929473392,CCCCCCCCCCCCCOc1cc(COC(=O)CCCN2CCN(C)CC2)cc(OCCCCCCCCCCCC)c1,train
IAJD_171,sSS-Nonsym,7.885361220031512,CCCCCCCCCCCCCCOc1cc(COC(=O)CCCN2CCN(C)CC2)cc(OCCCCCCCCCCCCC)c1,
IAJD_172,sSS-Nonsym,7.833784374656479,CCCCCCCCCCCCCCOc1cc(COC(=O)CCCN2CCN(CCO)CC2)cc(OCCCCCCCCCCCCC)c1,
IAJD_173,sSS-Nonsym,8.089905111439398,CCCCCCCCCCCCCCCCOc1cc(COC(=O)CCCN2CCN(C)CC2)cc(OCCCCCCCCCCCCC)c1,
IAJD_177,sSS-Nonsym,7.962842681201242,CCCCCCCCCCCCCCCCCCOc1cc(COC(=O)CCCN2CCN(C)CC2)cc(OCCCCCCCCCCCCC)c1,
IAJD_178,sSS-Nonsym,8.60745502321467,CCCCCCCCCCCCCCCCCCOc1cc(COC(=O)CCCN2CCN(CCO)CC2)cc(OCCCCCCCCCCCCC)c1,
IAJD179,sSS-Nonsym,8.041392685158225,CCCCCCCCCOc1cc(COC(=O)CCCN2CCN(C)CC2)cc(OCC(CC)CCCC)c1,train
IAJD180,sSS-Nonsym,8.306762351426826,CCCCCCCCCOc1cc(COC(=O)CCCN2CCN(CCO)CC2)cc(OCC(CC)CCCC)c1,train
IAJD181,sSS-Nonsym,7.544068044350276,CCCCCCCCCOc1cc(COC(=O)CCCN2CCN(C)CC2)cc(OCCCCCCCC)c1,train
IAJD182,sSS-Nonsym,7.155336037465061,CCCCCCCCCOc1cc(COC(=O)CCCN2CCN(CCO)CC2)cc(OCCCCCCCC)c1,X3
IAJD183,sSS-Nonsym,8.041392685158225,CCCCCCCCCCOc1cc(COC(=O)CCCN2CCN(C)CC2)cc(OCCCCCCCCC)c1,train
IAJD184,sSS-Nonsym,7.931966114728173,CCCCCCCCCCOc1cc(COC(=O)CCCN2CCN(CCO)CC2)cc(OCCCCCCCCC)c1,train
IAJD185,sSS-Nonsym,7.146128035678238,CCCCCCCCCCCCOc1cc(COC(=O)CCCN2CCN(C)CC2)cc(OCCCCCCCCC)c1,train
IAJD186,sSS-Nonsym,8.181843587944773,CCCCCCCCCCCCOc1cc(COC(=O)CCCN2CCN(CCO)CC2)cc(OCCCCCCCCC)c1,train
IAJD187,sSS-Nonsym,7.791690649020118,CCCCCCCCCCCCCCOc1cc(COC(=O)CCCN2CCN(C)CC2)cc(OCCCCCCCCC)c1,X3
IAJD188,sSS-Nonsym,7.795184589682424,CCCCCCCCCCCCCCOc1cc(COC(=O)CCCN2CCN(CCO)CC2)cc(OCCCCCCCCC)c1,train
IAJD189,sSS-Nonsym,7.589905111439398,CCCCCCCCCCCCCCCCOc1cc(COC(=O)CCCN2CCN(C)CC2)cc(OCCCCCCCCC)c1,train
IAJD190,sSS-Nonsym,7.793785894466646,CCCCCCCCCCCCCCCCOc1cc(COC(=O)CCCN2CCN(CCO)CC2)cc(OCCCCCCCCC)c1,train
IAJD191,sSS-Nonsym,8.068185861746162,CCCCCCCCCCCCCCCCCOc1cc(COC(=O)CCCN2CCN(C)CC2)cc(OCCCCCCCCC)c1,train
IAJD192,sSS-Nonsym,7.636487896353366,CCCCCCCCCCCCCCCCCOc1cc(COC(=O)CCCN2CCN(CCO)CC2)cc(OCCCCCCCCC)c1,train
IAJD193,sSS-Nonsym,8.64640372622307,CCCCCCCCCCCCCCCCCCOc1cc(COC(=O)CCCN2CCN(C)CC2)cc(OCCCCCCCCC)c1,train
IAJD194,sSS-Nonsym,8.56702636615906,CCCCCCCCCCCCCCCCCCOc1cc(COC(=O)CCCN2CCN(CCO)CC2)cc(OCCCCCCCCC)c1,train
IAJD197,sSS-Nonsym,7.814913181275074,CCCCCCCCCCCCOc1cc(COC(=O)CCCN2CCN(C)CC2)cc(OCC(CC)CCCC)c1,train
IAJD198,sSS-Nonsym,8.269512944217917,CCCCCCCCCCCCOc1cc(COC(=O)CCCN2CCN(CCO)CC2)cc(OCC(CC)CCCC)c1,train
IAJD199,sSS-Nonsym,7.633468455579586,CCCCCCCCCCCCOc1cc(COC(=O)CCCN2CCN(C)CC2)cc(OCCCCCCCC)c1,train
IAJD200,sSS-Nonsym,7.814589568803282,CCCCCCCCCCCCOc1cc(COC(=O)CCCN2CCN(CCO)CC2)cc(OCCCCCCCC)c1,train
IAJD201,sSS-Nonsym,7.618048096712092,CCCCCCCCCCCCOc1cc(COC(=O)CCCN2CCN(CCO)CC2)cc(OCCCCCCCCCC)c1,train
IAJD202,sSS-Nonsym,7.66086547800387,CCCCCCCCCCCCCCOc1cc(COC(=O)CCCN2CCN(C)CC2)cc(OCCCCCCCCCCCC)c1,train
IAJD203,sSS-Nonsym,8.594392550375426,CCCCCCCCCCCCCCOc1cc(COC(=O)CCCN2CCN(CCO)CC2)cc(OCCCCCCCCCCCC)c1,train
IAJD204,sSS-Nonsym,7.613841821876069,CCCCCCCCCCCCCCCCOc1cc(COC(=O)CCCN2CCN(CCO)CC2)cc(OCCCCCCCCCCCC)c1,train
IAJD205,sSS-Nonsym,8.660865478003869,CCCCCCCCCCCCCCCCCOc1cc(COC(=O)CCCN2CCN(C)CC2)cc(OCCCCCCCCCCCC)c1,train
IAJD206,sSS-Nonsym,7.683947130751513,CCCCCCCCCCCCCCCCCOc1cc(COC(=O)CCCN2CCN(CCO)CC2)cc(OCCCCCCCCCCCC)c1,train
IAJD207,sSS-Nonsym,7.26245108973043,CCCCCCCCCCCCCCCCCCOc1cc(COC(=O)CCCN2CCN(CCO)CC2)cc(OCCCCCCCCCCCC)c1,train
IAJD208,sSS-Nonsym,7.423245873936808,CCCCCCCCCCCCCCOc1cc(COC(=O)CCCN2CCN(C)CC2)cc(OCC(CC)CCCC)c1,train
IAJD209,sSS-Nonsym,7.544068044350276,CCCCCCCCCCCCCCOc1cc(COC(=O)CCCN2CCN(CCO)CC2)cc(OCC(CC)CCCC)c1,train
IAJD210,sSS-Nonsym,7.619093330626742,CCCCCCCCCCCCCCOc1cc(COC(=O)CCCN2CCN(C)CC2)cc(OCCCCCCCC)c1,train
IAJD211,sSS-Nonsym,8.103803720955957,CCCCCCCCCCCCCCOc1cc(COC(=O)CCCN2CCN(CCO)CC2)cc(OCCCCCCCC)c1,train
IAJD212,sSS-Nonsym,7.880813592280791,CCCCCCCCCCCCCCOc1cc(COC(=O)CCCN2CCN(C)CC2)cc(OCCCCCCCCCC)c1,train
IAJD213,sSS-Nonsym,8.462397997898956,CCCCCCCCCCCCCCOc1cc(COC(=O)CCCN2CCN(CCO)CC2)cc(OCCCCCCCCCC)c1,train
IAJD214,sSS-Nonsym,7.068185861746161,CCCCCCCCCCCCCCCCCCOc1cc(COC(=O)CCCN2CCN(C)CC2)cc(OCCCCCCCCCCCCCC)c1,train
IAJD215,sSS-Nonsym,8.176091259055681,CCCCCCCCCCCCCCCCCCOc1cc(COC(=O)CCCN2CCN(CCO)CC2)cc(OCCCCCCCCCCCCCC)c1,train
IAJD216,sSS-Nonsym,8.56702636615906,CCCCCCCCCCCCCCCCOc1cc(COC(=O)CCCN2CCN(C)CC2)cc(OCC(CC)CCCC)c1,train
IAJD217,sSS-Nonsym,8.172677061571065,CCCCCCCCCCCCCCCCOc1cc(COC(=O)CCCN2CCN(CCO)CC2)cc(OCC(CC)CCCC)c1,train
IAJD218,sSS-Nonsym,7.811575005870593,CCCCCCCCCCCCCCCCOc1cc(COC(=O)CCCN2CCN(C)CC2)cc(OCCCCCCCC)c1,train
IAJD219,sSS-Nonsym,7.705863712283919,CCCCCCCCCCCCCCCCOc1cc(COC(=O)CCCN2CCN(CCO)CC2)cc(OCCCCCCCC)c1,train
IAJD220,sSS-Nonsym,8.060697840353612,CCCCCCCCCCCCCCCCOc1cc(COC(=O)CCCN2CCN(C)CC2)cc(OCCCCCCCCCC)c1,train
IAJD221,sSS-Nonsym,7.963196950134841,CCCCCCCCCCCCCCCCOc1cc(COC(=O)CCCN2CCN(CCO)CC2)cc(OCCCCCCCCCC)c1,train
IAJD222,sSS-Nonsym,7.064457989226918,CCCCCCCCCCCCCCCCOc1cc(COC(=O)CCCN2CCN(C)CC2)cc(OCCCCCCCCCCCCCC)c1,train
IAJD223,sSS-Nonsym,7.734799829588847,CCCCCCCCCCCCCCCCOc1cc(COC(=O)CCCN2CCN(CCO)CC2)cc(OCCCCCCCCCCCCCC)c1,train
IAJD224,sSS-Nonsym,8.064457989226918,CCCCCCCCCCCCCCCCCOc1cc(COC(=O)CCCN2CCN(C)CC2)cc(OCCCCCCCCCCCCCCCC)c1,train
IAJD225,sSS-Nonsym,7.505149978319906,CCCCCCCCCCCCCCCCCOc1cc(COC(=O)CCCN2CCN(CCO)CC2)cc(OCCCCCCCCCCCCCCCC)c1,X3
IAJD226,sSS-Nonsym,7.17897694729317,CCCCCCCCCCCCCCCCCCOc1cc(COC(=O)CCCN2CCN(C)CC2)cc(OCCCCCCCCCCCCCCCC)c1,train
IAJD227,sSS-Nonsym,7.117271295655764,CCCCCCCCCCCCCCCCCCOc1cc(COC(=O)CCCN2CCN(CCO)CC2)cc(OCCCCCCCCCCCCCCCC)c1,train
IAJD228,sSS-Nonsym,7.139879086401237,CCCCCCCCCCCCCCCCCOc1cc(COC(=O)CCCN2CCN(C)CC2)cc(OCC(CC)CCCC)c1,train
IAJD229,sSS-Nonsym,7.620136054973758,CCCCCCCCCCCCCCCCCOc1cc(COC(=O)CCCN2CCN(CCO)CC2)cc(OCC(CC)CCCC)c1,train
IAJD230,sSS-Nonsym,8.225309281725863,CCCCCCCCCCCCCCCCCOc1cc(COC(=O)CCCN2CCN(C)CC2)cc(OCCCCCCCC)c1,train
IAJD231,sSS-Nonsym,7.68304703823885,CCCCCCCCCCCCCCCCCOc1cc(COC(=O)CCCN2CCN(CCO)CC2)cc(OCCCCCCCC)c1,train
IAJD232,sSS-Nonsym,7.974216264076254,CCCCCCCCCCCCCCCCCOc1cc(COC(=O)CCCN2CCN(C)CC2)cc(OCCCCCCCCCC)c1,train
IAJD233,sSS-Nonsym,7.991669007379948,CCCCCCCCCCCCCCCCCOc1cc(COC(=O)CCCN2CCN(CCO)CC2)cc(OCCCCCCCCCC)c1,train
IAJD234,sSS-Nonsym,7.399673721481038,CCCCCCCCCCCCCCCCCOc1cc(COC(=O)CCCN2CCN(C)CC2)cc(OCCCCCCCCCCCCCC)c1,train
IAJD235,sSS-Nonsym,7.866877814337498,CCCCCCCCCCCCCCCCCOc1cc(COC(=O)CCCN2CCN(CCO)CC2)cc(OCCCCCCCCCCCCCC)c1,train
IAJD236,sSS-Nonsym,8.576341350205793,CCCCCCCCCCCCCCCCCCOc1cc(COC(=O)CCCN2CCN(C)CC2)cc(OCC(CC)CCCC)c1,X3
IAJD237,sSS-Nonsym,8.164352855784436,CCCCCCCCCCCCCCCCCCOc1cc(COC(=O)CCCN2CCN(CCO)CC2)cc(OCC(CC)CCCC)c1,X3
IAJD238,sSS-Nonsym,7.117271295655764,CCCCCCCCCCCCCCCCCCOc1cc(COC(=O)CCCN2CCN(C)CC2)cc(OCCCCCCCC)c1,train
IAJD239,sSS-Nonsym,8.489958479424836,CCCCCCCCCCCCCCCCCCOc1cc(COC(=O)CCCN2CCN(CCO)CC2)cc(OCCCCCCCC)c1,train
IAJD240,sSS-Nonsym,7.775974331129369,CCCCCCCCCCCCCCCCCCOc1cc(COC(=O)CCCN2CCN(C)CC2)cc(OCCCCCCCCCC)c1,train
IAJD241,sSS-Nonsym,8.071882007306126,CCCCCCCCCCCCCCCCCCOc1cc(COC(=O)CCCN2CCN(CCO)CC2)cc(OCCCCCCCCCC)c1,train
IAJD242,sSS-Nonsym,8.176091259055681,CCCCCCCCCCCCCCCCCCOc1cc(COC(=O)CCCN2CCN(C)CC2)cc(OCCCCCCCCCCCCCCCCC)c1,train
IAJD243,sSS-Nonsym,8.146128035678238,CCCCCCCCCCCCCCCCCCOc1cc(COC(=O)CCCN2CCN(CCO)CC2)cc(OCCCCCCCCCCCCCCCCC)c1,train
IAJD244,sSS-Nonsym,7.964259630196849,CCCCCCCCCCOc1cc(COC(=O)CCCN2CCN(C)CC2)cc(OCCCCCCCC)c1,train
IAJD245,sSS-Nonsym,7.780317312140151,CCCCCCCCCCOc1cc(COC(=O)CCCN2CCN(CCO)CC2)cc(OCCCCCCCC)c1,train
IAJD246,sSS-Nonsym,8.146128035678238,CCCCCCCCCCOc1cc(COC(=O)CCCN2CCN(C)CC2)cc(OCC(CC)CCCC)c1,train
IAJD247,sSS-Nonsym,7.549003262025788,CCCCCCCCCCOc1cc(COC(=O)CCCN2CCN(CCO)CC2)cc(OCC(CC)CCCC)c1,train
IAJD_248,PE-Tris,6.301029995663981,CCCCCCCCOCC(COCCCCCCCC)(COCCCCCCCC)COC(=O)CCCN1CCN(C)CC1,
IAJD_249,PE-Tris,8.707996241115005,CCCCCCCCOCC(COCCCCCCCC)(COCCCCCCCC)COC(=O)CCCN1CCN(CCO)CC1,X2
IAJD_250,PE-Tris,5.698970004336019,CCCCCCCCCCCOCC(COCCCCCCCCCCC)(COCCCCCCCCCCC)COC(=O)CCCN1CCN(C)CC1,
IAJD_251,PE-Tris,7.457881896733992,CCCCCCCCCCCOCC(COCCCCCCCCCCC)(COCCCCCCCCCCC)COC(=O)CCCN1CCN(CCO)CC1,
IAJD_253,GA-Tris,7.260930846917137,CCCCC(CC)COc1cc(COC(=O)CCCN2CCN(CCOCCO)CC2)cc(OCC(CC)CCCC)c1OCC(CC)CCCC,
IAJD263,sSS-Nonsym,6.830588668685144,CCCCCCCCCCOc1cc(COC(=O)CCCN2CCN(C)CC2)cc(OCCCCCCCCCC)c1,train
IAJD264,sSS-Nonsym,6.90200289135073,CCCCCCCCCCCCCCCOc1cc(COC(=O)CCCN2CCN(CCO)CC2)cc(OCCCCCCCCCCCCCCC)c1,train
IAJD265,sSS-Nonsym,8.267171728403014,CCCCCCCCCCCCCCCCCOc1cc(COC(=O)CCCN2CCN(C)CC2)cc(OCCCCCCCCCCCCCCCCC)c1,train
IAJD266,sSS-Nonsym,8.369215857410143,CCCCCCCCCCCCCCCCCOc1cc(COC(=O)CCCN2CCN(CCO)CC2)cc(OCCCCCCCCCCCCCCCCC)c1,train
IAJD267,sSS-Nonsym,7.303196057420489,CCCCCCCCCOC1=CCCN(CCO)CCN2CCCC(=O)OCC(=C1)C=C2OCCCCCCCCC,train
IAJD268,sSS-Nonsym,6.737192642704737,CCCCCCCCCCCOc1cc(COC(=O)CCCN2CCN(CCO)CC2)cc(OCCCCCCCCCCC)c1,train
IAJD269,sSS-Nonsym,6.460897842756548,CCCCCCCCCCCCCOC1=CCCN(C)CCN2CCCC(=O)OCC(=C1)C=C2OCCCCCCCCCCCCC,train
IAJD270,sSS-Nonsym,7.235528446907549,CCCCCCCCCCCCCOC1=CCCN(CCO)CCN2CCCC(=O)OCC(=C1)C=C2OCCCCCCCCCCCCC,train
IAJD271,sSS-Nonsym,7.488550716500444,CCCCCCCCCCCCCCOc1cc(COC(=O)CCCN2CCN(CCO)CC2)cc(OCCCCCCCCCCCCCC)c1,train
IAJD272,sSS-Nonsym,7.41161970596323,CCCCCCCCCCCCCCCCOc1cc(COC(=O)CCCN2CCN(CCO)CC2)cc(OCCCCCCCCCCCCCCCC)c1,train
IAJD_273,PE-Tris,7.426511261364575,CCCCCCCCCCCCOCC(COCCCCCCCCCCCC)(COCCCCCCCCCCCC)COC(=O)CCCCN1CCN(CCOC)CC1,X3
IAJD_274,PE-Tris,5.698970004336019,CCCCCCCCCCCCOCC(COCCCCCCCCCCCC)(COCCCCCCCCCCCC)COC(=O)CCCN1CCN(CCOCCO)CC1,
IAJD_275,PE-Tris,5.698970004336019,CCCCCCCCCOCC(COCCCCCCCCC)(COCCCCCCCCC)COC(=O)CCCN1CCN(C)CC1,
IAJD_276,PE-Tris,7.785329835010767,CCCCCCCCCOCC(COCCCCCCCCC)(COCCCCCCCCC)COC(=O)CCCN1CCN(CCO)CC1,
IAJD_277,PE-Tris,5.698970004336019,CCCCCCCCCCOCC(COCCCCCCCCCC)(COCCCCCCCCCC)COC(=O)CCCN1CCN(C)CC1,
IAJD_278,PE-Tris,7.826722520168993,CCCCCCCCCCOCC(COCCCCCCCCCC)(COCCCCCCCCCC)COC(=O)CCCN1CCN(CCO)CC1,
IAJD_279,PE-Tris,5.973127853599698,CCCCCCCCCCCCCOCC(COCCCCCCCCCCCCC)(COCCCCCCCCCCCCC)COC(=O)CCCN1CCN(C)CC1,
IAJD_280,PE-Tris,7.041392685158225,CCCCCCCCCCCCCOCC(COCCCCCCCCCCCCC)(COCCCCCCCCCCCCC)COC(=O)CCCN1CCN(CCO)CC1,
IAJD_283,PE-Tris,7.190331698170292,CCCCCCCCCCCCCCOCC(COCCCCCCCCCCCCCC)(COCCCCCCCCCCCCCC)COC(=O)CCCN1CCN(CCO)CC1,
IAJD_284,PE-Tris,5.698970004336019,CCCCCCCCCCCCCCCOCC(COCCCCCCCCCCCCCCC)(COCCCCCCCCCCCCCCC)COC(=O)CCCN1CCN(C)CC1,
IAJD_285,PE-Tris,5.698970004336019,CCCCCCCCCCCCCCCOCC(COCCCCCCCCCCCCCCC)(COCCCCCCCCCCCCCCC)COC(=O)CCCN1CCN(CCO)CC1,
IAJD_287,PE-Tris,5.698970004336019,CCCCCCCCOCC(COCCCCCCCC)(COCCCCCCCC)COC(=O)CCCCN1CCN(CCOC)CC1,
IAJD_288,PE-Tris,8.473637242890282,CCCCC(CC)COCC(COCC(CC)CCCC)(COCC(CC)CCCC)COC(=O)CCCN1CCN(CCOCCO)CC1,
IAJD_289,PE-Tris,5.698970004336019,CCCCCCCOCC(COCCCCCCC)(COCCCCCCC)COC(=O)CCCN1CCN(C)CC1,X3
IAJD_290,PE-Tris,7.781755374652469,CCCCCCCOCC(COCCCCCCC)(COCCCCCCC)COC(=O)CCCN1CCN(CCO)CC1,
IAJD_291,PE-Tris,5.698970004336019,CCCCCCCOCC(COCCCCCCC)(COCCCCCCC)COC(=O)CCCCN1CCN(CCOC)CC1,
IAJD_292,PE-Tris,5.698970004336019,CCCCCCCOCC(COCCCCCCC)(COCCCCCCC)COC(=O)CCCN1CCN(CCOCCO)CC1,
IAJD_294,Dialkoxybenzyl,7.773786444981194,CCCCC(CC)COc1cc(OCC(CC)CCCC)cc(C(=O)OCCCCN2CCN(CCO)CC2)c1,X2
IAJD_297,Dialkoxybenzyl,6.734799829588847,CCCCC(CC)COc1ccc(C(=O)OCCCCN2CCN(CCO)CC2)cc1OCC(CC)CCCC,X2
IAJD_299,PE-Tris,6.079181246047625,CCCCCCOCC(COCCCCCC)(COCCCCCC)COC(=O)CCCN1CCN(CCO)CC1,
IAJD_300,GA-Tris,6.711807229041191,CCCCC(CC)COc1cc(C(=O)OCCCCN2CCN(CCO)CC2)cc(OCC(CC)CCCC)c1OCC(CC)CCCC,X2
IAJD_301,GA-Tris,8.176091259055681,CCCCC(CC)COc1cc(CNC(=O)CCCN2CCN(CCO)CC2)cc(OCC(CC)CCCC)c1OCC(CC)CCCC,X2
IAJD_308,Dialkoxybenzyl,7.600972895686748,CCCCCCCCCCCCCCCCCCOc1cc(OCCCCCCCCCCCCC)cc(C(=O)OCCCCN2CCN(CCO)CC2)c1,X2
IAJD_309,Dialkoxybenzyl,7.444044795918076,CCCCCCCCCCCCCCCCCCOc1cc(OCCCCCCCCCCCCC)cc(C(=O)OCCCCN2CCN(CCOCCO)CC2)c1,X2
IAJD_312,PE-Tris,8.550228353055093,CCCCCCCCOCC(COCCCCCCCC)(COCCCCCCCC)COC(=O)CCCN1CCN(CCOCCO)CC1,
IAJD_313,PE-Tris,8.870988813760576,CCCCC(CC)COCC(COCC(CC)CCCC)(COCC(CC)CCCC)COC(=O)CCN1CCN(CCO)CC1,
IAJD_314,PE-Tris,8.925827574624742,CCCCC(CC)COCC(COCC(CC)CCCC)(COCC(CC)CCCC)COC(=O)CCN1CCN(CCOCCO)CC1,
IAJD_317,PE-Tris,8.936010795715209,CCCCCCCCOCC(COCCCCCCCC)(COCCCCCCCC)COC(=O)CCN1CCN(CCO)CC1,
IAJD_318,PE-Tris,8.711807229041192,CCCCCCCCOCC(COCCCCCCCC)(COCCCCCCCC)COC(=O)CCN1CCN(CCOCCO)CC1,X3
IAJD_319,PE-Tris,8.419955748489757,CCCCCCCCOCC(COCCCCCCCC)(COCCCCCCCC)COC(=O)CCCCN1CCN(CCO)CC1,
IAJD_320,PE-Tris,8.340444114840118,CCCCCCCCOCC(COCCCCCCCC)(COCCCCCCCC)COC(=O)CCCCN1CCN(CCOCCO)CC1,X3
IAJD_321,GA-Tris,8.708666666666666,CCCCC(CC)COc1cc(COC(=O)CCN2CCN(CCO)CC2)cc(OCC(CC)CCCC)c1OCC(CC)CCCC,
IAJD_322,GA-Tris,8.843375,CCCCC(CC)COc1cc(COC(=O)CCN2CCN(CCOCCO)CC2)cc(OCC(CC)CCCC)c1OCC(CC)CCCC,
IAJD_323,GA-Tris,8.3245,CCCCC(CC)COc1cc(COC(=O)CCCCN2CCN(CCO)CC2)cc(OCC(CC)CCCC)c1OCC(CC)CCCC,
IAJD_324,GA-Tris,7.844142857142857,CCCCC(CC)COc1cc(COC(=O)CCCCN2CCN(CCOCCO)CC2)cc(OCC(CC)CCCC)c1OCC(CC)CCCC,
IAJD_325,PE-Tris,8.440909082065218,CCCCC(CC)COCC(COCC(CC)CCCC)(COCC(CC)CCCC)COC(=O)CCCCN1CCN(CCO)CC1,
IAJD_326,PE-Tris,8.457881896733992,CCCCC(CC)COCC(COCC(CC)CCCC)(COCC(CC)CCCC)COC(=O)CCCCN1CCN(CCOCCO)CC1,
IAJD_329,GA-Tris,8.3605,CCCCC(CC)COc1cc(COC(=O)CN2CCN(CCO)CC2)cc(OCC(CC)CCCC)c1OCC(CC)CCCC,
IAJD_330,GA-Tris,8.96790909090909,CCCCC(CC)COc1cc(COC(=O)CN2CCN(CCOCCO)CC2)cc(OCC(CC)CCCC)c1OCC(CC)CCCC,
IAJD_331,PE-Tris,8.778151250383644,CCCCCCCCOCC(COCCCCCCCC)(COCCCCCCCC)COC(=O)CN1CCN(CCO)CC1,
IAJD_332,PE-Tris,8.51321760006794,CCCCCCCCOCC(COCCCCCCCC)(COCCCCCCCC)COC(=O)CN1CCN(CCOCCO)CC1,X3
IAJD_333,PE-Tris,8.342422680822207,CCCCC(CC)COCC(COCC(CC)CCCC)(COCC(CC)CCCC)COC(=O)CN1CCN(CCO)CC1,
IAJD_334,PE-Tris,8.875639937004168,CCCCC(CC)COCC(COCC(CC)CCCC)(COCC(CC)CCCC)COC(=O)CN1CCN(CCOCCO)CC1,
IAJD_347,GA-Tris,8.627109711211139,CCCCC(CC)CCOc1cc(COC(=O)CCCN2CCN(CCOCCO)CC2)cc(OCCC(CC)CCCC)c1OCCC(CC)CCC,
IAJD_348,GA-Tris,9.103803720955957,CCCCC(CC)CCOc1cc(COC(=O)CCCN2CCN(CCO)CC2)cc(OCCC(CC)CCCC)c1OCCC(CC)CCC,
IAJD_365,GA-Tris,8.828015064223976,CCCCC(CC)CCOc1cc(COC(=O)CCN2CCN(CCOCCO)CC2)cc(OCCC(CC)CCCC)c1OCCC(CC)CCCC,
IAJD_366,GA-Tris,9.038779069555538,CCCCC(CC)CCOc1cc(COC(=O)CCN2CCN(CCO)CC2)cc(OCCC(CC)CCCC)c1OCCC(CC)CCC,
IAJD_367,GA-Tris,8.753583058892907,CCCCC(CC)CCOc1cc(COC(=O)CN2CCN(CCO)CC2)cc(OCCC(CC)CCCC)c1OCCC(CC)CCC,
IAJD_369,GA-Tris,9.39291668232173,CCCCC(CC)CCOc1cc(COC(=O)CN2CCN(CCOCCO)CC2)cc(OCCC(CC)CCCC)c1OCCC(CC)CCCC,
IAJD_372,GA-Tris,8.38201704257487,CCCCC(CC)CCOc1cc(COC(=O)CCCCN2CCN(CCO)CC2)cc(OCCC(CC)CCCC)c1OCCC(CC)CCCC,
IAJD_373,GA-Tris,8.835056101720117,CCCCC(CC)CCOc1cc(COC(=O)CCCCN2CCN(CCOCCO)CC2)cc(OCCC(CC)CCCC)c1OCCC(CC)CCCC,
