row_id,IAJD_id,family_table,canonical_smiles,predicted_pKa,measured_pKa_v21,family_v21,pka_source
1001,IAJD_001,G1-Janus-Dendrimer,CCCCCCCCCCCCOc1cc(CNC(=O)c2cc(OCCOCCOCCO)c(OCCOCCOCCO)c(OCCOCCOCCOC(=O)CCCN(C)C)c2)cc(OCCCCCCCCCCCC)c1,6.347007737345034,6.27,PE-Gallic,v21_loo
1002,IAJD_002,G1-Janus-Dendrimer,CCCCCCCCCCCCOc1cc(CNC(=O)c2cc(OCCOCCOCCO)c(OCCOCCOCCOC(=O)CCCN(C)C)c(OCCOCCOCCO)c2)cc(OCCCCCCCCCCCC)c1,6.357087781247391,6.2,PE-Gallic,v21_loo
1003,IAJD_003,G1-Janus-Dendrimer,CCCCCCCCCCCCOc1cc(CNC(=O)c2cc(OCCOCCOCCO)c(OCCOCCOCCOC(=O)CCCN(C)C)c(OCCOCCOCCOC(=O)CCCN(C)C)c2)cc(OCCCCCCCCCCCC)c1,6.328403187717812,6.41,PE-Gallic,v21_loo
1004,IAJD_004,G1-Janus-Dendrimer,CCCCCCCCCCCCOc1cc(CNC(=O)c2cc(OCCOCCOCCOC(=O)CCCN(C)C)c(OCCOCCOCCO)c(OCCOCCOCCOC(=O)CCCN(C)C)c2)cc(OCCCCCCCCCCCC)c1,6.325662231107551,6.43,PE-Gallic,v21_loo
1005,IAJD_005,G1-Janus-Dendrimer,CCCCCCCCCCCCOc1cc(CNC(=O)c2cc(OCCOCCOCCOC(=O)CCCN(C)C)c(OCCOCCOCCOC(=O)CCCN(C)C)c(OCCOCCOCCOC(=O)CCCN(C)C)c2)cc(OCCCCCCCCCCCC)c1,6.334656260543067,6.4,PE-Gallic,v21_loo
1006,IAJD_006,G1-Janus-Dendrimer,CCCCCCCCCCCCOc1cc(CNC(=O)c2cc(OCCOCCOCCOC(=O)CCCN(C)C)c(OCCOCCOCCOC(=O)Cc3ccccc3)c(OCCOCCOCCOC(=O)Cc3ccccc3)c2)cc(OCCCCCCCCCCCC)c1,6.315668881191141,6.3,PE-Gallic,v21_loo
1007,IAJD_007,G1-Janus-Dendrimer,CCCCCCCCCCCCOc1cc(CNC(=O)c2cc(OCCOCCOCCOC(=O)Cc3ccccc3)c(OCCOCCOCCOC(=O)CCCN(C)C)c(OCCOCCOCCOC(=O)Cc3ccccc3)c2)cc(OCCCCCCCCCCCC)c1,6.337526170662814,6.18,PE-Gallic,v21_loo
1008,IAJD_008,G1-Janus-Dendrimer,CCCCCCCCCCCCOc1cc(CNC(=O)c2cc(OCCOCCOCCOC(=O)CCCN(C)C)c(OCCOCCOCCOC(=O)CCCN(C)C)c(OCCOCCOCCOC(=O)Cc3ccccc3)c2)cc(OCCCCCCCCCCCC)c1,6.296964826772245,6.53,PE-Gallic,v21_loo
1009,IAJD_010,PE-Gallic,CCCCCCCCCCCCOc1cc(CNC(=O)c2cc(OCCOCCOCCOC(=O)CCCN(C)C)c(OCCOCCOCCO)c(OCCOCCOCCO)c2C(=O)NCc2cc(OCCOCCOCCOC(=O)CCCN(C)C)c(OCCOCCOCCO)c(OCCOCCOCCO)c2C(=O)NCc2cc(OCCCCCCCCCCCC)cc(OCCCCCCCCCCCC)c2)cc(OCCCCCCCCCCCC)c1,6.131159781504536,6.34,PE-Gallic,v21_loo
1010,IAJD_011,PE-Gallic,CCCCCCCCCCCCOc1cc(CNC(=O)c2cc(OCCOCCOCCO)c(OCCOCCOCCOC(=O)CCCN(C)C)c(OCCOCCOCCO)c2C(=O)NCc2cc(OCCOCCOCCO)c(OCCOCCOCCOC(=O)CCCN(C)C)c(OCCOCCOCCO)c2C(=O)NCc2cc(OCCCCCCCCCCCC)cc(OCCCCCCCCCCCC)c2)cc(OCCCCCCCCCCCC)c1,6.137287470171898,6.3,PE-Gallic,v21_loo
1011,IAJD_012,PE-Gallic,CCCCCCCCCCCCOc1cc(CNC(=O)c2cc(OCCOCCOCCOC(=O)CCCN(C)C)c(OCCOCCOCCOC(=O)CCCN(C)C)c(OCCOCCOCCO)c2C(=O)NCc2cc(OCCOCCOCCOC(=O)CCCN(C)C)c(OCCOCCOCCOC(=O)CCCN(C)C)c(OCCOCCOCCO)c2C(=O)NCc2cc(OCCCCCCCCCCCC)cc(OCCCCCCCCCCCC)c2)cc(OCCCCCCCCCCCC)c1,6.141930901206065,6.25,PE-Gallic,v21_loo
1012,IAJD_013,PE-Gallic,CCCCCCCCCCCCOc1cc(CNC(=O)c2cc(OCCOCCOCCOC(=O)CCCN(C)C)c(OCCOCCOCCO)c(OCCOCCOCCOC(=O)CCCN(C)C)c2C(=O)NCc2cc(OCCOCCOCCOC(=O)CCCN(C)C)c(OCCOCCOCCO)c(OCCOCCOCCOC(=O)CCCN(C)C)c2C(=O)NCc2cc(OCCCCCCCCCCCC)cc(OCCCCCCCCCCCC)c2)cc(OCCCCCCCCCCCC)c1,6.163816239359984,6.2,PE-Gallic,v21_loo
1013,IAJD_014,PE-Gallic,CCCCCCCCCCCCOc1cc(CNC(=O)c2cc(OCCOCCOCCOC(=O)CCCN(C)C)c(OCCOCCOCCOC(=O)CCCN(C)C)c(OCCOCCOCCOC(=O)CCCN(C)C)c2C(=O)NCc2cc(OCCOCCOCCOC(=O)CCCN(C)C)c(OCCOCCOCCOC(=O)CCCN(C)C)c(OCCOCCOCCOC(=O)CCCN(C)C)c2C(=O)NCc2cc(OCCCCCCCCCCCC)cc(OCCCCCCCCCCCC)c2)cc(OCCCCCCCCCCCC)c1,6.157208053772302,6.02,PE-Gallic,v21_loo
1014,IAJD_015,PE-Gallic,CCCCCCCCCCCCOc1cc(CNC(=O)c2cc(OCCOCCOCCOC(=O)CCCN(C)C)c(OCCOCCOCCOC(=O)Cc3ccccc3)c(OCCOCCOCCOC(=O)Cc3ccccc3)c2C(=O)NCc2cc(OCCOCCOCCOC(=O)CCCN(C)C)c(OCCOCCOCCOC(=O)Cc3ccccc3)c(OCCOCCOCCOC(=O)Cc3ccccc3)c2C(=O)NCc2cc(OCCCCCCCCCCCC)cc(OCCCCCCCCCCCC)c2)cc(OCCCCCCCCCCCC)c1,6.146288246245957,5.84,PE-Gallic,v21_loo
1015,IAJD_016,PE-Gallic,CCCCCCCCCCCCOc1cc(CNC(=O)c2cc(OCCOCCOCCOC(=O)Cc3ccccc3)c(OCCOCCOCCOC(=O)CCCN(C)C)c(OCCOCCOCCOC(=O)Cc3ccccc3)c2C(=O)NCc2cc(OCCOCCOCCOC(=O)Cc3ccccc3)c(OCCOCCOCCOC(=O)CCCN(C)C)c(OCCOCCOCCOC(=O)Cc3ccccc3)c2C(=O)NCc2cc(OCCCCCCCCCCCC)cc(OCCCCCCCCCCCC)c2)cc(OCCCCCCCCCCCC)c1,6.203498031310225,5.52,PE-Gallic,v21_loo
1016,IAJD_017,PE-Gallic,CCCCCCCCCCCCOc1cc(CNC(=O)c2cc(OCCOCCOCCOC(=O)CCCN(C)C)c(OCCOCCOCCOC(=O)CCCN(C)C)c(OCCOCCOCCOC(=O)Cc3ccccc3)c2C(=O)NCc2cc(OCCOCCOCCOC(=O)CCCN(C)C)c(OCCOCCOCCOC(=O)CCCN(C)C)c(OCCOCCOCCOC(=O)Cc3ccccc3)c2C(=O)NCc2cc(OCCCCCCCCCCCC)cc(OCCCCCCCCCCCC)c2)cc(OCCCCCCCCCCCC)c1,6.101949154388477,6.16,PE-Gallic,v21_loo
1017,IAJD_018,PE-Gallic,CCCCCCCCCCCCOc1cc(CNC(=O)c2cc(OCCOCCOCCOC(=O)CCCN(C)C)c(OCCOCCOCCOC(=O)Cc3ccccc3)c(OCCOCCOCCOC(=O)CCCN(C)C)c2C(=O)NCc2cc(OCCOCCOCCOC(=O)CCCN(C)C)c(OCCOCCOCCOC(=O)Cc3ccccc3)c(OCCOCCOCCOC(=O)CCCN(C)C)c2C(=O)NCc2cc(OCCCCCCCCCCCC)cc(OCCCCCCCCCCCC)c2)cc(OCCCCCCCCCCCC)c1,6.088282258720662,6.32,PE-Gallic,v21_loo
1018,IAJD_019,G1-Janus-Dendrimer,CCCCCCCCOc1cc(CNC(=O)c2cc(OCCOCCOCCOC(=O)CCCN(C)C)c(OCCOCCOCCOC(=O)Cc3ccccc3)c(OCCOCCOCCOC(=O)CCCN(C)C)c2)cc(OCCCCCCCC)c1,6.3162482754267195,6.38,PE-Gallic,v21_loo
1019,IAJD_020,G1-Janus-Dendrimer,CCCCCCCCCOc1cc(CNC(=O)c2cc(OCCOCCOCCOC(=O)CCCN(C)C)c(OCCOCCOCCOC(=O)Cc3ccccc3)c(OCCOCCOCCOC(=O)CCCN(C)C)c2)cc(OCCCCCCCCC)c1,6.320541877468934,6.34,PE-Gallic,v21_loo
1020,IAJD_021,G1-Janus-Dendrimer,CCCCCCCCCCOc1cc(CNC(=O)c2cc(OCCOCCOCCOC(=O)CCCN(C)C)c(OCCOCCOCCOC(=O)Cc3ccccc3)c(OCCOCCOCCOC(=O)CCCN(C)C)c2)cc(OCCCCCCCCCC)c1,6.32966466836108,6.28,PE-Gallic,v21_loo
1021,IAJD_022,G1-Janus-Dendrimer,CCCCCCCCCCCOc1cc(CNC(=O)c2cc(OCCOCCOCCOC(=O)CCCN(C)C)c(OCCOCCOCCOC(=O)Cc3ccccc3)c(OCCOCCOCCOC(=O)CCCN(C)C)c2)cc(OCCCCCCCCCCC)c1,6.3178473249948945,6.38,PE-Gallic,v21_loo
1022,IAJD_023,G1-Janus-Dendrimer,CCCCC(CC)COc1cc(CNC(=O)c2cc(OCCOCCOCCOC(=O)CCCN(C)C)c(OCCOCCOCCOC(=O)Cc3ccccc3)c(OCCOCCOCCOC(=O)CCCN(C)C)c2)cc(OCCCCC(C)CC)c1,6.291589622344504,6.38,PE-Gallic,v21_loo
1023,IAJD_025,G1-Janus-Dendrimer,CC(C)CCCC(C)COc1cc(CNC(=O)c2cc(OCCOCCOCCOC(=O)CCCN(C)C)c(OCCOCCOCCOC(=O)Cc3ccccc3)c(OCCOCCOCCOC(=O)CCCN(C)C)c2)cc(OCC(C)CCCC(C)C)c1,6.342393727400897,6.15,PE-Gallic,v21_loo
1024,IAJD_026,PE-Gallic,CCCCCCCCCCOc1cc(COC(=O)c2cc(OCCOCCOCCOC(=O)CCCN(C)C)c(OCCOCCOCCOC(=O)Cc3ccccc3)c(OCCOCCOCCOC(=O)CCCN(C)C)c2C(=O)OCc2cc(OCCCCCCCCCC)cc(OCCCCCCCCCC)c2)cc(OCCCCCCCCCC)c1,6.139349477427195,6.24,PE-Gallic,v21_loo
1025,IAJD_027,PE-Gallic,CCCCCCCCCCCOc1cc(COC(=O)c2cc(OCCOCCOCCOC(=O)CCCN(C)C)c(OCCOCCOCCOC(=O)Cc3ccccc3)c(OCCOCCOCCOC(=O)CCCN(C)C)c2C(=O)OCc2cc(OCCCCCCCCCCC)cc(OCCCCCCCCCCC)c2)cc(OCCCCCCCCCCC)c1,6.1347309940246575,6.26,PE-Gallic,v21_loo
1026,IAJD_028,PE-Gallic,CCCCCCCCCCCCOc1cc(COC(=O)c2cc(OCCOCCOCCOC(=O)CCCN(C)C)c(OCCOCCOCCOC(=O)Cc3ccccc3)c(OCCOCCOCCOC(=O)CCCN(C)C)c2C(=O)OCc2cc(OCCCCCCCCCCCC)cc(OCCCCCCCCCCCC)c2)cc(OCCCCCCCCCCCC)c1,6.121510412422704,6.25,PE-Gallic,v21_loo
1027,IAJD_029,PE-Gallic,CCCCC(CC)COc1cc(COC(=O)c2cc(OCCOCCOCCOC(=O)CCCN(C)C)c(OCCOCCOCCOC(=O)Cc3ccccc3)c(OCCOCCOCCOC(=O)CCCN(C)C)c2C(=O)OCc2cc(OCC(CC)CCCC)cc(OCC(CC)CCCC)c2)cc(OCCCCC(C)CC)c1,6.180452419510251,6.1,PE-Gallic,v21_loo
1028,IAJD_030,G1-Janus-Dendrimer,CCCCCCCCCCCCOc1cc(CNC(=O)CC(COCCOCCOCOC(=O)CCCN(C)C)COCCOCCOCOC(=O)CCCN(C)C)cc(OCCCCCCCCCCCC)c1,6.341404723873453,6.42,PE-Gallic,v21_loo
1029,IAJD_031,G1-Janus-Dendrimer,CCCCCCCCCCCCOc1cc(COC(=O)CC(COCCOCCOCOC(=O)CCCN(C)C)(COCCOCCOCOC(=O)CCCN(C)C)COCCOCCOCOc2ccccc2)cc(OCCCCCCCCCCCC)c1OCCCCCCCCCCCC,6.281177848815918,6.7,PE-Gallic,v21_loo
1030,IAJD_032,PE-Gallic,CCCCCCCCCCCCOc1cc(CNC(=O)c2cc(OCCOCCOCCOCCOCCOC(=O)CCCN(C)C)c(OCCOCCOCCOCCOCCOC(=O)Cc3ccccc3)c(OCCOCCOCCOCCOCCOC(=O)CCCN(C)C)c2)cc(OCCCCCCCCCCCC)c1,6.334290431856074,6.22,PE-Gallic,v21_loo
1273,IAJD_033,PE-Gallic,CCCCCCCCCCCOc1cc(COC(=O)c2cc(OCCOCCOCC)c(OCCOCCOCCOC(=O)CCCN3CCN(C)CC3)c(OCCOCCOCCOC(=O)CCCN3CCN(C)CC3)c2)cc(OCCCCCCCCCCC)c1,6.397369469857808,6.66,PE-Gallic,v21_loo
1031,IAJD_034,G1-Janus-Dendrimer,CCCCCCCCCCCOc1cc(CNC(=O)c2cc(OCCOCCOCCOC(=O)CCCN3CCCCC3)c(OCCOCCOCCOC(=O)Cc3ccccc3)c(OCCOCCOCCOC(=O)CCCN3CCCCC3)c2)cc(OCCCCCCCCCCC)c1,6.50385736689977,6.74,PE-Gallic,v21_loo
1032,IAJD_035,G1-Janus-Dendrimer,CCCCCCCCCCCCOc1cc(CNC(=O)c2cc(OCCOCCOCCOC(=O)CCCN3CCN(C)CC3)c(OCCOCCOCCOC(=O)Cc3ccccc3)c(OCCOCCOCCOC(=O)CCCN3CCN(C)CC3)c2)cc(OCCCCCCCCCCCC)c1,6.328485364441078,6.16,PE-Gallic,v21_loo
1033,IAJD_036,G1-Janus-Dendrimer,CCCCCCCCCCCOc1cc(CNC(=O)c2cc(OCCOCCOCCOC(=O)CCCN3CCN(C)CC3)c(OCCOCCOCCOC(=O)Cc3ccccc3)c(OCCOCCOCCOC(=O)CCCN3CCN(C)CC3)c2)cc(OCCCCCCCCCCC)c1,6.389226927090506,5.89,PE-Gallic,v21_loo
1034,IAJD_038,PE-Gallic,CCCCCCCCCCCCOc1cc(COC(=O)c2cc(OCCOCCOCCOC(=O)CCCN(C)C)c(OCCOCCOCCO)c(OCCOCCOCCO)c2C(=O)OCc2cc(OCCCCCCCCCCCC)cc(OCCCCCCCCCCCC)c2)cc(OCCCCCCCCCCCC)c1,6.259456227479603,6.32,PE-Gallic,v21_loo
1035,IAJD_039,PE-Gallic,CCCCCCCCCCCCOc1cc(COC(=O)c2cc(OCCOCCOCCO)c(OCCOCCOCCOC(=O)CCCN(C)C)c(OCCOCCOCCO)c2C(=O)OCc2cc(OCCCCCCCCCCCC)cc(OCCCCCCCCCCCC)c2)cc(OCCCCCCCCCCCC)c1,6.283463569452864,6.24,PE-Gallic,v21_loo
1036,IAJD_040,PE-Gallic,CCCCCCCCCCCCOc1cc(COC(=O)c2cc(OCCOCCOCCOC(=O)CCCN(C)C)c(OCCOCCOCCOC(=O)CCCN(C)C)c(OCCOCCOCCO)c2C(=O)OCc2cc(OCCCCCCCCCCCC)cc(OCCCCCCCCCCCC)c2)cc(OCCCCCCCCCCCC)c1,6.2634899729511035,6.36,PE-Gallic,v21_loo
1037,IAJD_041,PE-Gallic,CCCCCCCCCCCCOc1cc(COC(=O)c2cc(OCCOCCOCCOC(=O)CCCN(C)C)c(OCCOCCOCCO)c(OCCOCCOCCOC(=O)CCCN(C)C)c2C(=O)OCc2cc(OCCCCCCCCCCCC)cc(OCCCCCCCCCCCC)c2)cc(OCCCCCCCCCCCC)c1,6.259499585034539,6.36,PE-Gallic,v21_loo
1038,IAJD_042,PE-Gallic,CCCCCCCCCCCCOc1cc(COC(=O)c2cc(OCCOCCOCCOC(=O)CCCN(C)C)c(OCCOCCOCCOC(=O)CCCN(C)C)c(OCCOCCOCCOC(=O)CCCN(C)C)c2C(=O)OCc2cc(OCCCCCCCCCCCC)cc(OCCCCCCCCCCCC)c2)cc(OCCCCCCCCCCCC)c1,6.287285516098609,6.06,PE-Gallic,v21_loo
1039,IAJD_044,G1-Janus-Dendrimer,CCCCCCCCCCCCOc1cc(CNC(=O)c2cc(OCCOCCOCCO)c(OCCOCCOCCO)c(OCCOCCOCCOC(=O)CCCN3CCCCC3)c2)cc(OCCCCCCCCCCCC)c1,6.388720365904842,6.75,PE-Gallic,v21_loo
1040,IAJD_045,G1-Janus-Dendrimer,CCCCCCCCCCCCOc1cc(CNC(=O)c2cc(OCCOCCOCCO)c(OCCOCCOCCO)c(OCCOCCOCCOC(=O)CCCN3CCN(C)CC3)c2)cc(OCCCCCCCCCCCC)c1,6.413158144653957,5.97,PE-Gallic,v21_loo
1041,IAJD_046,PE-Gallic,CCCCCCCCCCCCOc1cc(CNC(=O)c2cc(OCCOCCOCCOC(=O)CCCN3CCCCC3)c(OCCOCCOCCOC(=O)Cc3ccccc3)c(OCCOCCOCCOC(=O)CCCN3CCCCC3)c2C(=O)NCc2cc(OCCOCCOCCOC(=O)CCCN3CCCCC3)c(OCCOCCOCCOC(=O)Cc3ccccc3)c(OCCOCCOCCOC(=O)CCCN3CCCCC3)c2C(=O)NCc2cc(OCCCCCCCCCCCC)cc(OCCCCCCCCCCCC)c2)cc(OCCCCCCCCCCCC)c1,6.236943800731183,6.98,PE-Gallic,v21_loo
1042,IAJD_047,PE-Gallic,CCCCCCCCCCCCOc1cc(COC(=O)c2cc(OCCOCCOCCOC(=O)CCCN3CCCCC3)c(OCCOCCOCCOC(=O)Cc3ccccc3)c(OCCOCCOCCOC(=O)CCCN3CCCCC3)c2C(=O)OCc2cc(OCCCCCCCCCCCC)cc(OCCCCCCCCCCCC)c2)cc(OCCCCCCCCCCCC)c1,6.306873079122037,6.64,PE-Gallic,v21_loo
1043,IAJD_048,PE-Gallic,CCCCCCCCOc1cc(COC(=O)c2cc(OCCOCCOCCOC(=O)CCCN(C)C)c(OCCOCCOCCOC(=O)Cc3ccccc3)c(OCCOCCOCCOC(=O)CCCN(C)C)c2C(=O)OCc2cc(OCCCCCCCC)cc(OCCCCCCCC)c2)cc(OCCCCCCCC)c1,6.12450975060506,6.39,PE-Gallic,v21_loo
1044,IAJD_049,PE-Gallic,CC(C)CCCC(C)COc1cc(COC(=O)c2cc(OCCOCCOCCOC(=O)CCCN(C)C)c(OCCOCCOCCOC(=O)Cc3ccccc3)c(OCCOCCOCCOC(=O)CCCN(C)C)c2C(=O)OCc2cc(OCC(C)CCCC(C)C)cc(OCC(C)CCCC(C)C)c2)cc(OCC(C)CCCC(C)C)c1,6.11428356716581,6.47,PE-Gallic,v21_loo
1045,IAJD_050,PE-Gallic,CCCCCCCCCCCOc1cc(COC(=O)c2cc(OCCOCCOCCOC(=O)CCN(C)C)c(OCCOCCOCCOC(=O)Cc3ccccc3)c(OCCOCCOCCOC(=O)CCN(C)C)c2C(=O)OCc2cc(OCCCCCCCCCCC)cc(OCCCCCCCCCCC)c2)cc(OCCCCCCCCCCC)c1,6.11037313683966,5.9,PE-Gallic,v21_loo
1046,IAJD_051,PE-Gallic,CCCCCCCCCCCOc1cc(COC(=O)c2cc(OCCOCCOCCOC(=O)CN(C)C)c(OCCOCCOCCOC(=O)Cc3ccccc3)c(OCCOCCOCCOC(=O)CN(C)C)c2C(=O)OCc2cc(OCCCCCCCCCCC)cc(OCCCCCCCCCCC)c2)cc(OCCCCCCCCCCC)c1,6.222270856122369,4.91,PE-Gallic,v21_loo
1047,IAJD_054,PE-Gallic,CCCCCCCCCCCCOc1cc(CNC(=O)c2cc(OCCOCCOCCOCCOC(=O)CCCN3CCCCC3)c(OCCOCCOCCOCCOC(=O)Cc3ccccc3)c(OCCOCCOCCOCCOC(=O)CCCN3CCCCC3)c2)cc(OCCCCCCCCCCCC)c1,6.442456157052576,6.96,PE-Gallic,v21_loo
1048,IAJD66,sSS-Nonsym,CCCCCCCCCCCCOC1=CCCN(C)CCN2CCCC(=O)OCC(=C1)C=C2OCCCCCCCCCCCC,6.383847662679755,6.37,sSS-Nonsym,v21_loo
1049,IAJD_070,sSS-Nonsym,CCCCCCCCCCCCOc1cc(CNC(=O)CCCN2CCN(C)CC2)cc(OCCCCCCCCCCCC)c1,6.541009636876555,6.44,sSS-Nonsym,v21_loo
1050,IAJD71,sSS-Nonsym,CCCCCCCCCCCCOC1=CCCN(CCO)CCN2CCCC(=O)OCC(=C1)C=C2OCCCCCCCCCCCC,6.418077183595829,6.38,sSS-Nonsym,v21_loo
1051,IAJD74,sSS-Nonsym,CCCCCCCCCCCCCCOC1=CCCN(C)CCN2CCCC(=O)OCC(=C1)C=C2OCCCCCCCCCCCCCC,6.38485771668914,6.32,sSS-Nonsym,v21_loo
1052,IAJD_075,sSS-Nonsym,CCCCCCCCCCCCCCCCOc1cc(COC(=O)CCCN2CCN(C)CC2)cc(OCCCCCCCCCCCCCCCC)c1,6.458544511985778,6.275,sSS-Nonsym,v21_loo
1053,IAJD76,sSS-Nonsym,CCCCC(CC)COC1=CCCN(C)CCN2CCCC(=O)OCC(=C1)C=C2OCCCCC(C)CC,6.364161848820677,6.28,sSS-Nonsym,v21_loo
1054,IAJD77,sSS-Nonsym,CCCCCCCCCOC1=CCCN(C)CCN2CCCC(=O)OCC(=C1)C=C2OCCCCCCCCC,6.373102741915054,6.4,sSS-Nonsym,v21_loo
1055,IAJD_078,sSS-Nonsym,CCCCCCCCCCCCOc1ccc(COC(=O)CCCN2CCN(C)CC2)cc1OCCCCCCCCCCCC,6.298621456228576,6.46,sSS-Nonsym,v21_loo
1056,IAJD_079,GA-Tris,CCCCCCCCCCCCOc1cc(COC(=O)CCCN2CCN(C)CC2)cc(OCCCCCCCCCCCC)c1OCCCCCCCCCCCC,6.435756830399065,6.25,GA-Tris,v21_loo
1057,IAJD_081,Dialkoxybenzyl,CCCCCCCCCCCCCCCCCCOc1cc(COC(=O)CCCN2CCN(C)CC2)cc(OCCCCCCCCCCC)c1,6.46770774974823,6.19,Dialkoxybenzyl,v21_loo
1058,IAJD_082,PE-Tris,CCCCCCCCCCCCOCC(COCCCCCCCCCCCC)(COCCCCCCCCCCCC)COC(=O)CCCN1CCN(C)CC1,6.3354615300276285,6.26,PE-Tris,v21_loo
1059,IAJD_083,PE-Tris,CCCCCCCCCCCCOCC(COCCCCCCCCCCCC)(COCCCCCCCCCCCC)COC(=O)CCCN1CCN(CCO)CC1,6.402350618553162,6.3,PE-Tris,v21_loo
1060,IAJD_086,Dialkoxybenzyl,CCCCCCCCCCCCCCCCOc1cc(COC(=O)CCCN2CCN(C)CC2)cc(OCCCCCCCCCCC)c1,6.464130173110961,6.24,Dialkoxybenzyl,v21_loo
1061,IAJD87,sSS-Nonsym,CCCCC(CC)COC1=CCCN(CCO)CCN2CCCC(=O)OCC(=C1)C=C2OCCCCC(C)CC,6.489,,sSS-Nonsym,v91_full_bundle
1062,IAJD_087,Dialkoxybenzyl,CCCCC(CC)COc1cc(COC(=O)CCCN2CCN(CCO)CC2)cc(OCC(CC)CCCC)c1,6.408,,Dialkoxybenzyl,v91_full_bundle
1063,IAJD88,sSS-Nonsym,CCCCCCCCOC1=CCCN(C)CCN2CCCC(=O)OCC(=C1)C=C2OCCCCCCCC,6.378047890519512,6.28,sSS-Nonsym,v21_loo
1064,IAJD_089,sSS-Nonsym,CCCCCCCCOc1cc(COC(=O)CCCN2CCN(CCO)CC2)cc(OCCCCCCCC)c1,6.524501270103454,6.45,sSS-Nonsym,v21_loo
1065,IAJD91,sSS-Nonsym,CCCCCCCCCCOC1=CCCN(CCO)CCN2CCCC(=O)OCC(=C1)C=C2OCCCCCCCCCC,6.404137031948586,6.48,sSS-Nonsym,v21_loo
1066,IAJD_092,PE-Tris,CCCCC(CC)COCC(COCC(CC)CCCC)(COCC(CC)CCCC)COC(=O)CCCN1CCN(C)CC1,6.211721775082039,6.03,PE-Tris,v21_loo
1067,IAJD_093,PE-Tris,CCCCC(CC)COCC(COCC(CC)CCCC)(COCC(CC)CCCC)COC(=O)CCCN1CCN(CCO)CC1,6.1685757492182836,6.28,PE-Tris,v21_loo
1068,IAJD95,sSS-Nonsym,CCCCC(CC)COC(=O)CCCCOc1cc(COC(=O)CCCN2CCN(CCO)CC2)cc(OCCCCC(=O)OCC(CC)CCCC)c1,6.36237188205719,6.33,sSS-Nonsym,v21_loo
1069,IAJD_096,GA-Tris,CCCCC(CC)COc1cc(COC(=O)CCCN2CCN(C)CC2)cc(OCC(CC)CCCC)c1OCC(CC)CCCC,6.398161644849682,6.32,GA-Tris,v21_loo
1070,IAJD_097,GA-Tris,CCCCC(CC)COc1cc(COC(=O)CCCN2CCN(CCO)CC2)cc(OCC(CC)CCCC)c1OCC(CC)CCCC,6.3494315192746225,6.48,GA-Tris,v21_loo
1071,IAJD98,sSS-Nonsym,CCCCCCCCCCCCCCCCCCOC1=CCCN(C)CCN2CCCC(=O)OCC(=C1)C=C2OCCCCCCCCCCCCCCCCCC,6.389399681935457,6.25,sSS-Nonsym,v21_loo
1072,IAJD99,sSS-Nonsym,CCCCCCCCCCCCCCCCCCOC1=CCCN(CCO)CCN2CCCC(=O)OCC(=C1)C=C2OCCCCCCCCCCCCCCCCCC,6.420725790771238,6.31,sSS-Nonsym,v21_loo
1073,IAJD_100,PE-Tris,CCCCCCCCCCCCCCCCOCC(COCCCCCCCCCCCCCCCC)(COCCCCCCCCCCCCCCCC)COC(=O)CCCN1CCN(C)CC1,6.345914995407636,6.12,PE-Tris,v21_loo
1074,IAJD_101,PE-Tris,CCCCCCCCCCCCCCCCOCC(COCCCCCCCCCCCCCCCC)(COCCCCCCCCCCCCCCCC)COC(=O)CCCN1CCN(CCO)CC1,6.395452530670167,6.32,PE-Tris,v21_loo
1075,IAJD_105,Dialkoxybenzyl,CCCCCCCCCCCCCCOc1cc(COC(=O)CCCN2CCN(C)CC2)cc(OCCCCCCCCCCC)c1,6.440791567039488,6.5,Dialkoxybenzyl,v21_loo
1076,IAJD_106,Dialkoxybenzyl,CCCCCCCCCCCCCCCCOc1cc(COC(=O)CCCN2CCN(C)CC2)cc(OCCCCCCCCCCCC)c1,6.457109244155884,6.32,Dialkoxybenzyl,v21_loo
1077,IAJD_107,Dialkoxybenzyl,CCCCCCCCCCCCCCCCCCOc1cc(COC(=O)CCCN2CCN(C)CC2)cc(OCCCCCCCCCCCC)c1,6.444233499336242,6.42,Dialkoxybenzyl,v21_loo
1078,IAJD_108,sSS-Nonsym,CCCCCCCCCCCCCCOc1cc(COC(=O)CCCN2CCN(C)CC2)cc(OCCCCCCCCCCCCCC)c1,6.434822448158264,6.59,sSS-Nonsym,v21_loo
1079,IAJD110,G1-Janus-Dendrimer,CCCCCCCCCCCCOC1=CCCCCCN2C=CC=CC=C3CCCCCN4CCCC(=O)OCCOCCOCCOc5cc(cc(c5OCCOCCOCCOC3)OCCOCCOCCOC(=O)CCC2)C(=O)OCC(=C1)C=C4OCCCCCCCCCCCC,7.424743715558849,7.64,G1-Janus-Dendrimer,v21_loo
1080,IAJD111,G1-Janus-Dendrimer,CCCCCCCCCCCOC1=CCCCCCN2C=CC=CC=C3CCCCCN4CCCC(=O)OCCOCCOCCOc5cc(cc(c5OCCOCCOCCOC3)OCCOCCOCCOC(=O)CCC2)C(=O)OCC(=C1)C=C4OCCCCCCCCCCC,7.433154636192483,7.58,G1-Janus-Dendrimer,v21_loo
1081,IAJD112,sSS-Nonsym,CCCCCCCCCCCOc1cc(COC(=O)CCCN2CCN(C)CC2)cc(OCCCCCCCC)c1,6.447030191612243,6.4,sSS-Nonsym,v21_loo
1082,IAJD_113,sSS-Nonsym,CCCCCCCCCCCOc1cc(COC(=O)CCCN2CCN(CCO)CC2)cc(OCCCCCCCC)c1,6.524133075141907,6.52,sSS-Nonsym,v21_loo
1083,IAJD_114,sSS-Nonsym,CCCCCCCCCCCOc1cc(COC(=O)CCCN2CCN(C)CC2)cc(OCCCCCCCCCC)c1,6.445828713035583,6.43,sSS-Nonsym,v21_loo
1084,IAJD_115,sSS-Nonsym,CCCCCCCCCCCOc1cc(COC(=O)CCCN2CCN(CCO)CC2)cc(OCCCCCCCCCC)c1,6.534110910797119,6.32,sSS-Nonsym,v21_loo
1085,IAJD_116,sSS-Nonsym,CCCCCCCCCCCCCOc1cc(COC(=O)CCCN2CCN(C)CC2)cc(OCCCCCCCCCCC)c1,6.446671758651733,6.51,sSS-Nonsym,v21_loo
1086,IAJD_117,sSS-Nonsym,CCCCCCCCCCCCCOc1cc(COC(=O)CCCN2CCN(CCO)CC2)cc(OCCCCCCCCCCC)c1,6.52271674156189,6.49,sSS-Nonsym,v21_loo
1087,IAJD_118,sSS-Nonsym,CCCCCCCCCCCCCCCOc1cc(COC(=O)CCCN2CCN(C)CC2)cc(OCCCCCCCCCCC)c1,6.435281907081603,6.33,sSS-Nonsym,v21_loo
1088,IAJD_119,sSS-Nonsym,CCCCCCCCCCCCCCCOc1cc(COC(=O)CCCN2CCN(CCO)CC2)cc(OCCCCCCCCCCC)c1,6.524579182624817,6.44,sSS-Nonsym,v21_loo
1089,IAJD_120,sSS-Nonsym,CCCCCCCCCCCCCCCCOc1cc(COC(=O)CCCN2CCN(CCO)CC2)cc(OCCCCCCCCCCC)c1,6.526228662872315,6.37,sSS-Nonsym,v21_loo
1090,IAJD_122,sSS-Nonsym,CCCCCCCCCCCOc1cc(COC(=O)CCCN2CCN(CCO)CC2)cc(OCCCCCCCCC)c1,6.51285245666504,6.66,sSS-Nonsym,v21_loo
1091,IAJD123,sSS-Nonsym,CCCCCCCCCCCCOc1cc(COC(=O)CCCN2CCN(C)CC2)cc(OCCCCCCCCCCC)c1,6.446330748558044,6.61,sSS-Nonsym,v21_loo
1092,IAJD_124,sSS-Nonsym,CCCCCCCCCCCCOc1cc(COC(=O)CCCN2CCN(CCO)CC2)cc(OCCCCCCCCCCC)c1,6.516454553413391,6.65,sSS-Nonsym,v21_loo
1093,IAJD_125,sSS-Nonsym,CCCCCCCCCCCCCCOc1cc(COC(=O)CCCN2CCN(CCO)CC2)cc(OCCCCCCCCCCC)c1,6.512405702590943,6.64,sSS-Nonsym,v21_loo
1094,IAJD_126,sSS-Nonsym,CCCCCCCCCCCCCCCCCOc1cc(COC(=O)CCCN2CCN(C)CC2)cc(OCCCCCCCCCCC)c1,6.440998683929442,6.52,sSS-Nonsym,v21_loo
1095,IAJD_127,sSS-Nonsym,CCCCCCCCCCCCCCCCCOc1cc(COC(=O)CCCN2CCN(CCO)CC2)cc(OCCCCCCCCCCC)c1,6.521910394096374,6.52,sSS-Nonsym,v21_loo
1096,IAJD_128,sSS-Nonsym,CCCCCCCCCCCCCCCCCCOc1cc(COC(=O)CCCN2CCN(CCO)CC2)cc(OCCCCCCCCCCC)c1,6.50648661441803,6.68,sSS-Nonsym,v21_loo
1097,IAJD129,sSS-Nonsym,CCCCCCCCCCCOc1cc(COC(=O)CCCN2CCN(C)CC2)cc(OCC(CC)CCCC)c1,6.380765786911792,6.49,sSS-Nonsym,v21_loo
1098,IAJD_130,sSS-Nonsym,CCCCCCCCCCCOc1cc(COC(=O)CCCN2CCN(CCO)CC2)cc(OCC(CC)CCCC)c1,6.355355435940188,6.62,sSS-Nonsym,v21_loo
1099,IAJD131,G1-Janus-Dendrimer,CCCCCCCCCCCCCCCCCCOC1=CCCCCCN2C=CC=CC=C3CCCCCN4CCCC(=O)OCCOCCOCCOc5cc(cc(c5OCCOCCOCCOC3)OCCOCCOCCOC(=O)CCC2)C(=O)OCC(=C1)C=C4OCCCCCCCCCCC,7.471067823274142,7.34,G1-Janus-Dendrimer,v21_loo
1100,IAJD_133,sSS-Nonsym,CCCCCCCCCCCCCCOc1cc(CNC(=O)CCCN2CCN(C)CC2)cc(OCCCCCCCCCCC)c1,6.505092932026896,6.57,sSS-Nonsym,v21_loo
1101,IAJD134,sSS-Nonsym,CCCCCCCCCCCOc1cc(CNC(=O)CCCN2CCCCC2)cc(OCCCCCCCCCCC)c1,6.594286556686305,7.35,sSS-Nonsym,v21_loo
1102,IAJD_135,sSS-Nonsym,CCCCCCCCCCCCCCCOc1cc(COC(=O)CCCN2CCN(C)CC2)cc(OCC(CC)CCCC)c1,6.390705506955662,6.32,sSS-Nonsym,v21_loo
1103,IAJD_136,sSS-Nonsym,CCCCCCCCCCCCCCCOc1cc(COC(=O)CCCN2CCN(CCO)CC2)cc(OCC(CC)CCCC)c1,6.364755535673015,6.5,sSS-Nonsym,v21_loo
1104,IAJD137,sSS-Nonsym,CCCCCCCCCCCCCCCOc1cc(COC(=O)CCCN2CCN(C)CC2)cc(OCCCCCCCC)c1,6.440488396644591,6.44,sSS-Nonsym,v21_loo
1105,IAJD_138,sSS-Nonsym,CCCCCCCCCCCCCCCOc1cc(COC(=O)CCCN2CCN(CCO)CC2)cc(OCCCCCCCC)c1,6.509467466545105,6.62,sSS-Nonsym,v21_loo
1106,IAJD139,sSS-Nonsym,CCCCCCCCCCCCCCCOc1cc(COC(=O)CCCN2CCN(C)CC2)cc(OCCCCCCCCC)c1,6.447393356323241,6.43,sSS-Nonsym,v21_loo
1107,IAJD140,sSS-Nonsym,CCCCCCCCCCCCCCCOc1cc(COC(=O)CCCN2CCN(CCO)CC2)cc(OCCCCCCCCC)c1,6.500996382904052,6.43,sSS-Nonsym,v21_loo
1108,IAJD_141,sSS-Nonsym,CCCCCCCCCCCCCCCOc1cc(COC(=O)CCCN2CCN(C)CC2)cc(OCCCCCCCCCC)c1,6.446226917266845,6.56,sSS-Nonsym,v21_loo
1109,IAJD_142,sSS-Nonsym,CCCCCCCCCCCCCCCOc1cc(COC(=O)CCCN2CCN(CCO)CC2)cc(OCCCCCCCCCC)c1,6.504048379135131,6.69,sSS-Nonsym,v21_loo
1110,IAJD_143,sSS-Nonsym,CCCCCCCCCCCCCCCOc1cc(COC(=O)CCCN2CCN(C)CC2)cc(OCCCCCCCCCCCC)c1,6.436081396102905,6.33,sSS-Nonsym,v21_loo
1111,IAJD_144,sSS-Nonsym,CCCCCCCCCCCCCCCOc1cc(COC(=O)CCCN2CCN(CCO)CC2)cc(OCCCCCCCCCCCC)c1,6.5074507553100585,6.51,sSS-Nonsym,v21_loo
1112,IAJD_145,sSS-Nonsym,CCCCCCCCCCCCCCCOc1cc(COC(=O)CCCN2CCN(C)CC2)cc(OCCCCCCCCCCCCC)c1,6.431458793640136,6.28,sSS-Nonsym,v21_loo
1113,IAJD_146,sSS-Nonsym,CCCCCCCCCCCCCCCOc1cc(COC(=O)CCCN2CCN(CCO)CC2)cc(OCCCCCCCCCCCCC)c1,6.507700141143799,6.59,sSS-Nonsym,v21_loo
1114,IAJD_147,sSS-Nonsym,CCCCCCCCCCCCCCCOc1cc(COC(=O)CCCN2CCN(C)CC2)cc(OCCCCCCCCCCCCCC)c1,6.4331487522125235,6.32,sSS-Nonsym,v21_loo
1115,IAJD_148,sSS-Nonsym,CCCCCCCCCCCCCCCOc1cc(COC(=O)CCCN2CCN(CCO)CC2)cc(OCCCCCCCCCCCCCC)c1,6.50783782787323,6.65,sSS-Nonsym,v21_loo
1116,IAJD_149,sSS-Nonsym,CCCCCCCCCCCCCCCCOc1cc(COC(=O)CCCN2CCN(C)CC2)cc(OCCCCCCCCCCCCCCC)c1,6.443482361793517,6.5,sSS-Nonsym,v21_loo
1117,IAJD_150,sSS-Nonsym,CCCCCCCCCCCCCCCCOc1cc(COC(=O)CCCN2CCN(CCO)CC2)cc(OCCCCCCCCCCCCCCC)c1,6.508470757675171,6.65,sSS-Nonsym,v21_loo
1118,IAJD_151,sSS-Nonsym,CCCCCCCCCCCCCCCCCOc1cc(COC(=O)CCCN2CCN(C)CC2)cc(OCCCCCCCCCCCCCCC)c1,6.439726911544799,6.39,sSS-Nonsym,v21_loo
1119,IAJD_152,sSS-Nonsym,CCCCCCCCCCCCCCCCCOc1cc(COC(=O)CCCN2CCN(CCO)CC2)cc(OCCCCCCCCCCCCCCC)c1,6.507495029640197,6.65,sSS-Nonsym,v21_loo
1120,IAJD_153,sSS-Nonsym,CCCCCCCCCCCCCCCCCCOc1cc(COC(=O)CCCN2CCN(C)CC2)cc(OCCCCCCCCCCCCCCC)c1,6.44071351146698,6.42,sSS-Nonsym,v21_loo
1121,IAJD_154,sSS-Nonsym,CCCCCCCCCCCCCCCCCCOc1cc(COC(=O)CCCN2CCN(CCO)CC2)cc(OCCCCCCCCCCCCCCC)c1,6.50532351322174,6.48,sSS-Nonsym,v21_loo
1122,IAJD155,G1-Janus-Dendrimer,CCCCCCCCCCCOC1=CC2=CC(OCC(CC)CCCC)=CCCCCCN3C=CC=CC=C4CCCCCN1CCCC(=O)OCCOCCOCCOc1cc(cc(c1OCCOCCOCCOC4)OCCOCCOCCOC(=O)CCC3)C(=O)OC2,7.459473077393012,7.4,G1-Janus-Dendrimer,v21_loo
1123,IAJD156,G1-Janus-Dendrimer,CCCCCCCCCCCCCCOC1=CCCCCCN2C=CC=CC=C3CCCCCN4CCCC(=O)OCCOCCOCCOc5cc(cc(c5OCCOCCOCCOC3)OCCOCCOCCOC(=O)CCC2)C(=O)OCC(=C1)C=C4OCCCCCCCCCCC,7.458424179159169,7.43,G1-Janus-Dendrimer,v21_loo
1124,IAJD157,G1-Janus-Dendrimer,CCCCCCCCCCCCCCCOC1=CCCCCCN2C=CC=CC=C3CCCCCN4CCCC(=O)OCCOCCOCCOc5cc(cc(c5OCCOCCOCCOC3)OCCOCCOCCOC(=O)CCC2)C(=O)OCC(=C1)C=C4OCCCCCCCCCCC,7.459143490319311,7.42,G1-Janus-Dendrimer,v21_loo
1125,IAJD158,G1-Janus-Dendrimer,CCCCCCCCCCCCCCCCCOC1=CCCCCCN2C=CC=CC=C3CCCCCN4CCCC(=O)OCCOCCOCCOc5cc(cc(c5OCCOCCOCCOC3)OCCOCCOCCOC(=O)CCC2)C(=O)OCC(=C1)C=C4OCCCCCCCCCCC,7.464698747807772,7.38,G1-Janus-Dendrimer,v21_loo
1126,IAJD159,G1-Janus-Dendrimer,CCCCCCCCCCCCCCCCCOC1=CCCCCCN2C=CC=CC=C3CCCCCN4CCCC(=O)OCCOCCOCCOc5cc(cc(c5OCCOCCOCCOC3)OCCOCCOCCOC(=O)CCC2)C(=O)NCC(=C1)C=C4OCCCCCCCCCCC,7.4603829973585185,7.4,G1-Janus-Dendrimer,v21_loo
1127,IAJD_161,sSS-Nonsym,CCCCCCCCCCCCCOc1cc(COC(=O)CCCN2CCN(C)CC2)cc(OCC(CC)CCCC)c1,6.387882025883498,6.38,sSS-Nonsym,v21_loo
1128,IAJD_162,sSS-Nonsym,CCCCCCCCCCCCCOc1cc(COC(=O)CCCN2CCN(CCO)CC2)cc(OCC(CC)CCCC)c1,6.371629693468655,6.33,sSS-Nonsym,v21_loo
1129,IAJD163,sSS-Nonsym,CCCCCCCCCCCCCOc1cc(COC(=O)CCCN2CCN(C)CC2)cc(OCCCCCCCC)c1,6.436878453254699,6.3,sSS-Nonsym,v21_loo
1130,IAJD164,sSS-Nonsym,CCCCCCCCCCCCCOc1cc(COC(=O)CCCN2CCN(CCO)CC2)cc(OCCCCCCCC)c1,6.4935682613372805,6.29,sSS-Nonsym,v21_loo
1131,IAJD167,sSS-Nonsym,CCCCCCCCCCCCCOc1cc(COC(=O)CCCN2CCN(C)CC2)cc(OCCCCCCCCCC)c1,6.438257966995239,6.24,sSS-Nonsym,v21_loo
1132,IAJD169,sSS-Nonsym,CCCCCCCCCCCCCOc1cc(COC(=O)CCCN2CCN(C)CC2)cc(OCCCCCCCCCCCC)c1,6.44600804901123,6.44,sSS-Nonsym,v21_loo
1133,IAJD_171,sSS-Nonsym,CCCCCCCCCCCCCCOc1cc(COC(=O)CCCN2CCN(C)CC2)cc(OCCCCCCCCCCCCC)c1,6.429527913093566,6.16,sSS-Nonsym,v21_loo
1134,IAJD_172,sSS-Nonsym,CCCCCCCCCCCCCCOc1cc(COC(=O)CCCN2CCN(CCO)CC2)cc(OCCCCCCCCCCCCC)c1,6.491630895805359,6.03,sSS-Nonsym,v21_loo
1135,IAJD_173,sSS-Nonsym,CCCCCCCCCCCCCCCCOc1cc(COC(=O)CCCN2CCN(C)CC2)cc(OCCCCCCCCCCCCC)c1,6.431415306091308,5.91,sSS-Nonsym,v21_loo
1136,IAJD_177,sSS-Nonsym,CCCCCCCCCCCCCCCCCCOc1cc(COC(=O)CCCN2CCN(C)CC2)cc(OCCCCCCCCCCCCC)c1,6.427552424430846,5.9,sSS-Nonsym,v21_loo
1137,IAJD_178,sSS-Nonsym,CCCCCCCCCCCCCCCCCCOc1cc(COC(=O)CCCN2CCN(CCO)CC2)cc(OCCCCCCCCCCCCC)c1,6.482179530334473,5.97,sSS-Nonsym,v21_loo
1138,IAJD179,sSS-Nonsym,CCCCCCCCCOc1cc(COC(=O)CCCN2CCN(C)CC2)cc(OCC(CC)CCCC)c1,6.378523528684531,6.51,sSS-Nonsym,v21_loo
1139,IAJD180,sSS-Nonsym,CCCCCCCCCOc1cc(COC(=O)CCCN2CCN(CCO)CC2)cc(OCC(CC)CCCC)c1,6.369424822001764,6.49,sSS-Nonsym,v21_loo
1140,IAJD181,sSS-Nonsym,CCCCCCCCCOc1cc(COC(=O)CCCN2CCN(C)CC2)cc(OCCCCCCCC)c1,6.435636960029601,6.42,sSS-Nonsym,v21_loo
1141,IAJD182,sSS-Nonsym,CCCCCCCCCOc1cc(COC(=O)CCCN2CCN(CCO)CC2)cc(OCCCCCCCC)c1,6.502813633155823,6.41,sSS-Nonsym,v21_loo
1142,IAJD183,sSS-Nonsym,CCCCCCCCCCOc1cc(COC(=O)CCCN2CCN(C)CC2)cc(OCCCCCCCCC)c1,6.4380627021789545,6.32,sSS-Nonsym,v21_loo
1143,IAJD184,sSS-Nonsym,CCCCCCCCCCOc1cc(COC(=O)CCCN2CCN(CCO)CC2)cc(OCCCCCCCCC)c1,6.500532396507263,6.36,sSS-Nonsym,v21_loo
1144,IAJD185,sSS-Nonsym,CCCCCCCCCCCCOc1cc(COC(=O)CCCN2CCN(C)CC2)cc(OCCCCCCCCC)c1,6.438416253089904,6.3,sSS-Nonsym,v21_loo
1145,IAJD186,sSS-Nonsym,CCCCCCCCCCCCOc1cc(COC(=O)CCCN2CCN(CCO)CC2)cc(OCCCCCCCCC)c1,6.495209320259094,6.19,sSS-Nonsym,v21_loo
1146,IAJD187,sSS-Nonsym,CCCCCCCCCCCCCCOc1cc(COC(=O)CCCN2CCN(C)CC2)cc(OCCCCCCCCC)c1,6.439632116317748,6.43,sSS-Nonsym,v21_loo
1147,IAJD188,sSS-Nonsym,CCCCCCCCCCCCCCOc1cc(COC(=O)CCCN2CCN(CCO)CC2)cc(OCCCCCCCCC)c1,6.505444462966919,6.46,sSS-Nonsym,v21_loo
1148,IAJD189,sSS-Nonsym,CCCCCCCCCCCCCCCCOc1cc(COC(=O)CCCN2CCN(C)CC2)cc(OCCCCCCCCC)c1,6.439072357177734,6.3,sSS-Nonsym,v21_loo
1149,IAJD190,sSS-Nonsym,CCCCCCCCCCCCCCCCOc1cc(COC(=O)CCCN2CCN(CCO)CC2)cc(OCCCCCCCCC)c1,6.496065648269653,6.35,sSS-Nonsym,v21_loo
1150,IAJD191,sSS-Nonsym,CCCCCCCCCCCCCCCCCOc1cc(COC(=O)CCCN2CCN(C)CC2)cc(OCCCCCCCCC)c1,6.442618165969848,6.54,sSS-Nonsym,v21_loo
1151,IAJD192,sSS-Nonsym,CCCCCCCCCCCCCCCCCOc1cc(COC(=O)CCCN2CCN(CCO)CC2)cc(OCCCCCCCCC)c1,6.50255480594635,6.42,sSS-Nonsym,v21_loo
1152,IAJD193,sSS-Nonsym,CCCCCCCCCCCCCCCCCCOc1cc(COC(=O)CCCN2CCN(C)CC2)cc(OCCCCCCCCC)c1,6.4346083745956415,6.34,sSS-Nonsym,v21_loo
1153,IAJD194,sSS-Nonsym,CCCCCCCCCCCCCCCCCCOc1cc(COC(=O)CCCN2CCN(CCO)CC2)cc(OCCCCCCCCC)c1,6.498826058578491,6.37,sSS-Nonsym,v21_loo
1154,IAJD197,sSS-Nonsym,CCCCCCCCCCCCOc1cc(COC(=O)CCCN2CCN(C)CC2)cc(OCC(CC)CCCC)c1,6.389984050827108,6.33,sSS-Nonsym,v21_loo
1155,IAJD198,sSS-Nonsym,CCCCCCCCCCCCOc1cc(COC(=O)CCCN2CCN(CCO)CC2)cc(OCC(CC)CCCC)c1,6.375086865774021,6.28,sSS-Nonsym,v21_loo
1156,IAJD199,sSS-Nonsym,CCCCCCCCCCCCOc1cc(COC(=O)CCCN2CCN(C)CC2)cc(OCCCCCCCC)c1,6.441167698860168,6.41,sSS-Nonsym,v21_loo
1157,IAJD200,sSS-Nonsym,CCCCCCCCCCCCOc1cc(COC(=O)CCCN2CCN(CCO)CC2)cc(OCCCCCCCC)c1,6.492589743804931,6.17,sSS-Nonsym,v21_loo
1158,IAJD201,sSS-Nonsym,CCCCCCCCCCCCOc1cc(COC(=O)CCCN2CCN(CCO)CC2)cc(OCCCCCCCCCC)c1,6.498001177978516,6.27,sSS-Nonsym,v21_loo
1159,IAJD202,sSS-Nonsym,CCCCCCCCCCCCCCOc1cc(COC(=O)CCCN2CCN(C)CC2)cc(OCCCCCCCCCCCC)c1,6.435514198303222,6.24,sSS-Nonsym,v21_loo
1160,IAJD203,sSS-Nonsym,CCCCCCCCCCCCCCOc1cc(COC(=O)CCCN2CCN(CCO)CC2)cc(OCCCCCCCCCCCC)c1,6.498059805107117,6.35,sSS-Nonsym,v21_loo
1161,IAJD204,sSS-Nonsym,CCCCCCCCCCCCCCCCOc1cc(COC(=O)CCCN2CCN(CCO)CC2)cc(OCCCCCCCCCCCC)c1,6.495112999153137,6.26,sSS-Nonsym,v21_loo
1162,IAJD205,sSS-Nonsym,CCCCCCCCCCCCCCCCCOc1cc(COC(=O)CCCN2CCN(C)CC2)cc(OCCCCCCCCCCCC)c1,6.430903087615966,6.27,sSS-Nonsym,v21_loo
1163,IAJD206,sSS-Nonsym,CCCCCCCCCCCCCCCCCOc1cc(COC(=O)CCCN2CCN(CCO)CC2)cc(OCCCCCCCCCCCC)c1,6.494055946540833,6.28,sSS-Nonsym,v21_loo
1164,IAJD207,sSS-Nonsym,CCCCCCCCCCCCCCCCCCOc1cc(COC(=O)CCCN2CCN(CCO)CC2)cc(OCCCCCCCCCCCC)c1,6.48835585899353,6.14,sSS-Nonsym,v21_loo
1165,IAJD208,sSS-Nonsym,CCCCCCCCCCCCCCOc1cc(COC(=O)CCCN2CCN(C)CC2)cc(OCC(CC)CCCC)c1,6.395128881110182,6.2,sSS-Nonsym,v21_loo
1166,IAJD209,sSS-Nonsym,CCCCCCCCCCCCCCOc1cc(COC(=O)CCCN2CCN(CCO)CC2)cc(OCC(CC)CCCC)c1,6.3735029588020025,6.26,sSS-Nonsym,v21_loo
1167,IAJD210,sSS-Nonsym,CCCCCCCCCCCCCCOc1cc(COC(=O)CCCN2CCN(C)CC2)cc(OCCCCCCCC)c1,6.4322858915328975,6.19,sSS-Nonsym,v21_loo
1168,IAJD211,sSS-Nonsym,CCCCCCCCCCCCCCOc1cc(COC(=O)CCCN2CCN(CCO)CC2)cc(OCCCCCCCC)c1,6.490971716117858,6.1,sSS-Nonsym,v21_loo
1169,IAJD212,sSS-Nonsym,CCCCCCCCCCCCCCOc1cc(COC(=O)CCCN2CCN(C)CC2)cc(OCCCCCCCCCC)c1,6.436587654113769,6.26,sSS-Nonsym,v21_loo
1170,IAJD213,sSS-Nonsym,CCCCCCCCCCCCCCOc1cc(COC(=O)CCCN2CCN(CCO)CC2)cc(OCCCCCCCCCC)c1,6.492470367622375,6.05,sSS-Nonsym,v21_loo
1171,IAJD214,sSS-Nonsym,CCCCCCCCCCCCCCCCCCOc1cc(COC(=O)CCCN2CCN(C)CC2)cc(OCCCCCCCCCCCCCC)c1,6.428624616622924,6.23,sSS-Nonsym,v21_loo
1172,IAJD215,sSS-Nonsym,CCCCCCCCCCCCCCCCCCOc1cc(COC(=O)CCCN2CCN(CCO)CC2)cc(OCCCCCCCCCCCCCC)c1,6.492338379096985,6.3,sSS-Nonsym,v21_loo
1173,IAJD216,sSS-Nonsym,CCCCCCCCCCCCCCCCOc1cc(COC(=O)CCCN2CCN(C)CC2)cc(OCC(CC)CCCC)c1,6.396273257398858,6.26,sSS-Nonsym,v21_loo
1174,IAJD217,sSS-Nonsym,CCCCCCCCCCCCCCCCOc1cc(COC(=O)CCCN2CCN(CCO)CC2)cc(OCC(CC)CCCC)c1,6.3811308603453565,6.2,sSS-Nonsym,v21_loo
1175,IAJD218,sSS-Nonsym,CCCCCCCCCCCCCCCCOc1cc(COC(=O)CCCN2CCN(C)CC2)cc(OCCCCCCCC)c1,6.4355602607727045,6.26,sSS-Nonsym,v21_loo
1176,IAJD219,sSS-Nonsym,CCCCCCCCCCCCCCCCOc1cc(COC(=O)CCCN2CCN(CCO)CC2)cc(OCCCCCCCC)c1,6.49701634235382,6.35,sSS-Nonsym,v21_loo
1177,IAJD220,sSS-Nonsym,CCCCCCCCCCCCCCCCOc1cc(COC(=O)CCCN2CCN(C)CC2)cc(OCCCCCCCCCC)c1,6.430590163230895,6.26,sSS-Nonsym,v21_loo
1178,IAJD221,sSS-Nonsym,CCCCCCCCCCCCCCCCOc1cc(COC(=O)CCCN2CCN(CCO)CC2)cc(OCCCCCCCCCC)c1,6.49401422328949,6.22,sSS-Nonsym,v21_loo
1179,IAJD222,sSS-Nonsym,CCCCCCCCCCCCCCCCOc1cc(COC(=O)CCCN2CCN(C)CC2)cc(OCCCCCCCCCCCCCC)c1,6.44157198524475,6.39,sSS-Nonsym,v21_loo
1180,IAJD223,sSS-Nonsym,CCCCCCCCCCCCCCCCOc1cc(COC(=O)CCCN2CCN(CCO)CC2)cc(OCCCCCCCCCCCCCC)c1,6.50400551147461,6.46,sSS-Nonsym,v21_loo
1181,IAJD224,sSS-Nonsym,CCCCCCCCCCCCCCCCCOc1cc(COC(=O)CCCN2CCN(C)CC2)cc(OCCCCCCCCCCCCCCCC)c1,6.438114176750182,6.33,sSS-Nonsym,v21_loo
1182,IAJD225,sSS-Nonsym,CCCCCCCCCCCCCCCCCOc1cc(COC(=O)CCCN2CCN(CCO)CC2)cc(OCCCCCCCCCCCCCCCC)c1,6.499296839904785,6.36,sSS-Nonsym,v21_loo
1183,IAJD226,sSS-Nonsym,CCCCCCCCCCCCCCCCCCOc1cc(COC(=O)CCCN2CCN(C)CC2)cc(OCCCCCCCCCCCCCCCC)c1,6.441291032791137,6.46,sSS-Nonsym,v21_loo
1184,IAJD227,sSS-Nonsym,CCCCCCCCCCCCCCCCCCOc1cc(COC(=O)CCCN2CCN(CCO)CC2)cc(OCCCCCCCCCCCCCCCC)c1,6.505082543563843,6.49,sSS-Nonsym,v21_loo
1185,IAJD228,sSS-Nonsym,CCCCCCCCCCCCCCCCCOc1cc(COC(=O)CCCN2CCN(C)CC2)cc(OCC(CC)CCCC)c1,6.370865277964248,6.56,sSS-Nonsym,v21_loo
1186,IAJD229,sSS-Nonsym,CCCCCCCCCCCCCCCCCOc1cc(COC(=O)CCCN2CCN(CCO)CC2)cc(OCC(CC)CCCC)c1,6.3744748184232245,6.3,sSS-Nonsym,v21_loo
1187,IAJD230,sSS-Nonsym,CCCCCCCCCCCCCCCCCOc1cc(COC(=O)CCCN2CCN(C)CC2)cc(OCCCCCCCC)c1,6.43817945575714,6.3,sSS-Nonsym,v21_loo
1188,IAJD231,sSS-Nonsym,CCCCCCCCCCCCCCCCCOc1cc(COC(=O)CCCN2CCN(CCO)CC2)cc(OCCCCCCCC)c1,6.49224761314392,5.95,sSS-Nonsym,v21_loo
1189,IAJD232,sSS-Nonsym,CCCCCCCCCCCCCCCCCOc1cc(COC(=O)CCCN2CCN(C)CC2)cc(OCCCCCCCCCC)c1,6.4336188182830805,6.28,sSS-Nonsym,v21_loo
1190,IAJD233,sSS-Nonsym,CCCCCCCCCCCCCCCCCOc1cc(COC(=O)CCCN2CCN(CCO)CC2)cc(OCCCCCCCCCC)c1,6.495239217948914,6.31,sSS-Nonsym,v21_loo
1191,IAJD234,sSS-Nonsym,CCCCCCCCCCCCCCCCCOc1cc(COC(=O)CCCN2CCN(C)CC2)cc(OCCCCCCCCCCCCCC)c1,6.43622497177124,6.35,sSS-Nonsym,v21_loo
1192,IAJD235,sSS-Nonsym,CCCCCCCCCCCCCCCCCOc1cc(COC(=O)CCCN2CCN(CCO)CC2)cc(OCCCCCCCCCCCCCC)c1,6.491027672958374,6.24,sSS-Nonsym,v21_loo
1193,IAJD236,sSS-Nonsym,CCCCCCCCCCCCCCCCCCOc1cc(COC(=O)CCCN2CCN(C)CC2)cc(OCC(CC)CCCC)c1,6.390111937044746,6.34,sSS-Nonsym,v21_loo
1194,IAJD237,sSS-Nonsym,CCCCCCCCCCCCCCCCCCOc1cc(COC(=O)CCCN2CCN(CCO)CC2)cc(OCC(CC)CCCC)c1,6.3764384875571904,6.26,sSS-Nonsym,v21_loo
1195,IAJD238,sSS-Nonsym,CCCCCCCCCCCCCCCCCCOc1cc(COC(=O)CCCN2CCN(C)CC2)cc(OCCCCCCCC)c1,6.433474741935729,6.25,sSS-Nonsym,v21_loo
1196,IAJD239,sSS-Nonsym,CCCCCCCCCCCCCCCCCCOc1cc(COC(=O)CCCN2CCN(CCO)CC2)cc(OCCCCCCCC)c1,6.4891096193313595,6.22,sSS-Nonsym,v21_loo
1197,IAJD240,sSS-Nonsym,CCCCCCCCCCCCCCCCCCOc1cc(COC(=O)CCCN2CCN(C)CC2)cc(OCCCCCCCCCC)c1,6.4314763174057,6.29,sSS-Nonsym,v21_loo
1198,IAJD241,sSS-Nonsym,CCCCCCCCCCCCCCCCCCOc1cc(COC(=O)CCCN2CCN(CCO)CC2)cc(OCCCCCCCCCC)c1,6.497902734947204,6.33,sSS-Nonsym,v21_loo
1199,IAJD242,sSS-Nonsym,CCCCCCCCCCCCCCCCCCOc1cc(COC(=O)CCCN2CCN(C)CC2)cc(OCCCCCCCCCCCCCCCCC)c1,6.438308320999145,6.31,sSS-Nonsym,v21_loo
1200,IAJD243,sSS-Nonsym,CCCCCCCCCCCCCCCCCCOc1cc(COC(=O)CCCN2CCN(CCO)CC2)cc(OCCCCCCCCCCCCCCCCC)c1,6.495782788467407,6.34,sSS-Nonsym,v21_loo
1201,IAJD244,sSS-Nonsym,CCCCCCCCCCOc1cc(COC(=O)CCCN2CCN(C)CC2)cc(OCCCCCCCC)c1,6.432443915367125,6.3,sSS-Nonsym,v21_loo
1202,IAJD245,sSS-Nonsym,CCCCCCCCCCOc1cc(COC(=O)CCCN2CCN(CCO)CC2)cc(OCCCCCCCC)c1,6.50179477519989,6.4,sSS-Nonsym,v21_loo
1203,IAJD246,sSS-Nonsym,CCCCCCCCCCOc1cc(COC(=O)CCCN2CCN(C)CC2)cc(OCC(CC)CCCC)c1,6.391091196691074,6.32,sSS-Nonsym,v21_loo
1204,IAJD247,sSS-Nonsym,CCCCCCCCCCOc1cc(COC(=O)CCCN2CCN(CCO)CC2)cc(OCC(CC)CCCC)c1,6.370822422952522,6.39,sSS-Nonsym,v21_loo
1205,IAJD_248,PE-Tris,CCCCCCCCOCC(COCCCCCCCC)(COCCCCCCCC)COC(=O)CCCN1CCN(CCO)CC1,6.39249981994629,6.35,PE-Tris,v21_loo
1206,IAJD_249,PE-Tris,CCCCCCCCOCC(COCCCCCCCC)(COCCCCCCCC)COC(=O)CCCN1CCN(CCO)CC1,6.39249981994629,6.35,PE-Tris,v21_loo
1207,IAJD_250,PE-Tris,CCCCCCCCCCCOCC(COCCCCCCCCCCC)(COCCCCCCCCCCC)COC(=O)CCCN1CCN(C)CC1,6.328754977097835,6.35,PE-Tris,v21_loo
1208,IAJD_251,PE-Tris,CCCCCCCCCCCOCC(COCCCCCCCCCCC)(COCCCCCCCCCCC)COC(=O)CCCN1CCN(CCO)CC1,6.376854991912842,6.56,PE-Tris,v21_loo
1209,IAJD_253,GA-Tris,CCCCC(CC)COc1cc(COC(=O)CCCN2CCN(CCOCCO)CC2)cc(OCC(CC)CCCC)c1OCC(CC)CCCC,6.302375665755479,6.37,GA-Tris,v21_loo
1210,IAJD263,sSS-Nonsym,CCCCCCCCCCOc1cc(COC(=O)CCCN2CCN(C)CC2)cc(OCCCCCCCCCC)c1,6.447636161804199,6.48,sSS-Nonsym,v21_loo
1211,IAJD264,sSS-Nonsym,CCCCCCCCCCCCCCCOc1cc(COC(=O)CCCN2CCN(CCO)CC2)cc(OCCCCCCCCCCCCCCC)c1,6.5091909486770625,6.54,sSS-Nonsym,v21_loo
1212,IAJD265,sSS-Nonsym,CCCCCCCCCCCCCCCCCOc1cc(COC(=O)CCCN2CCN(C)CC2)cc(OCCCCCCCCCCCCCCCCC)c1,6.443481718063354,6.54,sSS-Nonsym,v21_loo
1213,IAJD266,sSS-Nonsym,CCCCCCCCCCCCCCCCCOc1cc(COC(=O)CCCN2CCN(CCO)CC2)cc(OCCCCCCCCCCCCCCCCC)c1,6.508674343299866,6.52,sSS-Nonsym,v21_loo
1214,IAJD267,sSS-Nonsym,CCCCCCCCCOC1=CCCN(CCO)CCN2CCCC(=O)OCC(=C1)C=C2OCCCCCCCCC,6.395748847991044,6.52,sSS-Nonsym,v21_loo
1215,IAJD268,sSS-Nonsym,CCCCCCCCCCCOc1cc(COC(=O)CCCN2CCN(CCO)CC2)cc(OCCCCCCCCCCC)c1,6.5098146039962765,6.5,sSS-Nonsym,v21_loo
1216,IAJD269,sSS-Nonsym,CCCCCCCCCCCCCOC1=CCCN(C)CCN2CCCC(=O)OCC(=C1)C=C2OCCCCCCCCCCCCC,6.361891335411483,6.5,sSS-Nonsym,v21_loo
1217,IAJD270,sSS-Nonsym,CCCCCCCCCCCCCOC1=CCCN(CCO)CCN2CCCC(=O)OCC(=C1)C=C2OCCCCCCCCCCCCC,6.399195008966244,6.5,sSS-Nonsym,v21_loo
1218,IAJD271,sSS-Nonsym,CCCCCCCCCCCCCCOc1cc(COC(=O)CCCN2CCN(CCO)CC2)cc(OCCCCCCCCCCCCCC)c1,6.503487094116211,6.45,sSS-Nonsym,v21_loo
1219,IAJD272,sSS-Nonsym,CCCCCCCCCCCCCCCCOc1cc(COC(=O)CCCN2CCN(CCO)CC2)cc(OCCCCCCCCCCCCCCCC)c1,6.503819497299194,6.48,sSS-Nonsym,v21_loo
1220,IAJD_273,PE-Tris,CCCCCCCCCCCCOCC(COCCCCCCCCCCCC)(COCCCCCCCCCCCC)COC(=O)CCCN1CCN(CCOCC)CC1,6.552,,PE-Tris,v91_full_bundle
1221,IAJD_274,PE-Tris,CCCCCCCCCCCCOCC(COCCCCCCCCCCCC)(COCCCCCCCCCCCC)COC(=O)CCCN1CCN(CCOCCO)CC1,6.307796479567584,6.21,PE-Tris,v21_loo
1222,IAJD_275,PE-Tris,CCCCCCCCCOCC(COCCCCCCCCC)(COCCCCCCCCC)COC(=O)CCCN1CCN(C)CC1,6.316962393690632,6.45,PE-Tris,v21_loo
1223,IAJD_276,PE-Tris,CCCCCCCCCOCC(COCCCCCCCCC)(COCCCCCCCCC)COC(=O)CCCN1CCN(CCO)CC1,6.389172855758669,6.44,PE-Tris,v21_loo
1224,IAJD_277,PE-Tris,CCCCCCCCCCOCC(COCCCCCCCCCC)(COCCCCCCCCCC)COC(=O)CCCN1CCN(C)CC1,6.316411670614766,6.45,PE-Tris,v21_loo
1225,IAJD_278,PE-Tris,CCCCCCCCCCOCC(COCCCCCCCCCC)(COCCCCCCCCCC)COC(=O)CCCN1CCN(CCO)CC1,6.377051928329468,6.57,PE-Tris,v21_loo
1226,IAJD_279,PE-Tris,CCCCCCCCCCCCCOCC(COCCCCCCCCCCCCC)(COCCCCCCCCCCCCC)COC(=O)CCCN1CCN(C)CC1,6.350635734760585,6.1,PE-Tris,v21_loo
1227,IAJD_280,PE-Tris,CCCCCCCCCCCCCOCC(COCCCCCCCCCCCCC)(COCCCCCCCCCCCCC)COC(=O)CCCN1CCN(CCO)CC1,6.394346586227417,6.26,PE-Tris,v21_loo
1228,IAJD282,PE-Tris,CCCCCCCCCCCCCCOCC(COCCCCCCCCCCCCCC)(COCCCCCCCCCCCCCC)COC(=O)CCCN1CCN(C)CC1,6.324008809891563,6.31,PE-Tris,v21_loo
1229,IAJD_283,PE-Tris,CCCCCCCCCCCCCCOCC(COCCCCCCCCCCCCCC)(COCCCCCCCCCCCCCC)COC(=O)CCCN1CCN(CCO)CC1,6.420017617607118,6.09,PE-Tris,v21_loo
1230,IAJD_284,PE-Tris,CCCCCCCCCCCCCCCOCC(COCCCCCCCCCCCCCCC)(COCCCCCCCCCCCCCCC)COC(=O)CCCN1CCN(C)CC1,6.326620280114036,6.31,PE-Tris,v21_loo
1231,IAJD_285,PE-Tris,CCCCCCCCCCCCCCCOCC(COCCCCCCCCCCCCCCC)(COCCCCCCCCCCCCCCC)COC(=O)CCCN1CCN(CCO)CC1,6.373630793762207,6.5,PE-Tris,v21_loo
1232,IAJD_287,PE-Tris,CCCCCCCOCC(COCCCCCCC)(COCCCCCCC)COC(=O)CCCN1CCN(CCOCCO)CC1,6.274293405959928,6.48,PE-Tris,v21_loo
1233,IAJD_288,PE-Tris,CCCCC(CC)COCC(COCC(CC)CCCC)(COCC(CC)CCCC)COC(=O)CCCN1CCN(CCOCCO)CC1,6.151094986028704,6.31,PE-Tris,v21_loo
1234,IAJD_289,PE-Tris,CCCCCCCOCC(COCCCCCCC)(COCCCCCCC)COC(=O)CCCN1CCN(C)CC1,6.3167115635229765,6.46,PE-Tris,v21_loo
1235,IAJD_290,PE-Tris,CCCCCCCOCC(COCCCCCCC)(COCCCCCCC)COC(=O)CCCN1CCN(CCO)CC1,6.394201622772218,6.42,PE-Tris,v21_loo
1236,IAJD_291,PE-Tris,CCCCCCCOCC(COCCCCCCC)(COCCCCCCC)COC(=O)CCCN1CCN(CCO)CC1,6.394201622772218,6.42,PE-Tris,v21_loo
1237,IAJD_292,PE-Tris,CCCCCCCOCC(COCCCCCCC)(COCCCCCCC)COC(=O)CCCN1CCN(CCOCCO)CC1,6.274293405959928,6.48,PE-Tris,v21_loo
1238,IAJD_294,Dialkoxybenzyl,CCCCC(CC)COc1cc(OCC(CC)CCCC)cc(C(=O)OCCCCN2CCN(C)CC2)c1,6.202472711555687,6.34,Dialkoxybenzyl,v21_loo
1239,IAJD_297,Dialkoxybenzyl,CCCCC(CC)COc1ccc(C(=O)OCCCCN2CCN(CCO)CC2)cc1OCC(CC)CCCC,6.32,,Dialkoxybenzyl,v91_full_bundle
1240,IAJD_299,PE-Tris,CCCCCCOCC(COCCCCCC)(COCCCCCC)COC(=O)CCCN1CCN(CCO)CC1,6.384763942527772,6.48,PE-Tris,v21_loo
1241,IAJD_300,GA-Tris,CCCCC(CC)COc1cc(C(=O)OCCCCN2CCN(CCO)CC2)cc(OCC(CC)CCCC)c1OCC(CC)CCCC,6.277829210880141,6.46,GA-Tris,v21_loo
1242,IAJD_301,GA-Tris,CCCCC(CC)COc1cc(CNC(=O)CCCN2CCN(CCO)CC2)cc(OCC(CC)CCCC)c1OCC(CC)CCCC,6.405673494370375,6.37,GA-Tris,v21_loo
1243,IAJD_308,Dialkoxybenzyl,CCCCCCCCCCCCCCCCCCOc1cc(OCCCCCCCCCCCCC)cc(C(=O)OCCCCN2CCN(C)CC2)c1,6.389426928654748,5.94,Dialkoxybenzyl,v21_loo
1244,IAJD_309,Dialkoxybenzyl,CCCCCCCCCCCCCCCCCCOc1cc(OCCCCCCCCCCCCC)cc(C(=O)OCCCCN2CCN(CCO)CC2)c1,6.314633291084931,6.24,Dialkoxybenzyl,v21_loo
1245,IAJD_310,Dialkoxybenzyl,CCCCCCCCCCCCCCCCCCOc1cc(COC(=O)CCCN2CCN(CCO)CC2)ccc1OCCCCCCCCCCCCC,6.486260729191342,5.71,Dialkoxybenzyl,v21_loo
1246,IAJD_312,PE-Tris,CCCCCCCCOCC(COCCCCCCCC)(COCCCCCCCC)COC(=O)CCCN1CCN(CCOCCO)CC1,6.300359517709096,6.28,PE-Tris,v21_loo
1247,IAJD_313,PE-Tris,CCCCC(CC)COCC(COCC(CC)CCCC)(COCC(CC)CCCC)COC(=O)CCN1CCN(CCO)CC1,6.149992842719646,6.05,PE-Tris,v21_loo
1248,IAJD_314,PE-Tris,CCCCC(CC)COCC(COCC(CC)CCCC)(COCC(CC)CCCC)COC(=O)CCN1CCN(CCOCCO)CC1,6.152031472509888,6.0,PE-Tris,v21_loo
1249,IAJD_317,PE-Tris,CCCCCCCCOCC(COCCCCCCCC)(COCCCCCCCC)COC(=O)CCN1CCN(CCO)CC1,6.37512770729065,6.04,PE-Tris,v21_loo
1250,IAJD_318,PE-Tris,CCCCCCCCOCC(COCCCCCCCC)(COCCCCCCCC)COC(=O)CCN1CCN(CCOCCO)CC1,6.225619956192484,5.98,PE-Tris,v21_loo
1251,IAJD_319,PE-Tris,CCCCCCCCOCC(COCCCCCCCC)(COCCCCCCCC)COC(=O)CCCCN1CCN(CCO)CC1,6.388816819953919,6.38,PE-Tris,v21_loo
1252,IAJD_320,PE-Tris,CCCCCCCCOCC(COCCCCCCCC)(COCCCCCCCC)COC(=O)CCCCN1CCN(CCOCCO)CC1,6.267219076726884,6.13,PE-Tris,v21_loo
1253,IAJD_321,GA-Tris,CCCCC(CC)COc1cc(COC(=O)CCN2CCN(CCO)CC2)cc(OCC(CC)CCCC)c1OCC(CC)CCCC,6.343240419780657,6.44,GA-Tris,v21_loo
1254,IAJD_322,GA-Tris,CCCCC(CC)COc1cc(COC(=O)CCN2CCN(CCOCCO)CC2)cc(OCC(CC)CCCC)c1OCC(CC)CCCC,6.30631594356794,6.24,GA-Tris,v21_loo
1255,IAJD_323,GA-Tris,CCCCC(CC)COc1cc(COC(=O)CCCCN2CCN(CCO)CC2)cc(OCC(CC)CCCC)c1OCC(CC)CCCC,6.354569058704329,6.51,GA-Tris,v21_loo
1256,IAJD_324,GA-Tris,CCCCC(CC)COc1cc(COC(=O)CCCCN2CCN(CCOCCO)CC2)cc(OCC(CC)CCCC)c1OCC(CC)CCCC,6.281206594148013,6.51,GA-Tris,v21_loo
1257,IAJD_325,PE-Tris,CCCCC(CC)COCC(COCC(CC)CCCC)(COCC(CC)CCCC)COC(=O)CCCCN1CCN(CCO)CC1,6.169302787052616,6.36,PE-Tris,v21_loo
1258,IAJD_326,PE-Tris,CCCCC(CC)COCC(COCC(CC)CCCC)(COCC(CC)CCCC)COC(=O)CCCCN1CCN(CCOCCO)CC1,6.142068892681777,6.33,PE-Tris,v21_loo
1259,IAJD_329,GA-Tris,CCCCC(CC)COc1cc(COC(=O)CN2CCN(CCO)CC2)cc(OCC(CC)CCCC)c1OCC(CC)CCCC,6.322927793874843,6.06,GA-Tris,v21_loo
1260,IAJD_330,GA-Tris,CCCCC(CC)COc1cc(COC(=O)CN2CCN(CCOCCO)CC2)cc(OCC(CC)CCCC)c1OCC(CC)CCCC,6.246697086906366,6.22,GA-Tris,v21_loo
1261,IAJD_331,PE-Tris,CCCCCCCCOCC(COCCCCCCCC)(COCCCCCCCC)COC(=O)CN1CCN(CCO)CC1,6.251138604702015,5.97,PE-Tris,v21_loo
1262,IAJD_332,PE-Tris,CCCCCCCCOCC(COCCCCCCCC)(COCCCCCCCC)COC(=O)CN1CCN(CCOCCO)CC1,6.210814152436874,5.93,PE-Tris,v21_loo
1263,IAJD_333,PE-Tris,CCCCC(CC)COCC(COCC(CC)CCCC)(COCC(CC)CCCC)COC(=O)CN1CCN(CCO)CC1,6.116551524201384,5.92,PE-Tris,v21_loo
1264,IAJD_334,PE-Tris,CCCCC(CC)COCC(COCC(CC)CCCC)(COCC(CC)CCCC)COC(=O)CN1CCN(CCOCCO)CC1,6.117010656914579,5.87,PE-Tris,v21_loo
1274,IAJD_347,GA-Tris,CCCCC(CC)CCOc1cc(COC(=O)CCCN2CCN(CCOCCO)CC2)cc(OCCC(CC)CCCC)c1OCCC(CC)CCC,6.10920018944425,6.016585284503124,GA-Tris,v21_loo
1275,IAJD_348,GA-Tris,CCCCC(CC)CCOc1cc(COC(=O)CCCN2CCN(CCO)CC2)cc(OCCC(CC)CCCC)c1OCCC(CC)CCC,6.121366196324377,6.072437188289094,GA-Tris,v21_loo
1276,IAJD_365,GA-Tris,CCCCC(CC)CCOc1cc(COC(=O)CCN2CCN(CCOCCO)CC2)cc(OCCC(CC)CCCC)c1OCCC(CC)CCCC,6.1008354565834315,6.016585284503124,GA-Tris,v21_loo
1277,IAJD_366,GA-Tris,CCCCC(CC)CCOc1cc(COC(=O)CCN2CCN(CCO)CC2)cc(OCCC(CC)CCCC)c1OCCC(CC)CCC,6.10247255999498,6.07764814450276,GA-Tris,v21_loo
1278,IAJD_367,GA-Tris,CCCCC(CC)CCOc1cc(COC(=O)CN2CCN(CCO)CC2)cc(OCCC(CC)CCCC)c1OCCC(CC)CCC,6.061912385304659,6.066324205664059,GA-Tris,v21_loo
1279,IAJD_369,GA-Tris,CCCCC(CC)CCOc1cc(COC(=O)CN2CCN(CCOCCO)CC2)cc(OCCC(CC)CCCC)c1OCCC(CC)CCCC,6.083947019614414,6.003922208961526,GA-Tris,v21_loo
1280,IAJD_372,GA-Tris,CCCCC(CC)CCOc1cc(COC(=O)CCCCN2CCN(CCO)CC2)cc(OCCC(CC)CCCC)c1OCCC(CC)CCCC,6.1458177637842475,6.006070705512967,GA-Tris,v21_loo
1281,IAJD_373,GA-Tris,CCCCC(CC)CCOc1cc(COC(=O)CCCCN2CCN(CCOCCO)CC2)cc(OCCC(CC)CCCC)c1OCCC(CC)CCCC,6.148336245393027,5.990389026972889,GA-Tris,v21_loo
