fold,row_id,smiles,family,true,M0,M0_quad,M1,M2,M3,predicted_pKa
0,1002,CCCCCCCCCCCCCCCCCCOc1cc(COC(=O)CCCN2CCN(C)CC2)cc(OCCCCCCCCCCC)c1,Dialkoxybenzyl,7.365487984890899,7.5930094718933105,7.592831236197668,7.46213960647583,7.3965744972229,7.47237565891145,6.341403188090771
0,1003,CCCCCCCCCCCCCCCCOc1cc(COC(=O)CCCN2CCN(C)CC2)cc(OCCCCCCCCCCC)c1,Dialkoxybenzyl,7.674861140737812,7.6284308433532715,7.555543160234887,7.56896448135376,7.674072265625,7.62892296687959,6.4097549650296575
0,1006,CCCCCCCCCCCCCCCCCCOc1cc(COC(=O)CCCN2CCN(C)CC2)cc(OCCCCCCCCCCCC)c1,Dialkoxybenzyl,7.340444114840118,8.191535949707031,7.594504282994674,7.591327667236328,7.48639440536499,7.283607033652051,6.338530919203162
0,1013,CCCCCCCCCCCCCCCOc1cc(COC(=O)CCCN2CCN(CCO)CC2)cc(OCCCCCCCCCCC)c1,sSS-Nonsym,7.914871817540051,7.817805767059326,7.541860482632313,7.822244167327881,8.016462326049805,7.870401441173238,6.437354772768169
0,1014,CCCCCCCCCCCCCCCCOc1cc(COC(=O)CCCN2CCN(CCO)CC2)cc(OCCCCCCCCCCC)c1,sSS-Nonsym,7.394451680826216,7.867837905883789,7.577013145209396,7.868696689605713,8.130584716796875,7.625287686900778,6.369325352019816
0,1015,CCCCCCCCCCCOc1cc(COC(=O)CCCN2CCN(CCO)CC2)cc(OCCCCCCCCC)c1,sSS-Nonsym,7.397940008672037,7.264777183532715,7.471221372324845,7.265671253204346,7.7822265625,7.296902143077535,6.620048457577079
0,1016,CCCCCCCCCCCCOc1cc(COC(=O)CCCN2CCN(CCO)CC2)cc(OCCCCCCCCCCC)c1,sSS-Nonsym,7.576341350205793,7.18980073928833,7.478632498321733,7.750232696533203,7.34296989440918,7.241388761119527,6.595709735119902
0,1022,CCCCCCCCCCCCCCOc1cc(CNC(=O)CCCN2CCN(C)CC2)cc(OCCCCCCCCCCC)c1,sSS-Nonsym,7.045322978786658,7.264777183532715,7.476031395672997,7.265671253204346,7.1106953620910645,7.048446529823858,6.6040249534284765
0,1033,CCCCCCCCCCCCCCCOc1cc(COC(=O)CCCN2CCN(CCO)CC2)cc(OCCCCCCCCCCCCCC)c1,sSS-Nonsym,7.801403710017355,7.486650466918945,7.476920089341071,7.631017208099365,7.292227268218994,7.716032086925191,6.601158067767694
0,1039,CCCCCCCCCCCCCCCCCCOc1cc(COC(=O)CCCN2CCN(CCO)CC2)cc(OCCCCCCCCCCCCCCC)c1,sSS-Nonsym,7.378397900948138,7.517855167388916,7.528667563928444,7.473963260650635,7.497971534729004,7.053657208995505,6.4656190175145865
0,1042,CCCCCCCCCCCCCCOc1cc(COC(=O)CCCN2CCN(C)CC2)cc(OCCCCCCCCCCCCC)c1,sSS-Nonsym,7.885361220031512,7.928240776062012,7.672865318479381,7.944747447967529,7.880135536193848,7.795292007033818,6.217383453682064
0,1072,CCCCCCCCCCCCOc1cc(CNC(=O)c2cc(OCCOCCOCCOC(=O)CCCN(C)C)c(OCCOCCOCCOC(=O)CCCN(C)C)c(OCCOCCOCCOC(=O)Cc3ccccc3)c2)cc(OCCCCCCCCCCCC)c1,G1-Janus-Dendrimer,5.597585501752205,7.733659744262695,7.52499478645225,7.253121376037598,7.1866230964660645,7.320518493652344,6.4738198785557275
0,1101,CCCCCCCCCCCCOc1cc(CNC(=O)c2cc(OCCOCCOCCOC(=O)CCCN(C)C)c(OCCOCCOCCOC(=O)Cc3ccccc3)c(OCCOCCOCCOC(=O)CCCN(C)C)c2C(=O)NCc2cc(OCCOCCOCCOC(=O)CCCN(C)C)c(OCCOCCOCCOC(=O)Cc3ccccc3)c(OCCOCCOCCOC(=O)CCCN(C)C)c2C(=O)NCc2cc(OCCCCCCCCCCCC)cc(OCCCCCCCCCCCC)c2)cc(OCCCCCCCCCCCC)c1,TT-Dendrimer,6.019116290447073,7.49243688583374,7.825551854756089,5.800944805145264,5.556474208831787,6.343240261077881,6.028354551697194
0,1110,CCCCCCCCCCCOc1cc(COC(=O)c2cc(OCCOCCOCCOC(=O)CCCN(C)C)c(OCCOCCOCCOC(=O)Cc3ccccc3)c(OCCOCCOCCOC(=O)CCCN(C)C)c2C(=O)OCc2cc(OCCCCCCCCCCC)cc(OCCCCCCCCCCC)c2)cc(OCCCCCCCCCCC)c1,HTM-Dendrimer,7.678973375919766,7.892563343048096,7.644604601914086,7.654999256134033,7.634479999542236,7.671533107757568,6.258437663469895
0,1111,CCCCCCCCCCCCOc1cc(COC(=O)c2cc(OCCOCCOCCOC(=O)CCCN(C)C)c(OCCOCCOCCOC(=O)Cc3ccccc3)c(OCCOCCOCCOC(=O)CCCN(C)C)c2C(=O)OCc2cc(OCCCCCCCCCCCC)cc(OCCCCCCCCCCCC)c2)cc(OCCCCCCCCCCCC)c1,HTM-Dendrimer,7.248953615495708,7.5646209716796875,7.648394343168373,7.422326564788818,7.226339817047119,7.254781723022461,6.252781428526688
0,1149,CCCCCCCCCCCCCCCCCCOc1cc(COC(=O)CCCN2CCN(C)CC2)cc(OCCCCCCCCCCCC)c1,Dialkoxybenzyl,7.340444114840118,8.191535949707031,7.594504282994674,7.591327667236328,7.48639440536499,7.283607033652051,6.338530919203162
0,1157,CCCCC(CC)COc1cc(COC(=O)CN2CCN(CCO)CC2)cc(OCC(CC)CCCC)c1OCC(CC)CCCC,GA-Tris,8.3605,7.928240776062012,7.670360002075352,8.359721183776855,8.517005920410156,8.383956909179688,6.2209228453575145
0,1159,CCCCC(CC)COc1cc(COC(=O)CCCN2CCN(CCO)CC2)cc(OCC(CC)CCCC)c1OCC(CC)CCCC,GA-Tris,8.77742682238931,7.82415246963501,7.527932225275158,7.826310634613037,7.824836254119873,7.820116996765137,6.467248534061172
0,1167,CCCCC(CC)COc1cc(COC(=O)CCCN2CCN(CCOCCO)CC2)cc(OCC(CC)CCCC)c1OCC(CC)CCCC,GA-Tris,6.491361693834273,7.677274703979492,7.563339498832846,8.024066925048828,8.022154808044434,7.05042028427124,6.3947006717815045
0,1174,CCCCCCCOCC(COCCCCCCC)(COCCCCCCC)COC(=O)CCCN1CCN(CCO)CC1,PE-Tris,7.781755374652469,6.397743225097656,7.550255117360891,5.863200664520264,5.742713451385498,5.69412899017334,6.420233913624425
0,1175,CCCCC(CC)COCC(COCC(CC)CCCC)(COCC(CC)CCCC)COC(=O)CCCN1CCN(C)CC1,PE-Tris,6.222716471147583,7.95902681350708,7.679570194489813,7.533581733703613,8.047701835632324,6.662444591522217,6.208
0,1180,CCCCCCCCCOCC(COCCCCCCCCC)(COCCCCCCCCC)COC(=O)CCCN1CCN(CCO)CC1,PE-Tris,7.785329835010767,7.297382354736328,7.547783757144568,5.874232769012451,5.724433422088623,6.790322780609131,6.42521030727228
0,1187,CCCCCCCCCCCCCOCC(COCCCCCCCCCCCCC)(COCCCCCCCCCCCCC)COC(=O)CCCN1CCN(CCO)CC1,PE-Tris,7.041392685158225,8.168837547302246,7.6407608647207965,8.324446678161621,6.982525825500488,6.1897478103637695,6.264225779186301
0,1195,CCCCCCCCCCCOCC(COCCCCCCCCCCC)(COCCCCCCCCCCC)COC(=O)CCCN1CCN(C)CC1,PE-Tris,5.698970004336019,7.266843318939209,7.597240212687822,8.485282897949219,6.008319854736328,5.864058017730713,6.333865228729384
0,1196,CCCCCCCCCCCCOCC(COCCCCCCCCCCCC)(COCCCCCCCCCCCC)COC(=O)CCCN1CCN(CCOCCO)CC1,PE-Tris,5.698970004336019,7.95902681350708,7.67700275791751,7.533581733703613,6.980288982391357,6.151610851287842,6.2115780381379215
0,1197,CCCCCCCCCCCCCCCOCC(COCCCCCCCCCCCCCCC)(COCCCCCCCCCCCCCCC)COC(=O)CCCN1CCN(C)CC1,PE-Tris,5.698970004336019,7.733392715454102,7.661047246656004,7.672543048858643,6.845994472503662,5.644381046295166,6.234244081906347
0,1201,CCCCC(CC)COCC(COCC(CC)CCCC)(COCC(CC)CCCC)COC(=O)CN1CCN(CCO)CC1,PE-Tris,8.342422680822207,8.160758018493652,7.98125036544964,8.570160865783691,8.749211311340332,8.68167781829834,5.870701001349642
0,1213,CCCCCCCCOCC(COCCCCCCCC)(COCCCCCCCC)COC(=O)CCCN1CCN(CCO)CC1,PE-Tris,8.775974331129369,7.974409580230713,7.602037184848932,8.048295974731445,8.002297401428223,8.7933988571167,6.325776042698643
0,1214,CCCCCCCCOCC(COCCCCCCCC)(COCCCCCCCC)COC(=O)CCCN1CCN(CCO)CC1,PE-Tris,8.800029359244133,7.974409580230713,7.602037184848932,8.048295974731445,8.002297401428223,8.7933988571167,6.325776042698643
0,1219,CCCCCCCCOCC(COCCCCCCCC)(COCCCCCCCC)COC(=O)CCCCN1CCN(CCOCCO)CC1,PE-Tris,8.340444114840118,7.744224548339844,7.610371635052587,5.858347415924072,8.401068687438965,8.584979057312012,6.311985539634674
0,1224,CCCCC(CC)COc1cc(COC(=O)CCCN2CCN(CCO)CC2)cc(OCC(CC)CCCC)c1OCC(CC)CCCC,GA-Tris,7.117271295655764,7.82415246963501,7.527932225275158,7.826310634613037,7.824836254119873,7.820116996765137,6.467248534061172
0,1231,CCCCC(CC)COc1cc(COC(=O)CCCN2CCN(CCO)CC2)cc(OCC(CC)CCCC)c1OCC(CC)CCCC,GA-Tris,8.507855871695831,7.82415246963501,7.527932225275158,7.826310634613037,7.824836254119873,7.820116996765137,6.467248534061172
0,1232,CCCCC(CC)COc1cc(COC(=O)CCCN2CCN(CCO)CC2)cc(OCC(CC)CCCC)c1OCC(CC)CCCC,GA-Tris,7.770115294787102,7.82415246963501,7.527932225275158,7.826310634613037,7.824836254119873,7.820116996765137,6.467248534061172
0,1235,CCCCC(CC)COc1cc(COC(=O)CCCN2CCN(CCO)CC2)cc(OCC(CC)CCCC)c1OCC(CC)CCCC,GA-Tris,8.426511261364576,7.82415246963501,7.527932225275158,7.826310634613037,7.824836254119873,7.820116996765137,6.467248534061172
0,1245,CCCCC(CC)COc1cc(COC(=O)CCCN2CCN(CCO)CC2)cc(OCC(CC)CCCC)c1OCC(CC)CCCC,GA-Tris,8.409933123331294,7.82415246963501,7.527932225275158,7.826310634613037,7.824836254119873,7.820116996765137,6.467248534061172
0,1248,CCCCC(CC)COc1cc(COC(=O)CCCN2CCN(CCO)CC2)cc(OCC(CC)CCCC)c1OCC(CC)CCCC,GA-Tris,8.613841821876068,7.82415246963501,7.527932225275158,7.826310634613037,7.824836254119873,7.820116996765137,6.467248534061172
0,1249,CCCCC(CC)COc1cc(COC(=O)CCCN2CCN(CCO)CC2)cc(OCC(CC)CCCC)c1OCC(CC)CCCC,GA-Tris,8.439332693830263,7.82415246963501,7.527932225275158,7.826310634613037,7.824836254119873,7.820116996765137,6.467248534061172
0,1255,CCCCCCCCCCCOc1cc(COC(=O)CCCN2CCN(C)CC2)cc(OCC(CC)CCCC)c1,sSS-Nonsym,8.225309281725863,7.857380390167236,7.536145056768088,7.783689022064209,7.923765182495117,8.192203536480111,6.449382332637356
0,1261,CCCCCCCCCCCCCOc1cc(COC(=O)CCCN2CCN(C)CC2)cc(OCCCCCCCCCC)c1,sSS-Nonsym,7.934498451243567,8.341226577758789,7.628297201795132,7.965771198272705,8.026222229003906,7.740928756301396,6.28336705244053
0,1263,CCCCCCCCCOc1cc(COC(=O)CCCN2CCN(C)CC2)cc(OCC(CC)CCCC)c1,sSS-Nonsym,8.041392685158225,7.367149829864502,7.522378358543705,7.40505838394165,7.578390121459961,7.95713845774476,6.47975933039615
0,1269,CCCCCCCCCCCCOc1cc(COC(=O)CCCN2CCN(C)CC2)cc(OCCCCCCCCC)c1,sSS-Nonsym,7.146128035678238,7.703778266906738,7.607163638041779,7.756435394287109,7.678596496582031,7.627918731276982,6.317255070988555
0,1273,CCCCCCCCCCCCCCCCOc1cc(COC(=O)CCCN2CCN(C)CC2)cc(OCCCCCCCCC)c1,sSS-Nonsym,8.089905111439398,8.255471229553223,7.617472332768305,8.314770698547363,8.489106178283691,7.696651183669561,6.300486096871553
0,1280,CCCCCCCCCCCCOc1cc(COC(=O)CCCN2CCN(CCO)CC2)cc(OCC(CC)CCCC)c1,sSS-Nonsym,8.269512944217917,7.744224548339844,7.610845659324685,7.820407867431641,7.933185577392578,8.073436548974072,6.311210886276095
0,1284,CCCCCCCCCCCCCCOc1cc(COC(=O)CCCN2CCN(C)CC2)cc(OCCCCCCCCCCCC)c1,sSS-Nonsym,7.66086547800387,8.168837547302246,7.638230642601783,8.183497428894043,8.171499252319336,7.535389815871709,6.268064803414978
0,1287,CCCCCCCCCCCCCCCCCOc1cc(COC(=O)CCCN2CCN(C)CC2)cc(OCCCCCCCCCCCC)c1,sSS-Nonsym,8.660865478003869,8.168837547302246,7.6385862778134666,8.183497428894043,7.804218292236328,7.255446349685186,6.267523805147223
0,1288,CCCCCCCCCCCCCCCCCOc1cc(COC(=O)CCCN2CCN(CCO)CC2)cc(OCCCCCCCCCCCC)c1,sSS-Nonsym,7.683947130751513,8.319100379943848,7.630362769822863,7.944411754608154,7.875192165374756,7.924762021617575,6.280154047000409
0,1290,CCCCCCCCCCCCCCOc1cc(COC(=O)CCCN2CCN(C)CC2)cc(OCC(CC)CCCC)c1,sSS-Nonsym,7.423245873936808,7.418654918670654,7.6616432856530885,7.510558605194092,7.087254524230957,7.501520553081674,6.233383532798381
0,1291,CCCCCCCCCCCCCCOc1cc(COC(=O)CCCN2CCN(CCO)CC2)cc(OCC(CC)CCCC)c1,sSS-Nonsym,7.544068044350276,8.168837547302246,7.634795342738801,8.183497428894043,8.325451850891113,8.039236262108838,6.273314631740274
0,1296,CCCCCCCCCCCCCCCCCCOc1cc(COC(=O)CCCN2CCN(C)CC2)cc(OCCCCCCCCCCCCCC)c1,sSS-Nonsym,7.068185861746161,5.873455047607422,7.659252911920387,5.883440971374512,6.420508861541748,7.529297744338506,6.2368414335828275
0,1300,CCCCCCCCCCCCCCCCOc1cc(COC(=O)CCCN2CCN(C)CC2)cc(OCCCCCCCC)c1,sSS-Nonsym,7.811575005870593,5.88645601272583,7.650658295665686,7.573333740234375,7.358396530151367,7.773938476150029,6.24942586669838
0,1308,CCCCCCCCCCCCCCCCCCOc1cc(COC(=O)CCCN2CCN(C)CC2)cc(OCCCCCCCCCCCCCCCC)c1,sSS-Nonsym,7.17897694729317,7.615607261657715,7.553141889440493,7.655831813812256,8.100348472595215,8.084842025344365,6.414485441085651
0,1312,CCCCCCCCCCCCCCCCCOc1cc(COC(=O)CCCN2CCN(C)CC2)cc(OCCCCCCCC)c1,sSS-Nonsym,8.225309281725863,8.281905174255371,7.629389588801384,7.967224597930908,8.264690399169922,7.902690612380498,6.281665761379711
0,1313,CCCCCCCCCCCCCCCCCOc1cc(COC(=O)CCCN2CCN(CCO)CC2)cc(OCCCCCCCC)c1,sSS-Nonsym,7.68304703823885,8.647051811218262,7.767957607120081,7.947803020477295,8.339092254638672,8.129950772838278,6.094439013352244
0,1333,CCCCC(CC)COC(=O)CCCCOc1cc(COC(=O)CCCN2CCN(CCO)CC2)cc(OCCCCC(=O)OCC(CC)CCCC)c1,sSS-Nonsym,7.820201459485641,7.44515323638916,7.446671369054833,7.272033214569092,7.895965576171875,7.554712107445752,6.723
0,1338,CCCCCCCCCCCCCCCCCOc1cc(COC(=O)CCCN2CCN(CCO)CC2)cc(OCCCCCCCCCCC)c1,sSS-Nonsym,8.02938377768521,7.755052089691162,7.5276103488400885,7.6073079109191895,7.788034915924072,7.926487027721089,6.467963742843433
0,1348,CCCCCCCCCCCCCCCCOc1cc(COC(=O)CCCN2CCN(CCO)CC2)cc(OCCCCCCCCCC)c1,sSS-Nonsym,8.060697840353612,7.841993808746338,7.655219116253754,7.713572978973389,7.919932842254639,7.979447232799215,6.2427178651440896
0,1350,CCCCCCCCCCCCOc1cc(CNC(=O)CC(COCCOCCOCOC(=O)CCCN(C)C)COCCOCCOCOC(=O)CCCN(C)C)cc(OCCCCCCCCCCCC)c1,G1-Janus-Dendrimer,7.276461804173244,7.210366249084473,7.569314481534757,6.7800798416137695,6.887820243835449,7.340381622314453,6.38345943109487
0,1354,CCCCCCCCCCCCCCCOc1cc(COC(=O)CCCN2CCN(C)CC2)cc(OCC(CC)CCCC)c1,sSS-Nonsym,7.086359830674748,7.266843318939209,7.598590804752828,7.288614273071289,7.175624370574951,7.261877837627572,6.331576095246363
0,1361,CCCCCCCCCCCCCCCCCCOc1cc(COC(=O)CCCN2CCN(C)CC2)cc(OCCCCCCCCCCCCC)c1,sSS-Nonsym,7.962842681201242,7.712637901306152,7.752096947302778,7.669716835021973,7.933965682983398,7.888036071364873,6.113610740578106
0,1362,CCCCCCCCCCCCCCCCOc1cc(COC(=O)CCCN2CCN(C)CC2)cc(OCCCCCCCCC)c1,sSS-Nonsym,7.089905111439398,8.255471229553223,7.617472332768305,8.314770698547363,8.489106178283691,7.696651183669561,6.300486096871553
0,1373,CCCCCCCCCCCCOc1ccc(COC(=O)CCCN2CCN(C)CC2)cc1OCCCCCCCCCCCC,sSS-Nonsym,9.049218022670182,5.873455047607422,7.659717655181694,5.883440971374512,5.396649360656738,8.825505510234795,6.236167730970619
0,1384,CCCCCCCCCCCCCCCCOc1cc(COC(=O)CCCN2CCN(C)CC2)cc(OCCCCCCCCCCCCCCCC)c1,sSS-Nonsym,6.527629900871339,7.653393745422363,7.605268980728674,7.7128472328186035,7.500621795654297,6.7395299068140915,6.32038972988166
0,1389,CCCCCCCCCOC1=CCCN(CCO)CCN2CCCC(=O)OCC(=C1)C=C2OCCCCCCCCC,sSS-Nonsym,7.303196057420489,7.715809345245361,7.43603714085674,7.714491844177246,7.931220054626465,7.43985424470435,6.795
0,1392,CCCCCCCCCCCCOC1=CCCN(CCO)CCN2CCCC(=O)OCC(=C1)C=C2OCCCCCCCCCCCC,sSS-Nonsym,7.578639209968072,7.44515323638916,7.445401433683873,7.272033214569092,7.235903263092041,7.0338708920432165,6.73
0,1397,CCCCCCCCCCCCCCCCCOc1cc(COC(=O)CCCN2CCN(CCO)CC2)cc(OCCCCCCCCCCCCCCCCC)c1,sSS-Nonsym,8.369215857410143,7.4782538414001465,7.510429801608694,7.169837474822998,7.017645835876465,7.289654218272847,6.508021677888184
0,1399,CCCCCCCCCCCCCCCCCCOC1=CCCCCCN2C=CC=CC=C3CCCCCN4CCCC(=O)OCCOCCOCCOc5cc(cc(c5OCCOCCOCCOC3)OCCOCCOCCOC(=O)CCC2)C(=O)OCC(=C1)C=C4OCCCCCCCCCCC,G1-Janus-Dendrimer,8.100370545117563,6.748581409454346,7.466973403471886,7.101630210876465,7.08575963973999,7.457996845245361,6.635
0,1401,CCCCCCCCCCCCOC1=CCCCCCN2C=CC=CC=C3CCCCCN4CCCC(=O)OCCOCCOCCOc5cc(cc(c5OCCOCCOCCOC3)OCCOCCOCCOC(=O)CCC2)C(=O)OCC(=C1)C=C4OCCCCCCCCCCCC,G1-Janus-Dendrimer,7.946943270697825,7.633498191833496,7.436372842974592,7.70881986618042,7.68706750869751,7.34801721572876,6.792
0,1402,CCCCCCCCCCCOC1=CCCCCCN2C=CC=CC=C3CCCCCN4CCCC(=O)OCCOCCOCCOc5cc(cc(c5OCCOCCOCCOC3)OCCOCCOCCOC(=O)CCC2)C(=O)OCC(=C1)C=C4OCCCCCCCCCCC,G1-Janus-Dendrimer,7.857935264719429,7.633498191833496,7.437435979270958,7.70881986618042,7.68706750869751,7.345537185668945,6.783
1,1005,CCCCCCCCCCCCCCCCOc1cc(COC(=O)CCCN2CCN(C)CC2)cc(OCCCCCCCCCCCC)c1,Dialkoxybenzyl,7.541579243946581,7.526671409606934,7.584468302148004,7.582434177398682,7.42475700378418,7.535587041035891,6.411495149232446
1,1007,CCCCCCCCCCCOc1cc(COC(=O)CCCN2CCN(CCO)CC2)cc(OCCCCCCCC)c1,sSS-Nonsym,7.230448921378274,7.020085334777832,7.533691320878731,7.054971694946289,7.638195514678955,7.837111972504326,6.5120212319746615
1,1019,CCCCCCCCCCCCCCCCCOc1cc(COC(=O)CCCN2CCN(CCO)CC2)cc(OCCCCCCCCCCC)c1,sSS-Nonsym,8.02938377768521,7.868139266967773,7.553637865561548,7.653459072113037,7.803424835205078,7.946428607636163,6.467963742843433
1,1020,CCCCCCCCCCCCCCCCCCOc1cc(COC(=O)CCCN2CCN(CCO)CC2)cc(OCCCCCCCCCCC)c1,sSS-Nonsym,7.742725131304698,6.061802387237549,7.524587279689456,7.377966403961182,7.372774600982666,7.513621066742607,6.53535062739551
1,1024,CCCCCCCCCCCCCCCOc1cc(COC(=O)CCCN2CCN(CCO)CC2)cc(OCC(CC)CCCC)c1,sSS-Nonsym,7.017033339298781,7.868139266967773,7.553031226002197,7.653459072113037,7.344815254211426,7.554078701307715,6.469195601016527
1,1026,CCCCCCCCCCCCCCCOc1cc(COC(=O)CCCN2CCN(C)CC2)cc(OCCCCCCCCCC)c1,sSS-Nonsym,7.313867220369153,7.164434909820557,7.545089836567527,7.296198844909668,7.325601100921631,7.371183192116261,6.485884892296978
1,1031,CCCCCCCCCCCCCCCOc1cc(COC(=O)CCCN2CCN(CCO)CC2)cc(OCCCCCCCCCCCCC)c1,sSS-Nonsym,7.672097857935717,6.198833465576172,7.521361038823251,7.50424337387085,7.536805629730225,7.59988891952581,6.544305033094434
1,1035,CCCCCCCCCCCCCCCCOc1cc(COC(=O)CCCN2CCN(CCO)CC2)cc(OCCCCCCCCCCCCCCC)c1,sSS-Nonsym,7.540329474790874,7.30279541015625,7.510190505286175,7.487268924713135,7.391083240509033,7.5869162785346,6.579259738413105
1,1065,CCCCCCCCCCCCOc1cc(CNC(=O)c2cc(OCCOCCOCCO)c(OCCOCCOCCO)c(OCCOCCOCCOC(=O)CCCN(C)C)c2)cc(OCCCCCCCCCCCC)c1,G1-Janus-Dendrimer,6.379305517750582,7.599400520324707,7.625434391018743,6.71575927734375,5.941522598266602,6.876640319824219,6.349070273236386
1,1078,CCCCCCCCCCCOc1cc(CNC(=O)c2cc(OCCOCCOCCOC(=O)CCCN(C)C)c(OCCOCCOCCOC(=O)Cc3ccccc3)c(OCCOCCOCCOC(=O)CCCN(C)C)c2)cc(OCCCCCCCCCCC)c1,G1-Janus-Dendrimer,5.764475027434409,7.440126895904541,7.594692085971829,6.764371395111084,5.909666061401367,7.019737243652344,6.394838530872827
1,1081,CC(C)CCCC(C)COc1cc(CNC(=O)c2cc(OCCOCCOCCOC(=O)CCCN(C)C)c(OCCOCCOCCOC(=O)Cc3ccccc3)c(OCCOCCOCCOC(=O)CCCN(C)C)c2)cc(OCC(C)CCCC(C)C)c1,G1-Janus-Dendrimer,5.834357112718405,8.313213348388672,7.7104294617708575,7.692021369934082,6.158730983734131,7.339984893798828,6.244307444861894
1,1086,CCCCCCCCCCCCOc1cc(CNC(=O)c2cc(OCCOCCOCCO)c(OCCOCCOCCO)c(OCCOCCOCCOC(=O)CCCN3CCN(C)CC3)c2)cc(OCCCCCCCCCCCC)c1,G1-Janus-Dendrimer,5.94875518016827,7.7841572761535645,8.024830567929925,7.99171257019043,7.1025776863098145,7.171704292297363,5.973244106595978
1,1105,CCCCCCCCCCCCOc1cc(COC(=O)c2cc(OCCOCCOCCOC(=O)CCCN(C)C)c(OCCOCCOCCOC(=O)CCCN(C)C)c(OCCOCCOCCO)c2C(=O)OCc2cc(OCCCCCCCCCCCC)cc(OCCCCCCCCCCCC)c2)cc(OCCCCCCCCCCCC)c1,HTM-Dendrimer,5.451939869365103,7.497246742248535,7.628463015440396,7.027194499969482,6.866771221160889,7.079910755157471,6.344852462121867
1,1120,CCCCCCCCCCCCOc1cc(CNC(=O)c2cc(OCCOCCOCCOCCOC(=O)CCCN3CCCCC3)c(OCCOCCOCCOCCOC(=O)Cc3ccccc3)c(OCCOCCOCCOCCOC(=O)CCCN3CCCCC3)c2)cc(OCCCCCCCCCCCC)c1,HTM-Dendrimer,6.699577591398909,7.587491035461426,7.5057647803605505,6.516579627990723,7.6326470375061035,7.198145866394043,6.872597020112213
1,1123,CCCCCCCCCCCCOc1cc(CNC(=O)CCCN2CCN(C)CC2)cc(OCCCCCCCCCCCC)c1,sSS-Nonsym,6.8208579894397,7.302401065826416,7.599765970206484,7.431807041168213,6.994685649871826,6.911124542382408,6.386868715409276
1,1129,CCCCCCCCCCCCOc1ccc(COC(=O)CCCN2CCN(C)CC2)cc1OCCCCCCCCCCCC,sSS-Nonsym,5.049218022670182,8.49675178527832,7.717885637121945,8.481352806091309,8.708065032958984,8.855111443423723,6.236167730970619
1,1130,CCCCCCCCCCCCOc1cc(COC(=O)CCCN2CCN(C)CC2)cc(OCCCCCCCCCCCC)c1OCCCCCCCCCCCC,GA-Tris,7.127104798364807,8.100434303283691,7.768351937615314,8.384026527404785,7.863093376159668,8.287729263305664,6.184233846492136
1,1133,CCCCCCCCCCCCOCC(COCCCCCCCCCCCC)(COCCCCCCCCCCCC)COC(=O)CCCN1CCN(CCO)CC1,PE-Tris,7.851869600729766,7.800144195556641,7.717945187837152,7.692151069641113,7.772149562835693,7.850521087646484,6.2361032565693195
1,1142,CCCCC(CC)COc1cc(COC(=O)CCCN2CCN(C)CC2)cc(OCC(CC)CCCC)c1OCC(CC)CCCC,GA-Tris,7.680335513414564,7.30279541015625,7.513613581082943,7.853744029998779,7.706087112426758,7.47786283493042,6.567765671116996
1,1143,CCCCC(CC)COc1cc(COC(=O)CCCN2CCN(CCO)CC2)cc(OCC(CC)CCCC)c1OCC(CC)CCCC,GA-Tris,7.770115294787102,7.873075008392334,7.553991368084716,7.878995895385742,7.877205848693848,7.657421112060547,6.467248534061172
1,1158,CCCCC(CC)COc1cc(COC(=O)CN2CCN(CCOCCO)CC2)cc(OCC(CC)CCCC)c1OCC(CC)CCCC,GA-Tris,8.96790909090909,5.898364067077637,7.881809155251162,8.30654525756836,8.498196601867676,7.9935126304626465,6.082418298828416
1,1162,CCCCC(CC)COc1ccc(C(=O)OCCCCN2CCN(CCO)CC2)cc1OCC(CC)CCCC,Dialkoxybenzyl,6.734799829588847,8.044797897338867,7.866747558316327,7.89136266708374,7.728172779083252,7.938129714665765,6.095
1,1166,CCCCC(CC)COc1cc(C(=O)OCCCCN2CCN(CCO)CC2)cc(OCC(CC)CCCC)c1OCC(CC)CCCC,GA-Tris,6.711807229041191,8.13326644897461,7.505900447980231,8.07407283782959,7.929546356201172,7.168573379516602,6.595
1,1169,CCCCCCCCCCCCCCCCCCOc1cc(COC(=O)CCCN2CCN(CCO)CC2)cc(OCCCCCCCCCCCCC)c1,sSS-Nonsym,8.60745502321467,8.556150436401367,7.872056474547691,8.409263610839844,8.514429092407227,8.413360522919366,6.090537125699222
1,1171,CCCCCCCCCCCCCCCCCCOc1cc(OCCCCCCCCCCCCC)cc(C(=O)OCCCCN2CCN(CCO)CC2)c1,Dialkoxybenzyl,7.444044795918076,8.027440071105957,7.82291931548427,7.921750545501709,8.005597114562988,7.761699092087847,6.133108560157155
1,1176,CCCCC(CC)COCC(COCC(CC)CCCC)(COCC(CC)CCCC)COC(=O)CCCN1CCN(CCO)CC1,PE-Tris,8.629409599102718,8.41201114654541,7.638343676773495,8.57227897644043,8.65156364440918,8.733946800231934,6.331399235934016
1,1178,CCCCCCCCOCC(COCCCCCCCC)(COCCCCCCCC)COC(=O)CCCN1CCN(CCO)CC1,PE-Tris,6.301029995663981,8.563776969909668,7.642573096816868,8.68372917175293,8.705655097961426,8.795892715454102,6.325776042698643
1,1181,CCCCCCCCCCOCC(COCCCCCCCCCC)(COCCCCCCCCCC)COC(=O)CCCN1CCN(CCO)CC1,PE-Tris,7.826722520168993,7.30279541015625,7.51094910508413,5.899186134338379,6.836484909057617,7.345256328582764,6.576640097097812
1,1183,CCCCCCCCCCCCOCC(COCCCCCCCCCCCC)(COCCCCCCCCCCCC)COC(=O)CCCN1CCN(C)CC1,PE-Tris,6.209515014542631,8.100434303283691,7.769676291408018,7.635510444641113,6.5967864990234375,6.538130283355713,6.182936874176451
1,1191,CCCCCCCOCC(COCCCCCCC)(COCCCCCCC)COC(=O)CCCN1CCN(CCOCCO)CC1,PE-Tris,5.698970004336019,8.073270797729492,7.657713261084041,8.29181957244873,6.5940775871276855,5.940005302429199,6.306251986983809
1,1192,CCCCCCCOCC(COCCCCCCC)(COCCCCCCC)COC(=O)CCCN1CCN(CCOCCO)CC1,PE-Tris,5.698970004336019,8.073270797729492,7.657713261084041,8.29181957244873,6.5940775871276855,5.940005302429199,6.306251986983809
1,1203,CCCCC(CC)COCC(COCC(CC)CCCC)(COCC(CC)CCCC)COC(=O)CCCN1CCN(CCO)CC1,PE-Tris,8.629409599102718,8.41201114654541,7.638343676773495,8.57227897644043,8.65156364440918,8.733946800231934,6.331399235934016
1,1218,CCCCCCCCOCC(COCCCCCCCC)(COCCCCCCCC)COC(=O)CCCN1CCN(CCOCCO)CC1,PE-Tris,8.550228353055093,7.209507465362549,7.6456210494190415,6.814788341522217,8.420010566711426,8.4088773727417,6.321771208104084
1,1229,CCCCC(CC)COc1cc(COC(=O)CCCN2CCN(CCO)CC2)cc(OCC(CC)CCCC)c1OCC(CC)CCCC,GA-Tris,8.426511261364576,7.873075008392334,7.553991368084716,7.878995895385742,7.877205848693848,7.657421112060547,6.467248534061172
1,1242,CCCCC(CC)COc1cc(COC(=O)CCCN2CCN(CCO)CC2)cc(OCC(CC)CCCC)c1OCC(CC)CCCC,GA-Tris,8.421603926869832,7.873075008392334,7.553991368084716,7.878995895385742,7.877205848693848,7.657421112060547,6.467248534061172
1,1244,CCCCC(CC)COc1cc(COC(=O)CCCN2CCN(CCO)CC2)cc(OCC(CC)CCCC)c1OCC(CC)CCCC,GA-Tris,8.44870631990508,7.873075008392334,7.553991368084716,7.878995895385742,7.877205848693848,7.657421112060547,6.467248534061172
1,1251,CCCCC(CC)COc1cc(COC(=O)CCCN2CCN(CCO)CC2)cc(OCC(CC)CCCC)c1OCC(CC)CCCC,GA-Tris,7.8750612633917,7.873075008392334,7.553991368084716,7.878995895385742,7.877205848693848,7.657421112060547,6.467248534061172
1,1257,CCCCCCCCCCCCCCCOc1cc(COC(=O)CCCN2CCN(C)CC2)cc(OCCCCCCCCC)c1,sSS-Nonsym,8.2718416065365,8.068366050720215,7.59232191025918,7.986243724822998,7.792530536651611,7.654708277565479,6.398626371952938
1,1258,CCCCCCCCCCCCCCCOc1cc(COC(=O)CCCN2CCN(CCO)CC2)cc(OCCCCCCCCC)c1,sSS-Nonsym,8.770852011642145,8.068366050720215,7.590164665439012,7.986243724822998,7.526885986328125,7.619792102509209,6.402111492801643
1,1260,CCCCCCCCCCCCCOc1cc(COC(=O)CCCN2CCN(CCO)CC2)cc(OCCCCCCCC)c1,sSS-Nonsym,7.509202522331103,8.052525520324707,7.65478539848683,8.08013916015625,7.663380146026611,7.5558066593939746,6.309957516391016
1,1264,CCCCCCCCCOc1cc(COC(=O)CCCN2CCN(CCO)CC2)cc(OCC(CC)CCCC)c1,sSS-Nonsym,8.267171728403014,7.816135883331299,7.532127592579592,7.895755290985107,8.176570892333984,8.29634669142002,6.515850851626559
1,1274,CCCCCCCCCCCCCCCCOc1cc(COC(=O)CCCN2CCN(CCO)CC2)cc(OCCCCCCCCC)c1,sSS-Nonsym,7.758911892397974,7.467001914978027,7.629992261074655,7.80751895904541,7.726044178009033,7.79012901657171,6.342740031791847
1,1278,CCCCCCCCCCCCCCCCCCOc1cc(COC(=O)CCCN2CCN(CCO)CC2)cc(OCCCCCCCCC)c1,sSS-Nonsym,8.56702636615906,7.968098163604736,7.632063239437869,8.108369827270508,7.601068496704102,7.841290973358818,6.339897323220223
1,1297,CCCCCCCCCCCCCCCCCCOc1cc(COC(=O)CCCN2CCN(CCO)CC2)cc(OCCCCCCCCCCCCCC)c1,sSS-Nonsym,8.176091259055681,7.572785377502441,7.662249281617164,7.71534538269043,7.715119361877441,7.632942889862724,6.300573704445827
1,1305,CCCCCCCCCCCCCCCCOc1cc(COC(=O)CCCN2CCN(CCO)CC2)cc(OCCCCCCCCCCCCCC)c1,sSS-Nonsym,7.734799829588847,7.810713291168213,7.56529175292706,7.817702293395996,7.427567005157471,7.31058227890081,6.445317483551055
1,1306,CCCCCCCCCCCCCCCCCOc1cc(COC(=O)CCCN2CCN(C)CC2)cc(OCCCCCCCCCCCCCCCC)c1,sSS-Nonsym,8.064457989226918,7.467001914978027,7.63058170506622,7.80751895904541,7.703774452209473,7.500758921486378,6.341928839154837
1,1309,CCCCCCCCCCCCCCCCCCOc1cc(COC(=O)CCCN2CCN(CCO)CC2)cc(OCCCCCCCCCCCCCCCC)c1,sSS-Nonsym,7.117271295655764,7.868139266967773,7.552178010179816,7.653459072113037,8.270346641540527,8.169287799530693,6.470937922962382
1,1320,CCCCCCCCCCCCCCCCCCOc1cc(COC(=O)CCCN2CCN(C)CC2)cc(OCCCCCCCC)c1,sSS-Nonsym,7.117271295655764,7.453817844390869,7.723232049360533,8.062670707702637,8.171225547790527,8.066310679298878,6.230412166251989
1,1326,CCCCCCCCCCOc1cc(COC(=O)CCCN2CCN(C)CC2)cc(OCCCCCCCC)c1,sSS-Nonsym,7.964259630196849,6.210114002227783,7.649565896339077,7.158536911010742,8.040726661682129,7.900711619240284,6.316644949143753
1,1330,CCCCC(CC)COC1=CCCN(C)CCN2CCCC(=O)OCC(=C1)C=C2OCCCCC(C)CC,sSS-Nonsym,7.8926510338773,8.052525520324707,7.654751978449653,8.08013916015625,6.855956077575684,6.895556782494649,6.31
1,1331,CCCCCCCCCCCCOCC(COCCCCCCCCCCCC)(COCCCCCCCCCCCC)COC(=O)CCCN1CCN(CCO)CC1,PE-Tris,7.851869600729766,7.800144195556641,7.717945187837152,7.692151069641113,7.772149562835693,7.850521087646484,6.2361032565693195
1,1334,CCCCC(CC)COc1cc(COC(=O)CCCN2CCN(C)CC2)cc(OCC(CC)CCCC)c1OCC(CC)CCCC,GA-Tris,7.680335513414564,7.30279541015625,7.513613581082943,7.853744029998779,7.706087112426758,7.47786283493042,6.567765671116996
1,1336,CCCCCCCCCCCCCCCOc1cc(COC(=O)CCCN2CCN(CCO)CC2)cc(OCCCCCCCCCCC)c1,sSS-Nonsym,7.914871817540051,7.874092102050781,7.569615461901208,7.8644609451293945,8.012091636657715,7.867773364716241,6.437354772768169
1,1340,CCCCCCCCCCCCCCCCCCOc1cc(COC(=O)CCCN2CCN(C)CC2)cc(OCCCCCCCCCCCCCCC)c1,sSS-Nonsym,7.865103974641128,7.638616561889648,7.595684245224852,7.802186489105225,7.779317855834961,7.791499125343799,6.393265434730798
1,1345,CCCCCCCCCCCCOc1cc(COC(=O)CCCN2CCN(CCO)CC2)cc(OCCCCCCCC)c1,sSS-Nonsym,7.8561244442423,7.498897552490234,7.719956303119915,7.777101516723633,7.772181987762451,7.825641177826592,6.233930741294475
1,1353,CCCCCCCCCCCCCCOc1cc(COC(=O)CCCN2CCN(C)CC2)cc(OCCCCCCCCCCC)c1,Dialkoxybenzyl,7.675778341674085,7.632810592651367,7.5356831571954785,7.596662521362305,7.641609191894531,7.607977120534182,6.507236776188016
1,1363,CCCCCCCCCCCCCCCCOc1cc(COC(=O)CCCN2CCN(CCO)CC2)cc(OCCCCCCCCC)c1,sSS-Nonsym,7.82865989653532,7.467001914978027,7.629992261074655,7.80751895904541,7.726044178009033,7.79012901657171,6.342740031791847
1,1370,CCCCCCCCCCCOc1cc(COC(=O)c2cc(OCCOCCOCCOC(=O)CCCN(C)C)c(OCCOCCOCCOC(=O)Cc3ccccc3)c(OCCOCCOCCOC(=O)CCCN(C)C)c2C(=O)OCc2cc(OCCCCCCCCCCC)cc(OCCCCCCCCCCC)c2)cc(OCCCCCCCCCCC)c1,HTM-Dendrimer,7.679427896612119,7.850451469421387,7.697777697218704,7.598597526550293,7.641039848327637,7.676761627197266,6.258437663469895
1,1380,CCCCCCCCCCCCOC1=CCCN(C)CCN2CCCC(=O)OCC(=C1)C=C2OCCCCCCCCCCCC,sSS-Nonsym,7.41161970596323,8.019926071166992,7.842262460755329,7.976818084716797,8.114889144897461,7.1816642590883175,6.116
1,1381,CCCCCCCCCCCCCOC1=CCCN(C)CCN2CCCC(=O)OCC(=C1)C=C2OCCCCCCCCCCCCC,sSS-Nonsym,6.460897842756548,8.350323677062988,7.84917472973703,7.976818084716797,7.687698841094971,7.219406492364684,6.11
1,1383,CCCCCCCCCCOc1cc(COC(=O)CCCN2CCN(C)CC2)cc(OCCCCCCCCCC)c1,sSS-Nonsym,6.830588668685144,7.632204055786133,7.547682784823088,7.6480278968811035,7.601046562194824,7.419690882545948,6.480314941726626
1,1385,CCCCCCCCCCCCCCCCCOc1cc(COC(=O)CCCN2CCN(C)CC2)cc(OCCCCCCCCCCCCCCCCC)c1,sSS-Nonsym,8.267171728403014,7.868139266967773,7.5520409675726725,7.653459072113037,7.6418914794921875,7.698312556129933,6.471218849342224
1,1386,CCCCCCCCCCCCCCCCCCOC1=CCCN(C)CCN2CCCC(=O)OCC(=C1)C=C2OCCCCCCCCCCCCCCCCCC,sSS-Nonsym,6.313867220369153,8.70663070678711,7.905631188847686,7.811981201171875,7.910180568695068,7.566532880914489,6.063
1,1390,CCCCCCCCCCOC1=CCCN(CCO)CCN2CCCC(=O)OCC(=C1)C=C2OCCCCCCCCCC,sSS-Nonsym,7.997386384397314,7.587491035461426,7.4914087705386265,7.43159818649292,7.568262100219727,7.3818069617773965,6.795
1,1394,CCCCCCCCCCCCCCOc1cc(COC(=O)CCCN2CCN(CCO)CC2)cc(OCCCCCCCCCCCCCC)c1,sSS-Nonsym,7.488550716500444,7.410768508911133,7.557510079315506,7.44572639465332,7.726141929626465,7.566807101898858,6.460231272282264
1,1398,CCCCCCCCCCCCCCCCCCOC1=CCCN(CCO)CCN2CCCC(=O)OCC(=C1)C=C2OCCCCCCCCCCCCCCCCCC,sSS-Nonsym,6.652246341003323,7.784587860107422,7.496170649215287,7.40614128112793,7.807894229888916,8.154100815537161,6.64
1,1403,CCCCCCCCCCCOC1=CC2=CC(OCC(CC)CCCC)=CCCCCCN3C=CC=CC=C4CCCCCN1CCCC(=O)OCCOCCOCCOc1cc(cc(c1OCCOCCOCCOC4)OCCOCCOCCOC(=O)CCC3)C(=O)OC2,G1-Janus-Dendrimer,8.004321373782643,6.169541358947754,7.545497930460456,6.41334867477417,7.0469794273376465,7.883073329925537,6.485
2,1004,CCCCCCCCCCCCCCOc1cc(COC(=O)CCCN2CCN(C)CC2)cc(OCCCCCCCCCCC)c1,Dialkoxybenzyl,7.675778341674085,7.596555709838867,7.570909899294941,7.610818386077881,7.646811485290527,7.6370091449418,6.507236776188016
2,1009,CCCCCCCCCCCOc1cc(COC(=O)CCCN2CCN(CCO)CC2)cc(OCCCCCCCCCC)c1,sSS-Nonsym,6.661812685537261,6.538084506988525,7.591884457499583,7.977529048919678,8.163163185119629,7.556418826297107,6.350567959116027
2,1017,CCCCCCCCCCCCCCOc1cc(COC(=O)CCCN2CCN(CCO)CC2)cc(OCCCCCCCCCCC)c1,sSS-Nonsym,8.332438459915606,7.879030704498291,7.566707480869637,7.833128929138184,7.9753828048706055,8.204475238040272,6.592071475309505
2,1030,CCCCCCCCCCCCCCCOc1cc(COC(=O)CCCN2CCN(C)CC2)cc(OCCCCCCCCCCCCC)c1,sSS-Nonsym,6.966141732739032,7.775124549865723,7.603319773444273,7.770925045013428,7.8669586181640625,7.342792988268467,6.295540315670892
2,1040,CCCCCCCCCCCCCOc1cc(COC(=O)CCCN2CCN(C)CC2)cc(OCC(CC)CCCC)c1,sSS-Nonsym,7.928395852256714,7.638539791107178,7.588084621429685,7.712725639343262,7.809004306793213,7.866562992381414,6.371530023927108
2,1046,CCCCCCCCCCCCCCCCCCOc1cc(COC(=O)CCCN2CCN(CCO)CC2)cc(OCCCCCCCCCCCCC)c1,sSS-Nonsym,8.60745502321467,8.580427169799805,7.664538352449334,8.352060317993164,8.479574203491211,8.448970629885975,6.090537125699222
2,1075,CCCCCCCCOc1cc(CNC(=O)c2cc(OCCOCCOCCOC(=O)CCCN(C)C)c(OCCOCCOCCOC(=O)Cc3ccccc3)c(OCCOCCOCCOC(=O)CCCN(C)C)c2)cc(OCCCCCCCC)c1,G1-Janus-Dendrimer,6.943395576508954,6.538084506988525,7.591088565086459,6.434751510620117,5.862735271453857,7.3864030838012695,6.354821629639556
2,1079,CCCCC(CC)COc1cc(CNC(=O)c2cc(OCCOCCOCCOC(=O)CCCN(C)C)c(OCCOCCOCCOC(=O)Cc3ccccc3)c(OCCOCCOCCOC(=O)CCCN(C)C)c2)cc(OCCCCC(C)CC)c1,G1-Janus-Dendrimer,6.744684063276886,7.572246551513672,7.600673090468664,6.075103759765625,5.756999969482422,7.238703727722168,6.307415191513197
2,1090,CCCCCCCCCCCCOc1cc(CNC(=O)CC(COCCOCCOCOC(=O)CCCN(C)C)COCCOCCOCOC(=O)CCCN(C)C)cc(OCCCCCCCCCCCC)c1,G1-Janus-Dendrimer,6.457730548245999,7.321296215057373,7.586059185378636,7.02242374420166,7.289942741394043,7.617188930511475,6.38345943109487
2,1100,CCCCCCCCCCCCOc1cc(CNC(=O)c2cc(OCCOCCOCCOC(=O)CCCN(C)C)c(OCCOCCOCCOC(=O)CCCN(C)C)c(OCCOCCOCCOC(=O)Cc3ccccc3)c2C(=O)NCc2cc(OCCOCCOCCOC(=O)CCCN(C)C)c(OCCOCCOCCOC(=O)CCCN(C)C)c(OCCOCCOCCOC(=O)Cc3ccccc3)c2C(=O)NCc2cc(OCCCCCCCCCCCC)cc(OCCCCCCCCCCCC)c2)cc(OCCCCCCCCCCCC)c1,TT-Dendrimer,5.552303109338354,6.678472995758057,7.671230543061579,5.7046732902526855,6.01873254776001,7.273547649383545,6.072758884426181
2,1113,CCCCC(CC)COc1cc(COC(=O)c2cc(OCCOCCOCCOC(=O)CCCN(C)C)c(OCCOCCOCCOC(=O)Cc3ccccc3)c(OCCOCCOCCOC(=O)CCCN(C)C)c2C(=O)OCc2cc(OCC(CC)CCCC)cc(OCC(CC)CCCC)c2)cc(OCCCCC(C)CC)c1,HTM-Dendrimer,7.499136994537383,7.917160511016846,7.605437211659039,7.756762504577637,7.765764236450195,7.832348823547363,6.28634365271429
2,1139,CCCCCCCCOc1cc(COC(=O)CCCN2CCN(CCO)CC2)cc(OCCCCCCCC)c1,sSS-Nonsym,7.77232170672292,7.767751693725586,7.578696879592503,7.763456344604492,7.815480709075928,7.785391452029529,6.433111222267337
2,1148,CCCCCCCCCCCCCCCCOc1cc(COC(=O)CCCN2CCN(C)CC2)cc(OCCCCCCCCCCCC)c1,Dialkoxybenzyl,7.541579243946581,7.500133991241455,7.581690439128419,7.5487542152404785,7.49957799911499,7.566042662779324,6.411495149232446
2,1150,CCCCCCCCCCCCCCOc1cc(COC(=O)CCCN2CCN(C)CC2)cc(OCCCCCCCCCCCCCC)c1,sSS-Nonsym,6.984977126415493,7.188968181610107,7.57043090059533,7.1904120445251465,7.0766167640686035,7.108846378771398,6.513458254918456
2,1153,CCCCC(CC)COc1cc(COC(=O)CCN2CCN(CCO)CC2)cc(OCC(CC)CCCC)c1OCC(CC)CCCC,GA-Tris,8.708666666666666,7.970363616943359,7.605453354584277,8.278928756713867,8.417549133300781,7.6386399269104,6.2862745109635245
2,1155,CCCCC(CC)COc1cc(COC(=O)CCCCN2CCN(CCO)CC2)cc(OCC(CC)CCCC)c1OCC(CC)CCCC,GA-Tris,8.3245,7.816064357757568,7.576175897759265,7.883720874786377,7.4289870262146,7.239228248596191,6.453469865567057
2,1156,CCCCC(CC)COc1cc(COC(=O)CCCCN2CCN(CCOCCO)CC2)cc(OCC(CC)CCCC)c1OCC(CC)CCCC,GA-Tris,7.844142857142857,8.159941673278809,7.588641393886894,8.02230167388916,7.439523220062256,7.033819675445557,6.368349594547506
2,1160,CCCCC(CC)COc1cc(COC(=O)CCCN2CCN(CCO)CC2)cc(OCC(CC)CCCC)c1,Dialkoxybenzyl,7.510545010206612,7.643500328063965,7.566861993007336,7.508498668670654,7.626389980316162,7.4901604761237115,6.656
2,1165,CCCCC(CC)COc1cc(COC(=O)CCCN2CCN(CCO)CC2)cc(OCC(CC)CCCC)c1OCC(CC)CCCC,GA-Tris,8.12057393120585,7.966699600219727,7.574633973923042,7.9760637283325195,7.9781494140625,7.6084184646606445,6.467248534061172
2,1168,CCCCC(CC)COc1cc(CNC(=O)CCCN2CCN(CCO)CC2)cc(OCC(CC)CCCC)c1OCC(CC)CCCC,GA-Tris,8.176091259055681,7.321296215057373,7.586018367125128,7.955892562866211,7.961213111877441,7.768921852111816,6.383706018136512
2,1173,CCCCCCOCC(COCCCCCC)(COCCCCCC)COC(=O)CCCN1CCN(CCO)CC1,PE-Tris,6.079181246047625,7.613202095031738,7.568525419007036,7.266048908233643,7.87952184677124,6.752095699310303,6.543
2,1177,CCCCC(CC)COCC(COCC(CC)CCCC)(COCC(CC)CCCC)COC(=O)CCCN1CCN(CCOCCO)CC1,PE-Tris,8.48000694295715,8.2319917678833,7.6080453446594145,8.414422035217285,8.452919960021973,8.461236000061035,6.275352331418843
2,1184,CCCCCCCCCCCCOCC(COCCCCCCCCCCCC)(COCCCCCCCCCCCC)COC(=O)CCCN1CCN(CCO)CC1,PE-Tris,7.851869600729766,7.693276405334473,7.618047421135726,7.670541286468506,7.7989501953125,7.850054740905762,6.2361032565693195
2,1186,CCCCCCCCCCCCCOCC(COCCCCCCCCCCCCC)(COCCCCCCCCCCCCC)COC(=O)CCCN1CCN(C)CC1,PE-Tris,5.973127853599698,7.8197760581970215,7.64634164075844,8.409212112426758,6.691494941711426,6.454230308532715,6.142207068622504
2,1193,CCCCCCCCCOCC(COCCCCCCCCC)(COCCCCCCCCC)COC(=O)CCCN1CCN(C)CC1,PE-Tris,5.698970004336019,7.367493629455566,7.569766523135078,7.210510730743408,5.932817459106445,5.91599178314209,6.522740284137649
2,1194,CCCCCCCCCCOCC(COCCCCCCCCCC)(COCCCCCCCCCC)COC(=O)CCCN1CCN(C)CC1,PE-Tris,5.698970004336019,7.393447399139404,7.571254029442478,6.782422065734863,5.897958755493164,6.140126705169678,6.502970030062275
2,1200,CCCCCCCCCCCCCCCCOCC(COCCCCCCCCCCCCCCCC)(COCCCCCCCCCCCCCCCC)COC(=O)CCCN1CCN(CCO)CC1,PE-Tris,5.698970004336019,7.458213806152344,7.567621992059829,7.463747501373291,7.795080661773682,6.246474266052246,6.562
2,1204,CCCCC(CC)COCC(COCC(CC)CCCC)(COCC(CC)CCCC)COC(=O)CCCN1CCN(CCO)CC1,PE-Tris,8.739572344450092,8.42001724243164,7.595627862918466,8.543667793273926,8.586175918579102,8.738266944885254,6.331399235934016
2,1207,CCCCC(CC)COCC(COCC(CC)CCCC)(COCC(CC)CCCC)COC(=O)CCN1CCN(CCOCCO)CC1,PE-Tris,8.925827574624742,6.678472995758057,7.672479190745497,8.31132698059082,8.776984214782715,8.98249626159668,6.069505257415198
2,1217,CCCCCCCCOCC(COCCCCCCCC)(COCCCCCCCC)COC(=O)CCN1CCN(CCOCCO)CC1,PE-Tris,8.711807229041192,6.836841106414795,7.659989046889061,7.923523902893066,8.414875030517578,8.727945327758789,6.10297117976099
2,1222,CCCCC(CC)COc1cc(COC(=O)CCCN2CCN(CCO)CC2)cc(OCC(CC)CCCC)c1OCC(CC)CCCC,GA-Tris,6.7664128471124,7.966699600219727,7.574633973923042,7.9760637283325195,7.9781494140625,7.6084184646606445,6.467248534061172
2,1228,CCCCC(CC)COc1cc(COC(=O)CCCN2CCN(CCO)CC2)cc(OCC(CC)CCCC)c1OCC(CC)CCCC,GA-Tris,8.12057393120585,7.966699600219727,7.574633973923042,7.9760637283325195,7.9781494140625,7.6084184646606445,6.467248534061172
2,1241,CCCCC(CC)COc1cc(COC(=O)CCCN2CCN(CCO)CC2)cc(OCC(CC)CCCC)c1OCC(CC)CCCC,GA-Tris,6.346352974450639,7.966699600219727,7.574633973923042,7.9760637283325195,7.9781494140625,7.6084184646606445,6.467248534061172
2,1246,CCCCC(CC)COc1cc(COC(=O)CCCN2CCN(CCO)CC2)cc(OCC(CC)CCCC)c1OCC(CC)CCCC,GA-Tris,8.093421685162236,7.966699600219727,7.574633973923042,7.9760637283325195,7.9781494140625,7.6084184646606445,6.467248534061172
2,1253,CCCCCCCCCCCOc1cc(COC(=O)CCCN2CCN(C)CC2)cc(OCCCCCCCC)c1,sSS-Nonsym,8.60530504614111,6.388181686401367,7.583679186690837,7.769106388092041,8.268433570861816,7.654430866686436,6.398293789451942
2,1266,CCCCCCCCCOc1cc(COC(=O)CCCN2CCN(CCO)CC2)cc(OCCCCCCCC)c1,sSS-Nonsym,7.155336037465061,7.497556686401367,7.579312883461824,7.317028999328613,7.956034183502197,8.060627581790271,6.428464290849818
2,1267,CCCCCCCCCCOc1cc(COC(=O)CCCN2CCN(C)CC2)cc(OCCCCCCCCC)c1,sSS-Nonsym,8.041392685158225,6.19364595413208,7.592420142024414,7.9505767822265625,8.232308387756348,7.501563740221593,6.347742314184086
2,1268,CCCCCCCCCCOc1cc(COC(=O)CCCN2CCN(CCO)CC2)cc(OCCCCCCCCC)c1,sSS-Nonsym,7.931966114728173,7.353324890136719,7.586564272402294,7.415492057800293,7.877749919891357,7.935763003543201,6.3804291015371675
2,1271,CCCCCCCCCCCCCCOc1cc(COC(=O)CCCN2CCN(C)CC2)cc(OCCCCCCCCC)c1,sSS-Nonsym,7.791690649020118,6.388181686401367,7.584039271162997,7.769106388092041,7.786651134490967,7.593730640856359,6.395986492767929
2,1272,CCCCCCCCCCCCCCOc1cc(COC(=O)CCCN2CCN(CCO)CC2)cc(OCCCCCCCCC)c1,sSS-Nonsym,7.795184589682424,7.816064357757568,7.5765149432457655,7.8224101066589355,7.380137920379639,7.699323870852771,6.450589872237482
2,1275,CCCCCCCCCCCCCCCCCOc1cc(COC(=O)CCCN2CCN(C)CC2)cc(OCCCCCCCCC)c1,sSS-Nonsym,8.068185861746162,7.782357692718506,7.576901068434573,7.757214069366455,7.571598529815674,7.516883564440343,6.447368277499347
2,1276,CCCCCCCCCCCCCCCCCOc1cc(COC(=O)CCCN2CCN(CCO)CC2)cc(OCCCCCCCCC)c1,sSS-Nonsym,7.636487896353366,7.26938533782959,7.585347308364769,7.316854000091553,7.872044563293457,7.955271365359607,6.387797394108028
2,1289,CCCCCCCCCCCCCCCCCCOc1cc(COC(=O)CCCN2CCN(CCO)CC2)cc(OCCCCCCCCCCCC)c1,sSS-Nonsym,7.26245108973043,8.511381149291992,7.636604756739985,8.27592945098877,8.109475135803223,7.9236833831818725,6.172294518901407
2,1298,CCCCCCCCCCCCCCCCOc1cc(COC(=O)CCCN2CCN(C)CC2)cc(OCC(CC)CCCC)c1,sSS-Nonsym,8.56702636615906,7.842772006988525,7.611964700780376,8.071197509765625,8.024463653564453,7.925191837596258,6.259463757199648
2,1303,CCCCCCCCCCCCCCCCOc1cc(COC(=O)CCCN2CCN(CCO)CC2)cc(OCCCCCCCCCC)c1,sSS-Nonsym,7.86569605991607,7.992985248565674,7.61628639327372,7.961623668670654,8.097060203552246,8.018987109378163,6.2427178651440896
2,1316,CCCCCCCCCCCCCCCCCOc1cc(COC(=O)CCCN2CCN(C)CC2)cc(OCCCCCCCCCCCCCC)c1,sSS-Nonsym,7.399673721481038,7.687864303588867,7.593364853375759,7.934857368469238,7.705592155456543,7.512890339342686,6.342829164581746
2,1318,CCCCCCCCCCCCCCCCCCOc1cc(COC(=O)CCCN2CCN(C)CC2)cc(OCC(CC)CCCC)c1,sSS-Nonsym,8.576341350205793,7.775124549865723,7.602877484198965,7.770925045013428,7.594712734222412,7.711312824534735,6.297494359509772
2,1319,CCCCCCCCCCCCCCCCCCOc1cc(COC(=O)CCCN2CCN(CCO)CC2)cc(OCC(CC)CCCC)c1,sSS-Nonsym,8.164352855784436,5.522474765777588,7.613879631406455,7.776249408721924,8.035820960998535,8.101290786885981,6.251949824545635
2,1322,CCCCCCCCCCCCCCCCCCOc1cc(COC(=O)CCCN2CCN(C)CC2)cc(OCCCCCCCCCC)c1,sSS-Nonsym,7.775974331129369,7.997890472412109,7.608369658284298,7.898296356201172,7.973348140716553,7.59558916136417,6.274009960295632
2,1323,CCCCCCCCCCCCCCCCCCOc1cc(COC(=O)CCCN2CCN(CCO)CC2)cc(OCCCCCCCCCC)c1,sSS-Nonsym,8.071882007306126,7.572246551513672,7.600644997444125,7.749222278594971,7.698740482330322,7.841916110232654,6.307543652651087
2,1324,CCCCCCCCCCCCCCCCCCOc1cc(COC(=O)CCCN2CCN(C)CC2)cc(OCCCCCCCCCCCCCCCCC)c1,sSS-Nonsym,8.176091259055681,7.83914852142334,7.599925160003416,7.846708297729492,7.460988998413086,7.260465717760656,6.310853430567309
2,1327,CCCCCCCCCCOc1cc(COC(=O)CCCN2CCN(CCO)CC2)cc(OCCCCCCCC)c1,sSS-Nonsym,7.780317312140151,7.256410121917725,7.58112844504582,7.446646213531494,7.843908786773682,7.891098620608631,6.415379537206331
2,1329,CCCCCCCCCCOc1cc(COC(=O)CCCN2CCN(CCO)CC2)cc(OCC(CC)CCCC)c1,sSS-Nonsym,7.549003262025788,7.015459060668945,7.580394092057524,7.48380708694458,7.923925399780273,8.12752827467895,6.420568895341686
2,1332,CCCCCCCCOc1cc(COC(=O)CCCN2CCN(CCO)CC2)cc(OCCCCCCCC)c1,sSS-Nonsym,7.77232170672292,7.767751693725586,7.578696879592503,7.763456344604492,7.815480709075928,7.785391452029529,6.433111222267337
2,1335,CCCCC(CC)COc1cc(COC(=O)CCCN2CCN(CCO)CC2)cc(OCC(CC)CCCC)c1OCC(CC)CCCC,GA-Tris,7.770115294787102,7.966699600219727,7.574633973923042,7.9760637283325195,7.9781494140625,7.6084184646606445,6.467248534061172
2,1343,CCCCCCCCCOc1cc(COC(=O)CCCN2CCN(CCO)CC2)cc(OCC(CC)CCCC)c1,sSS-Nonsym,8.346352974450639,7.651069641113281,7.570253889623748,7.726484775543213,8.145838737487793,8.2834486848352,6.515850851626559
2,1347,CCCCCCCCCCCCCCCCOc1cc(COC(=O)CCCN2CCN(CCO)CC2)cc(OCC(CC)CCCC)c1,sSS-Nonsym,8.361727836017593,7.943196773529053,7.620959706046824,7.955684661865234,8.062650680541992,8.300246322774653,6.225407282245315
2,1351,CCCCCCCCCCCCCCCCCCOc1cc(COC(=O)CCCN2CCN(C)CC2)cc(OCCCCCCCCCCC)c1,Dialkoxybenzyl,7.365487984890899,7.5916972160339355,7.593642200213644,7.4275288581848145,7.398351669311523,7.481302500883572,6.341403188090771
2,1356,CCCCCCCCCCCCCCCOc1cc(COC(=O)CCCN2CCN(CCO)CC2)cc(OCCCCCCCCCC)c1,sSS-Nonsym,7.399673721481038,7.544449806213379,7.566636782854712,7.643684387207031,7.654976844787598,7.509063937381091,6.595876460584997
2,1357,CCCCCCCCCCCCCCCOc1cc(COC(=O)CCCN2CCN(C)CC2)cc(OCCCCCCCCCCCC)c1,sSS-Nonsym,7.107209969647869,7.429437637329102,7.594495218141255,7.433776378631592,7.305567741394043,7.245552158800695,6.337062352163717
2,1360,CCCCCCCCCCCCCCCCOc1cc(COC(=O)CCCN2CCN(C)CC2)cc(OCCCCCCCCCCCCC)c1,sSS-Nonsym,8.089905111439398,7.852856636047363,7.653475033339873,8.039917945861816,8.025880813598633,7.9916752819696395,6.121313988509589
2,1365,CCCCCCCCCCCCOc1cc(CNC(=O)c2cc(OCCOCCOCCO)c(OCCOCCOCCO)c(OCCOCCOCCOC(=O)CCCN3CCCCC3)c2)cc(OCCCCCCCCCCCC)c1,G1-Janus-Dendrimer,7.678518379040114,7.68763542175293,7.5750823656078445,7.8624701499938965,7.67357063293457,7.736358642578125,6.778033482841749
2,1369,CCCCCCCCCCCCOc1cc(CNC(=O)c2cc(OCCOCCOCCOC(=O)CCCN3CCCCC3)c(OCCOCCOCCOC(=O)Cc3ccccc3)c(OCCOCCOCCOC(=O)CCCN3CCCCC3)c2C(=O)NCc2cc(OCCOCCOCCOC(=O)CCCN3CCCCC3)c(OCCOCCOCCOC(=O)Cc3ccccc3)c(OCCOCCOCCOC(=O)CCCN3CCCCC3)c2C(=O)NCc2cc(OCCCCCCCCCCCC)cc(OCCCCCCCCCCCC)c2)cc(OCCCCCCCCCCCC)c1,TT-Dendrimer,7.745855195173729,7.700605392456055,7.566548516510689,7.505382537841797,7.620954513549805,7.817829608917236,6.601673112270169
2,1374,CCCCCCCCCCCCOc1cc(CNC(=O)CCCN2CCN(C)CC2)cc(OCCCCCCCCCCCC)c1,sSS-Nonsym,6.8208579894397,7.26938533782959,7.585498602512191,7.316854000091553,7.020079135894775,6.8996157791077835,6.386868715409276
2,1387,CCCCC(CC)COC1=CCCN(CCO)CCN2CCCC(=O)OCC(=C1)C=C2OCCCCC(C)CC,sSS-Nonsym,7.510545010206612,7.2136688232421875,7.566423798628746,7.200870990753174,7.480772495269775,7.468861665199366,6.621
2,1396,CCCCCCCCCCCCCCCCOc1cc(COC(=O)CCCN2CCN(CCO)CC2)cc(OCCCCCCCCCCCCCCCC)c1,sSS-Nonsym,7.41161970596323,6.257575511932373,7.573612691689055,7.668208122253418,7.511839389801025,7.85756933899242,6.477101371662878
2,1404,CCCCCCCCCCCCCCOC1=CCCCCCN2C=CC=CC=C3CCCCCN4CCCC(=O)OCCOCCOCCOc5cc(cc(c5OCCOCCOCCOC3)OCCOCCOCCOC(=O)CCC2)C(=O)OCC(=C1)C=C4OCCCCCCCCCCC,G1-Janus-Dendrimer,6.765668554759015,6.665627479553223,7.566448522325048,7.741252899169922,7.768765449523926,7.664422035217285,6.629
3,1008,CCCCCCCCCCCOc1cc(COC(=O)CCCN2CCN(C)CC2)cc(OCCCCCCCCCC)c1,sSS-Nonsym,6.551449997972875,7.566112041473389,7.577642477148956,7.580422878265381,7.6235175132751465,7.228688611569051,6.432110515247564
3,1011,CCCCCCCCCCCCCOc1cc(COC(=O)CCCN2CCN(CCO)CC2)cc(OCCCCCCCCCCC)c1,sSS-Nonsym,6.936513742478893,6.776176929473877,7.571662304365095,7.27028226852417,7.7058634757995605,7.961094894266521,6.481272064733506
3,1018,CCCCCCCCCCCCCCCCCOc1cc(COC(=O)CCCN2CCN(C)CC2)cc(OCCCCCCCCCCC)c1,sSS-Nonsym,7.506505032404872,7.925153732299805,7.576703862067319,7.901564121246338,7.599933624267578,7.520656385006552,6.4415675717007375
3,1025,CCCCCCCCCCCCCCCOc1cc(COC(=O)CCCN2CCN(CCO)CC2)cc(OCCCCCCCC)c1,sSS-Nonsym,7.173186268412274,7.287657260894775,7.559580194499166,7.664284706115723,7.565768241882324,7.730551757669842,6.54622798518017
3,1029,CCCCCCCCCCCCCCCOc1cc(COC(=O)CCCN2CCN(CCO)CC2)cc(OCCCCCCCCCCCC)c1,sSS-Nonsym,7.143014800254095,7.233469486236572,7.568195821077687,7.419357776641846,7.628883361816406,7.488145675516522,6.5027393528513615
3,1032,CCCCCCCCCCCCCCCOc1cc(COC(=O)CCCN2CCN(C)CC2)cc(OCCCCCCCCCCCCCC)c1,sSS-Nonsym,6.965671971220107,7.14878511428833,7.581410305823798,7.186445236206055,7.242762565612793,7.5032739539762785,6.332986458089668
3,1037,CCCCCCCCCCCCCCCCCOc1cc(COC(=O)CCCN2CCN(CCO)CC2)cc(OCCCCCCCCCCCCCCC)c1,sSS-Nonsym,7.294466226161593,6.392345905303955,7.554949850126405,7.671192169189453,7.597712516784668,7.6737005613807785,6.566031967834291
3,1043,CCCCCCCCCCCCCCOc1cc(COC(=O)CCCN2CCN(CCO)CC2)cc(OCCCCCCCCCCCCC)c1,sSS-Nonsym,7.833784374656479,6.939749240875244,7.567231392526484,7.150501728057861,7.839286804199219,7.744652404642498,6.189501847743243
3,1057,CCCCCCCCOc1cc(COC(=O)CCCN2CCN(CCO)CC2)cc(OCCCCCCCC)c1,sSS-Nonsym,7.77232170672292,7.757847785949707,7.577547929435632,7.766480922698975,7.755058288574219,7.776180496073161,6.433111222267337
3,1066,CCCCCCCCCCCCOc1cc(CNC(=O)c2cc(OCCOCCOCCO)c(OCCOCCOCCOC(=O)CCCN(C)C)c(OCCOCCOCCO)c2)cc(OCCCCCCCCCCCC)c1,G1-Janus-Dendrimer,5.652246341003323,7.778985023498535,7.580469867811846,7.182143688201904,6.43369197845459,7.281004905700684,6.3050423876682755
3,1076,CCCCCCCCCOc1cc(CNC(=O)c2cc(OCCOCCOCCOC(=O)CCCN(C)C)c(OCCOCCOCCOC(=O)Cc3ccccc3)c(OCCOCCOCCOC(=O)CCCN(C)C)c2)cc(OCCCCCCCCC)c1,G1-Janus-Dendrimer,5.989983458301399,6.373354434967041,7.580811982164349,6.604241847991943,6.207880973815918,7.380303382873535,6.312621335917668
3,1082,CCCCCCCCCCCCOc1cc(CNC(=O)c2cc(OCCOCCOCCO)c(OCCOCCOCCO)c(OCCOCCOCCOC(=O)CCCN3CCCCC3)c2)cc(OCCCCCCCCCCCC)c1,G1-Janus-Dendrimer,7.678245151927042,7.649869441986084,7.477665665825818,7.7773566246032715,7.653502941131592,7.73712158203125,6.778033482841749
3,1102,CCCCCCCCCCCCOc1cc(CNC(=O)c2cc(OCCOCCOCCOC(=O)CCCN3CCCCC3)c(OCCOCCOCCOC(=O)Cc3ccccc3)c(OCCOCCOCCOC(=O)CCCN3CCCCC3)c2C(=O)NCc2cc(OCCOCCOCCOC(=O)CCCN3CCCCC3)c(OCCOCCOCCOC(=O)Cc3ccccc3)c(OCCOCCOCCOC(=O)CCCN3CCCCC3)c2C(=O)NCc2cc(OCCCCCCCCCCCC)cc(OCCCCCCCCCCCC)c2)cc(OCCCCCCCCCCCC)c1,TT-Dendrimer,7.746166964377285,7.6670756340026855,7.545502116487224,7.545794486999512,7.635461330413818,7.983587741851807,6.601673112270169
3,1126,CCCCCCCCCCCCCCCCOc1cc(COC(=O)CCCN2CCN(C)CC2)cc(OCCCCCCCCCCCCCCCC)c1,sSS-Nonsym,7.527629900871339,7.210610866546631,7.581095406492995,7.256437301635742,7.0910964012146,6.731518354000692,6.32038972988166
3,1131,CCCCCCCCCCCCCCCCCCOc1cc(COC(=O)CCCN2CCN(C)CC2)cc(OCCCCCCCCCCC)c1,Dialkoxybenzyl,7.365487984890899,7.5860185623168945,7.581520961057141,7.364781856536865,7.3921356201171875,7.447489952003074,6.341403188090771
3,1151,CCCCC(CC)COc1cc(COC(=O)CCCN2CCN(CCO)CC2)cc(OCC(CC)CCCC)c1OCC(CC)CCCC,GA-Tris,8.427,7.896731376647949,7.573646085513133,7.900824069976807,7.903282642364502,7.77440071105957,6.467248534061172
3,1154,CCCCC(CC)COc1cc(COC(=O)CCN2CCN(CCOCCO)CC2)cc(OCC(CC)CCCC)c1OCC(CC)CCCC,GA-Tris,8.843375,7.759989261627197,7.575242606405649,7.58630895614624,8.416496276855469,8.243078231811523,6.243079515056301
3,1164,CCCCCCCCOCC(COCCCCCCCC)(COCCCCCCCC)COC(=O)CCCN1CCN(CCO)CC1,PE-Tris,8.48000694295715,8.245302200317383,7.5812519603522155,8.293923377990723,7.754816055297852,8.798254013061523,6.325776042698643
3,1170,CCCCCCCCCCCCCCCCCCOc1cc(OCCCCCCCCCCCCC)cc(C(=O)OCCCCN2CCN(C)CC2)c1,Dialkoxybenzyl,7.600972895686748,6.065607070922852,7.522057626093648,6.912240982055664,7.684106349945068,7.492846625981704,6.0240606836675825
3,1189,CCCCCCCOCC(COCCCCCCC)(COCCCCCCC)COC(=O)CCCN1CCN(C)CC1,PE-Tris,5.698970004336019,6.899864196777344,7.563972291629252,6.016136169433594,6.228947162628174,6.174623489379883,6.525401862046459
3,1190,CCCCCCCOCC(COCCCCCCC)(COCCCCCCC)COC(=O)CCCN1CCN(CCO)CC1,PE-Tris,5.698970004336019,7.625630855560303,7.578678332976871,7.745271682739258,7.647545337677002,5.698760509490967,6.420233913624425
3,1202,CCCCC(CC)COCC(COCC(CC)CCCC)(COCC(CC)CCCC)COC(=O)CCN1CCN(CCO)CC1,PE-Tris,8.870988813760576,8.569975852966309,7.544089803037224,8.933110237121582,8.440986633300781,8.282720565795898,6.091122438973966
3,1206,CCCCC(CC)COCC(COCC(CC)CCCC)(COCC(CC)CCCC)COC(=O)CN1CCN(CCOCCO)CC1,PE-Tris,8.875639937004168,8.122943878173828,7.478331457935187,8.464066505432129,9.025368690490723,8.791121482849121,5.9210443302863505
3,1208,CCCCC(CC)COCC(COCC(CC)CCCC)(COCC(CC)CCCC)COC(=O)CCCN1CCN(CCOCCO)CC1,PE-Tris,8.48000694295715,8.158991813659668,7.578505587288305,8.409150123596191,8.481551170349121,8.461950302124023,6.275352331418843
3,1210,CCCCC(CC)COCC(COCC(CC)CCCC)(COCC(CC)CCCC)COC(=O)CCCCN1CCN(CCOCCO)CC1,PE-Tris,8.457881896733992,8.110298156738281,7.579065420523836,8.361377716064453,8.529544830322266,8.233817100524902,6.282447551386891
3,1211,CCCCCCCCOCC(COCCCCCCCC)(COCCCCCCCC)COC(=O)CN1CCN(CCO)CC1,PE-Tris,8.778151250383644,6.091453552246094,7.529100739994345,7.551374912261963,8.110745429992676,8.348926544189453,6.043890721426242
3,1212,CCCCCCCCOCC(COCCCCCCCC)(COCCCCCCCC)COC(=O)CCN1CCN(CCO)CC1,PE-Tris,8.936010795715209,6.515037536621094,7.563399680683464,6.1749162673950195,7.398171901702881,8.553424835205078,6.169446191775799
3,1216,CCCCCCCCOCC(COCCCCCCCC)(COCCCCCCCC)COC(=O)CN1CCN(CCOCCO)CC1,PE-Tris,8.51321760006794,8.122943878173828,7.465704754782028,8.464066505432129,8.998560905456543,8.754607200622559,5.895632909832632
3,1223,CCCCC(CC)COc1cc(COC(=O)CCCN2CCN(CCO)CC2)cc(OCC(CC)CCCC)c1OCC(CC)CCCC,GA-Tris,7.089905111439398,7.896731376647949,7.573646085513133,7.900824069976807,7.903282642364502,7.77440071105957,6.467248534061172
3,1225,CCCCC(CC)COc1cc(COC(=O)CCCN2CCN(CCO)CC2)cc(OCC(CC)CCCC)c1OCC(CC)CCCC,GA-Tris,6.810904280668701,7.896731376647949,7.573646085513133,7.900824069976807,7.903282642364502,7.77440071105957,6.467248534061172
3,1234,CCCCC(CC)COc1cc(COC(=O)CCCN2CCN(CCO)CC2)cc(OCC(CC)CCCC)c1OCC(CC)CCCC,GA-Tris,8.507855871695831,7.896731376647949,7.573646085513133,7.900824069976807,7.903282642364502,7.77440071105957,6.467248534061172
3,1237,CCCCC(CC)COc1cc(COC(=O)CCCN2CCN(CCO)CC2)cc(OCC(CC)CCCC)c1OCC(CC)CCCC,GA-Tris,8.674861140737812,7.896731376647949,7.573646085513133,7.900824069976807,7.903282642364502,7.77440071105957,6.467248534061172
3,1238,CCCCC(CC)COc1cc(COC(=O)CCCN2CCN(CCO)CC2)cc(OCC(CC)CCCC)c1OCC(CC)CCCC,GA-Tris,8.313867220369154,7.896731376647949,7.573646085513133,7.900824069976807,7.903282642364502,7.77440071105957,6.467248534061172
3,1239,CCCCC(CC)COc1cc(COC(=O)CCCN2CCN(CCO)CC2)cc(OCC(CC)CCCC)c1OCC(CC)CCCC,GA-Tris,7.264817823009537,7.896731376647949,7.573646085513133,7.900824069976807,7.903282642364502,7.77440071105957,6.467248534061172
3,1243,CCCCC(CC)COc1cc(COC(=O)CCCN2CCN(CCO)CC2)cc(OCC(CC)CCCC)c1OCC(CC)CCCC,GA-Tris,8.167317334748176,7.896731376647949,7.573646085513133,7.900824069976807,7.903282642364502,7.77440071105957,6.467248534061172
3,1250,CCCCC(CC)COc1cc(COC(=O)CCCN2CCN(CCO)CC2)cc(OCC(CC)CCCC)c1OCC(CC)CCCC,GA-Tris,8.392696953259666,7.896731376647949,7.573646085513133,7.900824069976807,7.903282642364502,7.77440071105957,6.467248534061172
3,1254,CCCCCCCCCCCCOc1cc(COC(=O)CCCN2CCN(C)CC2)cc(OCCCCCCCCCCC)c1,sSS-Nonsym,7.859138297294531,7.287657260894775,7.55987037803861,7.664284706115723,7.414337158203125,7.63639811474288,6.5449202742464845
3,1270,CCCCCCCCCCCCOc1cc(COC(=O)CCCN2CCN(CCO)CC2)cc(OCCCCCCCCC)c1,sSS-Nonsym,8.181843587944773,7.797614097595215,7.576983105576499,8.21380615234375,7.783172130584717,7.420766677713788,6.258842383702006
3,1277,CCCCCCCCCCCCCCCCCCOc1cc(COC(=O)CCCN2CCN(C)CC2)cc(OCCCCCCCCC)c1,sSS-Nonsym,8.64640372622307,7.778985023498535,7.580474744370036,7.885950565338135,7.734931945800781,7.700774945797567,6.305141185748391
3,1279,CCCCCCCCCCCCOc1cc(COC(=O)CCCN2CCN(C)CC2)cc(OCC(CC)CCCC)c1,sSS-Nonsym,7.814913181275074,6.420170783996582,7.5814538852898465,7.186445236206055,7.073988437652588,7.779772552174106,6.335644573055955
3,1281,CCCCCCCCCCCCOc1cc(COC(=O)CCCN2CCN(C)CC2)cc(OCCCCCCCC)c1,sSS-Nonsym,7.633468455579586,8.367953300476074,7.579839370215119,8.336785316467285,7.795069694519043,7.763086499752646,6.4039594896454375
3,1282,CCCCCCCCCCCCOc1cc(COC(=O)CCCN2CCN(CCO)CC2)cc(OCCCCCCCC)c1,sSS-Nonsym,7.773054693364263,7.42954683303833,7.574103879950638,7.571839809417725,7.712101936340332,7.837420883036053,6.233930741294475
3,1283,CCCCCCCCCCCCOc1cc(COC(=O)CCCN2CCN(CCO)CC2)cc(OCCCCCCCCCC)c1,sSS-Nonsym,7.618048096712092,6.024658203125,7.580549128063421,7.658649444580078,7.3755784034729,7.413960494852459,6.3066768648915
3,1285,CCCCCCCCCCCCCCOc1cc(COC(=O)CCCN2CCN(CCO)CC2)cc(OCCCCCCCCCCCC)c1,sSS-Nonsym,8.594392550375426,7.997501850128174,7.581344925811546,7.8463134765625,7.652712345123291,7.7410311125282405,6.36802254800424
3,1292,CCCCCCCCCCCCCCOc1cc(COC(=O)CCCN2CCN(C)CC2)cc(OCCCCCCCC)c1,sSS-Nonsym,7.619093330626742,7.271165370941162,7.574510878430445,7.216455459594727,7.360256195068359,7.8716016669889735,6.237114599965513
3,1293,CCCCCCCCCCCCCCOc1cc(COC(=O)CCCN2CCN(CCO)CC2)cc(OCCCCCCCC)c1,sSS-Nonsym,8.103803720955957,6.420915126800537,7.568116841796044,6.872664451599121,6.910101890563965,7.584960403299725,6.194506647910178
3,1294,CCCCCCCCCCCCCCOc1cc(COC(=O)CCCN2CCN(C)CC2)cc(OCCCCCCCCCC)c1,sSS-Nonsym,7.880813592280791,7.693490982055664,7.57976596691493,7.6768927574157715,7.674672603607178,7.8624467750212,6.292572388513013
3,1295,CCCCCCCCCCCCCCOc1cc(COC(=O)CCCN2CCN(CCO)CC2)cc(OCCCCCCCCCC)c1,sSS-Nonsym,8.462397997898956,6.808958530426025,7.564858732088137,7.215356349945068,7.609457969665527,8.256707992411053,6.176807196463645
3,1299,CCCCCCCCCCCCCCCCOc1cc(COC(=O)CCCN2CCN(CCO)CC2)cc(OCC(CC)CCCC)c1,sSS-Nonsym,7.983626287124535,8.058609008789062,7.572958031499152,7.981809616088867,8.284269332885742,8.25927746655943,6.225407282245315
3,1304,CCCCCCCCCCCCCCCCOc1cc(COC(=O)CCCN2CCN(C)CC2)cc(OCCCCCCCCCCCCCC)c1,sSS-Nonsym,7.064457989226918,7.776667594909668,7.581028213544645,7.742599010467529,7.500331401824951,7.751531018795614,6.37933185879048
3,1307,CCCCCCCCCCCCCCCCCOc1cc(COC(=O)CCCN2CCN(CCO)CC2)cc(OCCCCCCCCCCCCCCCC)c1,sSS-Nonsym,7.505149978319906,7.776667594909668,7.58114808348342,7.742599010467529,7.698911666870117,7.906433334207927,6.37561947053969
3,1317,CCCCCCCCCCCCCCCCCOc1cc(COC(=O)CCCN2CCN(CCO)CC2)cc(OCCCCCCCCCCCCCC)c1,sSS-Nonsym,7.866877814337498,7.82846736907959,7.576649191709802,8.106220245361328,8.226758003234863,7.822113265848552,6.25561147185713
3,1321,CCCCCCCCCCCCCCCCCCOc1cc(COC(=O)CCCN2CCN(CCO)CC2)cc(OCCCCCCCC)c1,sSS-Nonsym,8.489958479424836,8.123132705688477,7.5725459132778425,7.9321513175964355,8.10481071472168,8.005903854227459,6.222482208542525
3,1337,CCCCCCCCCCCCCCOc1cc(COC(=O)CCCN2CCN(CCO)CC2)cc(OCCCCCCCCCCC)c1,sSS-Nonsym,8.332438459915606,7.850234508514404,7.548188323384352,7.853800296783447,7.968287944793701,8.191391219950114,6.592071475309505
3,1339,CCCCCCCCCCCOc1cc(COC(=O)CCCN2CCN(CCO)CC2)cc(OCC(CC)CCCC)c1,sSS-Nonsym,8.071882007306126,7.704691410064697,7.545599661592092,7.750639915466309,7.933121204376221,8.04882824780943,6.601330834005461
3,1352,CCCCCCCCCCCCCCCCOc1cc(COC(=O)CCCN2CCN(C)CC2)cc(OCCCCCCCCCCC)c1,Dialkoxybenzyl,7.674861140737812,7.616809844970703,7.579460165511787,7.581266403198242,7.656642436981201,7.597018693839622,6.4097549650296575
3,1355,CCCCCCCCCCCCCCCOc1cc(COC(=O)CCCN2CCN(C)CC2)cc(OCCCCCCCCCC)c1,sSS-Nonsym,7.313867220369153,7.309412002563477,7.570961285267931,7.396290302276611,7.410439968109131,7.359880628170615,6.485884892296978
3,1366,CCCCCCCCCCCOc1cc(CNC(=O)CCCN2CCCCC2)cc(OCCCCCCCCCCC)c1,sSS-Nonsym,7.426511261364575,7.951948642730713,7.016390231777191,7.670312881469727,7.386035919189453,7.193715855802304,7.349885955959736
3,1367,CCCCCCCCCCCOc1cc(CNC(=O)c2cc(OCCOCCOCCOC(=O)CCCN3CCCCC3)c(OCCOCCOCCOC(=O)Cc3ccccc3)c(OCCOCCOCCOC(=O)CCCN3CCCCC3)c2)cc(OCCCCCCCCCCC)c1,G1-Janus-Dendrimer,8.178976947293169,7.951948642730713,7.423579072673878,8.04271411895752,8.152995109558105,8.195116996765137,6.878092753838227
3,1371,CCCCCCCCCCCCOc1cc(COC(=O)c2cc(OCCOCCOCCOC(=O)CCCN(C)C)c(OCCOCCOCCOC(=O)Cc3ccccc3)c(OCCOCCOCCOC(=O)CCCN(C)C)c2C(=O)OCc2cc(OCCCCCCCCCCCC)cc(OCCCCCCCCCCCC)c2)cc(OCCCCCCCCCCCC)c1,HTM-Dendrimer,7.247973266361806,7.583796501159668,7.576347033455345,7.314145088195801,7.229610919952393,7.25145959854126,6.252781428526688
3,1372,CCCCC(CC)COc1cc(COC(=O)c2cc(OCCOCCOCCOC(=O)CCCN(C)C)c(OCCOCCOCCOC(=O)Cc3ccccc3)c(OCCOCCOCCOC(=O)CCCN(C)C)c2C(=O)OCc2cc(OCC(CC)CCCC)cc(OCC(CC)CCCC)c2)cc(OCCCCC(C)CC)c1,HTM-Dendrimer,7.838219221907626,7.809083461761475,7.579348682065689,7.552975654602051,7.503998756408691,7.833747863769531,6.28634365271429
3,1376,CCCCCCCCCCCCCCOc1cc(CNC(=O)CCCN2CCN(C)CC2)cc(OCCCCCCCCCCC)c1,sSS-Nonsym,7.045322978786658,7.311878681182861,7.544828297080485,7.286506652832031,7.090386390686035,7.051455310750213,6.6040249534284765
3,1379,CCCCCCCCCOC1=CCCN(C)CCN2CCCC(=O)OCC(=C1)C=C2OCCCCCCCCC,sSS-Nonsym,6.38738982633873,6.420915126800537,7.567853258156706,6.872664451599121,7.01171350479126,7.033776138539214,6.193
3,1382,CCCCCCCCCCCCCCOC1=CCCN(C)CCN2CCCC(=O)OCC(=C1)C=C2OCCCCCCCCCCCCCC,sSS-Nonsym,7.232996110392154,8.799986839294434,7.542881770497885,8.152397155761719,7.377699851989746,6.882971618885894,6.087
3,1393,CCCCCCCCCCCCCOC1=CCCN(CCO)CCN2CCCC(=O)OCC(=C1)C=C2OCCCCCCCCCCCCC,sSS-Nonsym,7.235528446907549,7.511958122253418,7.5112139542501914,7.541304588317871,7.128511905670166,7.077535805544178,6.702
3,1405,CCCCCCCCCCCCCCCOC1=CCCCCCN2C=CC=CC=C3CCCCCN4CCCC(=O)OCCOCCOCCOc5cc(cc(c5OCCOCCOCCOC3)OCCOCCOCCOC(=O)CCC2)C(=O)OCC(=C1)C=C4OCCCCCCCCCCC,G1-Janus-Dendrimer,7.563481085394411,7.643618583679199,7.551417950385474,7.278666973114014,7.156735420227051,7.046889305114746,6.58
3,1407,CCCCCCCCCCCCCCCCCOC1=CCCCCCN2C=CC=CC=C3CCCCCN4CCCC(=O)OCCOCCOCCOc5cc(cc(c5OCCOCCOCCOC3)OCCOCCOCCOC(=O)CCC2)C(=O)NCC(=C1)C=C4OCCCCCCCCCCC,G1-Janus-Dendrimer,7.836324115706752,7.154255390167236,7.532753232536617,7.781682968139648,7.765008449554443,7.643948078155518,6.643
4,1010,CCCCCCCCCCCCCOc1cc(COC(=O)CCCN2CCN(C)CC2)cc(OCCCCCCCCCCC)c1,sSS-Nonsym,7.376576957056512,7.238217353820801,7.561762509655578,7.304158687591553,7.290485382080078,7.017909297266959,6.486832538856193
4,1012,CCCCCCCCCCCCCCCOc1cc(COC(=O)CCCN2CCN(C)CC2)cc(OCCCCCCCCCCC)c1,sSS-Nonsym,7.164352855784437,8.170708656311035,7.592592505752608,7.222046852111816,7.475135803222656,7.6436470597181305,6.330649986955337
4,1021,CCCCCCCCCCCOc1cc(COC(=O)CCCN2CCN(CCO)CC2)cc(OCC(CC)CCCC)c1,sSS-Nonsym,8.071882007306126,7.670571804046631,7.5467899160945535,7.775871276855469,7.98445987701416,8.051743640949429,6.601330834005461
4,1023,CCCCCCCCCCCCCCCOc1cc(COC(=O)CCCN2CCN(C)CC2)cc(OCC(CC)CCCC)c1,sSS-Nonsym,7.086359830674748,7.0586018562316895,7.592374300946677,7.16158390045166,7.13890266418457,7.274546183410784,6.331576095246363
4,1027,CCCCCCCCCCCCCCCOc1cc(COC(=O)CCCN2CCN(CCO)CC2)cc(OCCCCCCCCCC)c1,sSS-Nonsym,7.399673721481038,7.540069580078125,7.5473567614901675,7.666549205780029,7.6693620681762695,7.49896546918356,6.595876460584997
4,1028,CCCCCCCCCCCCCCCOc1cc(COC(=O)CCCN2CCN(C)CC2)cc(OCCCCCCCCCCCC)c1,sSS-Nonsym,7.107209969647869,7.347237586975098,7.591090317508401,7.451577186584473,7.44317102432251,7.22895322732067,6.337062352163717
4,1034,CCCCCCCCCCCCCCCCOc1cc(COC(=O)CCCN2CCN(C)CC2)cc(OCCCCCCCCCCCCCCC)c1,sSS-Nonsym,7.354108439147401,7.88779354095459,7.567197412109326,7.791125774383545,7.448674201965332,7.113909205714224,6.4542812676101455
4,1036,CCCCCCCCCCCCCCCCCOc1cc(COC(=O)CCCN2CCN(C)CC2)cc(OCCCCCCCCCCCCCCC)c1,sSS-Nonsym,7.494154594018442,7.431209087371826,7.581592315152882,7.439723491668701,7.186175346374512,7.115112742701529,6.379814957631472
4,1038,CCCCCCCCCCCCCCCCCCOc1cc(COC(=O)CCCN2CCN(C)CC2)cc(OCCCCCCCCCCCCCCC)c1,sSS-Nonsym,7.865103974641128,7.412020206451416,7.57879021598359,7.688897609710693,7.807493209838867,7.77903638772106,6.393265434730798
4,1041,CCCCCCCCCCCCCOc1cc(COC(=O)CCCN2CCN(CCO)CC2)cc(OCC(CC)CCCC)c1,sSS-Nonsym,8.307496037913213,7.409718990325928,7.590748524890751,7.540613174438477,7.647031307220459,7.854605045368373,6.338533543513797
4,1044,CCCCCCCCCCCCCCCCOc1cc(COC(=O)CCCN2CCN(C)CC2)cc(OCCCCCCCCCCCCC)c1,sSS-Nonsym,8.089905111439398,7.802105903625488,7.65274990734059,7.884230136871338,7.958073616027832,7.969846400538443,6.121313988509589
4,1045,CCCCCCCCCCCCCCCCCCOc1cc(COC(=O)CCCN2CCN(C)CC2)cc(OCCCCCCCCCCCCC)c1,sSS-Nonsym,7.962842681201242,7.751325607299805,7.6553751618221995,7.704780578613281,7.911787986755371,7.862916240015982,6.113610740578106
4,1062,CCCCCCCCCCCCCCCCOc1cc(COC(=O)CCCN2CCN(C)CC2)cc(OCCCCCCCCCCCCCCCC)c1,sSS-Nonsym,7.527629900871339,7.216798305511475,7.595038226786738,7.195002555847168,7.039351940155029,6.717177638331412,6.32038972988166
4,1085,CCCCCCCCCCCOc1cc(CNC(=O)c2cc(OCCOCCOCCOC(=O)CCCN3CCCCC3)c(OCCOCCOCCOC(=O)Cc3ccccc3)c(OCCOCCOCCOC(=O)CCCN3CCCCC3)c2)cc(OCCCCCCCCCCC)c1,G1-Janus-Dendrimer,8.178113252314631,7.842710494995117,7.537254038842368,8.053217887878418,8.126856803894043,8.12894344329834,6.878092753838227
4,1089,CCCCCCCCCCCCOc1cc(CNC(=O)CC(COCCOCCOCOC(=O)CCCN(C)C)COCCOCCOCOC(=O)CCCN(C)C)cc(OCCCCCCCCCCCC)c1,G1-Janus-Dendrimer,7.275771900164932,7.211258888244629,7.5808242753668384,6.750471115112305,6.8311591148376465,7.703948497772217,6.38345943109487
4,1091,CCCCCCCCCCCCOc1cc(COC(=O)CC(COCCOCCOCOC(=O)CCCN(C)C)(COCCOCCOCOC(=O)CCCN(C)C)COCCOCCOCOc2ccccc2)cc(OCCCCCCCCCCCC)c1OCCCCCCCCCCCC,G1-Janus-Dendrimer,8.145196406114183,8.1162109375,7.604771999105088,6.229977607727051,6.27202033996582,7.538599967956543,6.28152624194324
4,1093,CCCCCCCCCCCCOc1cc(CNC(=O)c2cc(OCCOCCOCCOC(=O)CCCN(C)C)c(OCCOCCOCCO)c(OCCOCCOCCO)c2C(=O)NCc2cc(OCCOCCOCCOC(=O)CCCN(C)C)c(OCCOCCOCCO)c(OCCOCCOCCO)c2C(=O)NCc2cc(OCCCCCCCCCCCC)cc(OCCCCCCCCCCCC)c2)cc(OCCCCCCCCCCCC)c1,TT-Dendrimer,5.0,7.820497989654541,7.612797978604677,6.770771503448486,6.748699188232422,7.136782646179199,6.251513058169544
4,1109,CCCCCCCCCCOc1cc(COC(=O)c2cc(OCCOCCOCCOC(=O)CCCN(C)C)c(OCCOCCOCCOC(=O)Cc3ccccc3)c(OCCOCCOCCOC(=O)CCCN(C)C)c2C(=O)OCc2cc(OCCCCCCCCCC)cc(OCCCCCCCCCC)c2)cc(OCCCCCCCCCC)c1,HTM-Dendrimer,7.171141151028382,7.439370632171631,7.630155935541037,6.958532810211182,6.678629398345947,6.527668476104736,6.191566941849915
4,1114,CCCCCCCCCCCCOc1cc(COC(=O)c2cc(OCCOCCOCCOC(=O)CCCN3CCCCC3)c(OCCOCCOCCOC(=O)Cc3ccccc3)c(OCCOCCOCCOC(=O)CCCN3CCCCC3)c2C(=O)OCc2cc(OCCCCCCCCCCCC)cc(OCCCCCCCCCCCC)c2)cc(OCCCCCCCCCCCC)c1,HTM-Dendrimer,6.237040791379191,7.347469329833984,7.5441711129080975,6.38461971282959,7.034449577331543,7.238693714141846,6.628650640692421
4,1136,CCCCCCCCCCCCCCCCOc1cc(COC(=O)CCCN2CCN(C)CC2)cc(OCCCCCCCCCCC)c1,Dialkoxybenzyl,7.674861140737812,7.616971015930176,7.575476526943415,7.587658882141113,7.715606212615967,7.5760859472537,6.4097549650296575
4,1147,CCCCCCCCCCCCCCOc1cc(COC(=O)CCCN2CCN(C)CC2)cc(OCCCCCCCCCCC)c1,Dialkoxybenzyl,7.675778341674085,7.590335845947266,7.5586217067879335,7.589151859283447,7.651045799255371,7.575717352130409,6.507236776188016
4,1152,CCCCC(CC)COc1cc(COC(=O)CCCN2CCN(CCOCCO)CC2)cc(OCC(CC)CCCC)c1OCC(CC)CCCC,GA-Tris,8.0305,6.602206707000732,7.578496476228407,6.739825248718262,6.621232509613037,6.856467247009277,6.3947006717815045
4,1161,CCCCC(CC)COc1cc(OCC(CC)CCCC)cc(C(=O)OCCCCN2CCN(C)CC2)c1,Dialkoxybenzyl,7.773786444981194,8.636012077331543,7.713379832470741,7.6207661628723145,7.103806495666504,7.5221942281377565,5.961065181362338
4,1163,CCCCC(CC)COCC(COCC(CC)CCCC)(COCC(CC)CCCC)COC(=O)CCCN1CCN(CCO)CC1,PE-Tris,8.629409599102718,8.474587440490723,7.59241593899675,8.563929557800293,8.635533332824707,8.736600875854492,6.331399235934016
4,1179,CCCCCCCCOCC(COCCCCCCCC)(COCCCCCCCC)COC(=O)CCCN1CCN(CCO)CC1,PE-Tris,8.775974331129369,8.170708656311035,7.593747837751392,8.17782974243164,7.507029056549072,8.798018455505371,6.325776042698643
4,1182,CCCCCCCCCCCOCC(COCCCCCCCCCCC)(COCCCCCCCCCCC)COC(=O)CCCN1CCN(CCO)CC1,PE-Tris,7.457881896733992,7.109843730926514,7.5513439769002275,5.870619297027588,6.4918365478515625,5.959802150726318,6.5608657912385135
4,1185,CCCCCCCCCCCCOCC(COCCCCCCCCCCCC)(COCCCCCCCCCCCC)COC(=O)CCCN1CCN(CCOCC)CC1,PE-Tris,7.426511261364575,7.983555316925049,7.556477020732835,5.846312999725342,6.1672892570495605,6.41740083694458,6.522
4,1188,CCCCCCCCCCCCCCOCC(COCCCCCCCCCCCCCC)(COCCCCCCCCCCCCCC)COC(=O)CCCN1CCN(CCO)CC1,PE-Tris,7.190331698170292,8.114100456237793,7.620042948149569,6.29137659072876,5.8504719734191895,6.382359504699707,6.225743678790495
4,1198,CCCCCCCCCCCCCCCOCC(COCCCCCCCCCCCCCCC)(COCCCCCCCCCCCCCCC)COC(=O)CCCN1CCN(CCO)CC1,PE-Tris,5.698970004336019,7.130824089050293,7.562368163160187,5.92486572265625,6.633421897888184,5.7920684814453125,6.483044460028758
4,1199,CCCCCCCCCCCCCCCCOCC(COCCCCCCCCCCCCCCCC)(COCCCCCCCCCCCCCCCC)COC(=O)CCCN1CCN(C)CC1,PE-Tris,5.698970004336019,8.040335655212402,7.597076589173133,8.258481979370117,5.911983489990234,5.9553728103637695,6.312
4,1205,CCCCC(CC)COCC(COCC(CC)CCCC)(COCC(CC)CCCC)COC(=O)CCCCN1CCN(CCO)CC1,PE-Tris,8.440909082065218,7.7670440673828125,7.602906882905888,7.655698776245117,8.676027297973633,8.583252906799316,6.288748394207925
4,1209,CCCCC(CC)COCC(COCC(CC)CCCC)(COCC(CC)CCCC)COC(=O)CCCN1CCN(CCOCCO)CC1,PE-Tris,8.460897842756548,8.20525074005127,7.606386766304006,8.4016752243042,8.489253044128418,8.460962295532227,6.275352331418843
4,1215,CCCCCCCCOCC(COCCCCCCCC)(COCCCCCCCC)COC(=O)CCCCN1CCN(CCO)CC1,PE-Tris,8.419955748489757,7.032057285308838,7.586405879979301,6.508096218109131,8.18239688873291,8.623915672302246,6.357642440523207
4,1220,CCCCC(CC)COc1cc(COC(=O)CCCN2CCN(CCO)CC2)cc(OCC(CC)CCCC)c1OCC(CC)CCCC,GA-Tris,7.060697840353612,7.982555866241455,7.564969828605896,7.998231410980225,7.996951103210449,7.985321998596191,6.467248534061172
4,1221,CCCCC(CC)COc1cc(COC(=O)CCCN2CCN(CCO)CC2)cc(OCC(CC)CCCC)c1OCC(CC)CCCC,GA-Tris,6.831229693867063,7.982555866241455,7.564969828605896,7.998231410980225,7.996951103210449,7.985321998596191,6.467248534061172
4,1226,CCCCC(CC)COc1cc(COC(=O)CCCN2CCN(CCO)CC2)cc(OCC(CC)CCCC)c1OCC(CC)CCCC,GA-Tris,8.11058971029925,7.982555866241455,7.564969828605896,7.998231410980225,7.996951103210449,7.985321998596191,6.467248534061172
4,1227,CCCCC(CC)COc1cc(COC(=O)CCCN2CCN(CCO)CC2)cc(OCC(CC)CCCC)c1OCC(CC)CCCC,GA-Tris,8.107209969647869,7.982555866241455,7.564969828605896,7.998231410980225,7.996951103210449,7.985321998596191,6.467248534061172
4,1230,CCCCC(CC)COc1cc(COC(=O)CCCN2CCN(CCO)CC2)cc(OCC(CC)CCCC)c1OCC(CC)CCCC,GA-Tris,8.374748346010104,7.982555866241455,7.564969828605896,7.998231410980225,7.996951103210449,7.985321998596191,6.467248534061172
4,1233,CCCCC(CC)COc1cc(COC(=O)CCCN2CCN(CCO)CC2)cc(OCC(CC)CCCC)c1OCC(CC)CCCC,GA-Tris,8.346352974450639,7.982555866241455,7.564969828605896,7.998231410980225,7.996951103210449,7.985321998596191,6.467248534061172
4,1240,CCCCC(CC)COc1cc(COC(=O)CCCN2CCN(CCO)CC2)cc(OCC(CC)CCCC)c1OCC(CC)CCCC,GA-Tris,6.755112266395071,7.982555866241455,7.564969828605896,7.998231410980225,7.996951103210449,7.985321998596191,6.467248534061172
4,1247,CCCCC(CC)COc1cc(COC(=O)CCCN2CCN(CCO)CC2)cc(OCC(CC)CCCC)c1OCC(CC)CCCC,GA-Tris,7.753583058892906,7.982555866241455,7.564969828605896,7.998231410980225,7.996951103210449,7.985321998596191,6.467248534061172
4,1252,CCCCC(CC)COc1cc(COC(=O)CCCN2CCN(CCO)CC2)cc(OCC(CC)CCCC)c1OCC(CC)CCCC,GA-Tris,7.671172842715083,7.982555866241455,7.564969828605896,7.998231410980225,7.996951103210449,7.985321998596191,6.467248534061172
4,1256,CCCCCCCCCCCCCCCOc1cc(COC(=O)CCCN2CCN(C)CC2)cc(OCCCCCCCC)c1,sSS-Nonsym,7.549003262025788,7.616971015930176,7.576060375078061,7.640679836273193,7.704962730407715,7.906636103907584,6.406800647032448
4,1259,CCCCCCCCCCCCCOc1cc(COC(=O)CCCN2CCN(C)CC2)cc(OCCCCCCCC)c1,sSS-Nonsym,8.278753600952829,7.347237586975098,7.590846290525162,7.451577186584473,7.100708961486816,7.444192561427115,6.338112258416601
4,1262,CCCCCCCCCCCCCOc1cc(COC(=O)CCCN2CCN(C)CC2)cc(OCCCCCCCCCCCC)c1,sSS-Nonsym,8.32221929473392,7.753930568695068,7.570231823669932,7.767168998718262,7.572629451751709,7.482347544947623,6.437343118126971
4,1265,CCCCCCCCCOc1cc(COC(=O)CCCN2CCN(C)CC2)cc(OCCCCCCCC)c1,sSS-Nonsym,7.544068044350276,7.397862434387207,7.573007863030686,7.517795562744141,7.736948013305664,7.4322628586683255,6.422495673840401
4,1286,CCCCCCCCCCCCCCCCOc1cc(COC(=O)CCCN2CCN(CCO)CC2)cc(OCCCCCCCCCCCC)c1,sSS-Nonsym,7.613841821876069,7.7670440673828125,7.603467129153861,7.898318767547607,7.985723972320557,8.050745788397426,6.28656851696521
4,1301,CCCCCCCCCCCCCCCCOc1cc(COC(=O)CCCN2CCN(CCO)CC2)cc(OCCCCCCCC)c1,sSS-Nonsym,7.705863712283919,7.347237586975098,7.590921696789522,7.451577186584473,7.671112537384033,8.08093453961813,6.337787579719746
4,1302,CCCCCCCCCCCCCCCCOc1cc(COC(=O)CCCN2CCN(C)CC2)cc(OCCCCCCCCCC)c1,sSS-Nonsym,8.060697840353612,7.492227077484131,7.612092387519633,7.941012859344482,7.718194484710693,7.889855632105826,6.254086615018547
4,1310,CCCCCCCCCCCCCCCCCOc1cc(COC(=O)CCCN2CCN(C)CC2)cc(OCC(CC)CCCC)c1,sSS-Nonsym,7.139879086401237,7.729620933532715,7.565601411828526,7.701800346374512,7.616523265838623,7.988929117981096,6.463522605720334
4,1311,CCCCCCCCCCCCCCCCCOc1cc(COC(=O)CCCN2CCN(CCO)CC2)cc(OCC(CC)CCCC)c1,sSS-Nonsym,7.620136054973758,7.7670440673828125,7.602176918350898,7.898318767547607,8.071269989013672,7.918158283283413,6.291602393141489
4,1314,CCCCCCCCCCCCCCCCCOc1cc(COC(=O)CCCN2CCN(C)CC2)cc(OCCCCCCCCCC)c1,sSS-Nonsym,8.474216264076254,7.812729358673096,7.606858632840936,7.76387882232666,7.984284400939941,7.50287671975231,6.273561617282406
4,1315,CCCCCCCCCCCCCCCCCOc1cc(COC(=O)CCCN2CCN(CCO)CC2)cc(OCCCCCCCCCC)c1,sSS-Nonsym,7.991669007379948,7.7670440673828125,7.602457250684719,7.898318767547607,8.062248229980469,7.947397628607387,6.290504500546678
4,1325,CCCCCCCCCCCCCCCCCCOc1cc(COC(=O)CCCN2CCN(CCO)CC2)cc(OCCCCCCCCCCCCCCCCC)c1,sSS-Nonsym,8.146128035678238,7.032057285308838,7.584149925724191,7.877289295196533,7.711212635040283,7.590875640692349,6.3678953751776355
4,1328,CCCCCCCCCCOc1cc(COC(=O)CCCN2CCN(C)CC2)cc(OCC(CC)CCCC)c1,sSS-Nonsym,8.146128035678238,8.170708656311035,7.592977216949798,7.222046852111816,8.021539688110352,8.073155726257463,6.3290215357261905
4,1341,CCCCCCCCCCCCCOc1cc(COC(=O)CCCN2CCN(CCO)CC2)cc(OCC(CC)CCCC)c1,sSS-Nonsym,8.307496037913213,7.409718990325928,7.590748524890751,7.540613174438477,7.647031307220459,7.854605045368373,6.338533543513797
4,1342,CCCCCCCCCCCCCCCCCCOc1cc(COC(=O)CCCN2CCN(CCO)CC2)cc(OCCCCCCCCCCCCC)c1,sSS-Nonsym,8.60745502321467,8.570330619812012,7.663413417556448,8.408470153808594,8.465460777282715,8.439192596258755,6.090537125699222
4,1358,CCCCCCCCCCCCCOc1cc(COC(=O)CCCN2CCN(C)CC2)cc(OCC(CC)CCCC)c1,sSS-Nonsym,7.928395852256714,7.607120990753174,7.583362618776237,7.666585922241211,7.692608833312988,7.929211558166642,6.371530023927108
4,1359,CCCCCCCCCCCCCCOc1cc(COC(=O)CCCN2CCN(C)CC2)cc(OCCCCCCCCCCCCC)c1,sSS-Nonsym,7.885361220031512,7.8616623878479,7.622463632287477,8.001249313354492,7.827210426330566,7.7672028153333645,6.217383453682064
4,1364,CCCCCCCCCCCCCCCCCOc1cc(COC(=O)CCCN2CCN(C)CC2)cc(OCCCCCCCCCC)c1,sSS-Nonsym,7.474216264076255,7.812729358673096,7.606858632840936,7.76387882232666,7.984284400939941,7.50287671975231,6.273561617282406
4,1368,CCCCCCCCCCCCOc1cc(COC(=O)CC(COCCOCCOCOC(=O)CCCN(C)C)(COCCOCCOCOC(=O)CCCN(C)C)COCCOCCOCOc2ccccc2)cc(OCCCCCCCCCCCC)c1OCCCCCCCCCCCC,G1-Janus-Dendrimer,8.146128035678238,8.1162109375,7.604771999105088,6.229977607727051,6.27202033996582,7.538599967956543,6.28152624194324
4,1375,CCCCCCCCCCCCCCOc1cc(COC(=O)CCCN2CCN(C)CC2)cc(OCCCCCCCCCCCCCC)c1,sSS-Nonsym,6.984977126415493,7.3916120529174805,7.557704817469913,7.433195114135742,7.131183624267578,7.094844874659537,6.513458254918456
4,1378,CCCCCCCCOC1=CCCN(C)CCN2CCCC(=O)OCC(=C1)C=C2OCCCCCCCC,sSS-Nonsym,6.385606273598312,7.439370632171631,7.630024195382973,7.660055160522461,6.7551798820495605,7.1722766928848785,6.192
4,1391,CCCCCCCCCCCOc1cc(COC(=O)CCCN2CCN(CCO)CC2)cc(OCCCCCCCCCCC)c1,sSS-Nonsym,6.737192642704737,7.794633388519287,7.558285729625219,7.787397384643555,7.148997783660889,7.685712829413053,6.509501554702595
4,1395,CCCCCCCCCCCCCCCOc1cc(COC(=O)CCCN2CCN(CCO)CC2)cc(OCCCCCCCCCCCCCCC)c1,sSS-Nonsym,6.90200289135073,6.016464710235596,7.556026922762802,7.78730583190918,7.443668365478516,8.020888915838833,6.525195549491048
4,1400,,G1-Janus-Dendrimer,8.15836249209525,8.348594665527344,7.742506496715571,6.242406845092773,6.898166179656982,,5.894
4,1406,CCCCCCCCCCCCCCCCCOC1=CCCCCCN2C=CC=CC=C3CCCCCN4CCCC(=O)OCCOCCOCCOc5cc(cc(c5OCCOCCOCCOC3)OCCOCCOCCOC(=O)CCC2)C(=O)OCC(=C1)C=C4OCCCCCCCCCCC,G1-Janus-Dendrimer,7.089905111439398,7.347469329833984,7.5444091001530715,7.312431812286377,7.45253324508667,7.541417598724365,6.626
