IAJD,status,formula_old,formula_new,smiles_old,smiles_new,si_validated
1,FIXED_OH->OMe,C62H108N2O16,C64H112N2O16,CCCCCCCCCCCCOc%20cc(CNC(=O)c2cc(OCCOCCOCCOC(=O)CCCN(C)C)c(OCCOCCOCCO)c(OCCOCCOCCO)c2)cc(OCCCCCCCCCCCC)c%20,CCCCCCCCCCCCOc1cc(CNC(=O)c2cc(OCCOCCOCCOC)c(OCCOCCOCCOC)c(OCCOCCOCCOC(=O)CCCN(C)C)c2)cc(OCCCCCCCCCCCC)c1,True
2,FIXED_OH->OMe,C62H108N2O16,C64H112N2O16,CCCCCCCCCCCCOc%20cc(CNC(=O)c2cc(OCCOCCOCCO)c(OCCOCCOCCOC(=O)CCCN(C)C)c(OCCOCCOCCO)c2)cc(OCCCCCCCCCCCC)c%20,CCCCCCCCCCCCOc1cc(CNC(=O)c2cc(OCCOCCOCCOC)c(OCCOCCOCCOC(=O)CCCN(C)C)c(OCCOCCOCCOC)c2)cc(OCCCCCCCCCCCC)c1,True
3,FIXED_OH->OMe,C68H119N3O17,C69H121N3O17,CCCCCCCCCCCCOc%20cc(CNC(=O)c2cc(OCCOCCOCCOC(=O)CCCN(C)C)c(OCCOCCOCCOC(=O)CCCN(C)C)c(OCCOCCOCCO)c2)cc(OCCCCCCCCCCCC)c%20,CCCCCCCCCCCCOc1cc(CNC(=O)c2cc(OCCOCCOCCOC)c(OCCOCCOCCOC(=O)CCCN(C)C)c(OCCOCCOCCOC(=O)CCCN(C)C)c2)cc(OCCCCCCCCCCCC)c1,True
4,FIXED_OH->OMe,C68H119N3O17,C69H121N3O17,CCCCCCCCCCCCOc%20cc(CNC(=O)c2cc(OCCOCCOCCOC(=O)CCCN(C)C)c(OCCOCCOCCO)c(OCCOCCOCCOC(=O)CCCN(C)C)c2)cc(OCCCCCCCCCCCC)c%20,CCCCCCCCCCCCOc1cc(CNC(=O)c2cc(OCCOCCOCCOC(=O)CCCN(C)C)c(OCCOCCOCCOC)c(OCCOCCOCCOC(=O)CCCN(C)C)c2)cc(OCCCCCCCCCCCC)c1,True
5,OK_ASIS,C74H130N4O18,C74H130N4O18,CCCCCCCCCCCCOc%20cc(CNC(=O)c2cc(OCCOCCOCCOC(=O)CCCN(C)C)c(OCCOCCOCCOC(=O)CCCN(C)C)c(OCCOCCOCCOC(=O)CCCN(C)C)c2)cc(OCCCCCCCCCCCC)c%20,CCCCCCCCCCCCOc%20cc(CNC(=O)c2cc(OCCOCCOCCOC(=O)CCCN(C)C)c(OCCOCCOCCOC(=O)CCCN(C)C)c(OCCOCCOCCOC(=O)CCCN(C)C)c2)cc(OCCCCCCCCCCCC)c%20,True
6,FIXED_phenylacetate->OBn,C78H120N2O18,C76H120N2O16,CCCCCCCCCCCCOc%20cc(CNC(=O)c2cc(OCCOCCOCCOC(=O)CCCN(C)C)c(OCCOCCOCCOC(=O)Cc1ccccc1)c(OCCOCCOCCOC(=O)Cc1ccccc1)c2)cc(OCCCCCCCCCCCC)c%20,CCCCCCCCCCCCOc1cc(CNC(=O)c2cc(OCCOCCOCCOCc3ccccc3)c(OCCOCCOCCOCc3ccccc3)c(OCCOCCOCCOC(=O)CCCN(C)C)c2)cc(OCCCCCCCCCCCC)c1,True
7,FIXED_phenylacetate->OBn,C78H120N2O18,C76H120N2O16,CCCCCCCCCCCCOc%20cc(CNC(=O)c2cc(OCCOCCOCCOC(=O)Cc1ccccc1)c(OCCOCCOCCOC(=O)CCCN(C)C)c(OCCOCCOCCOC(=O)Cc1ccccc1)c2)cc(OCCCCCCCCCCCC)c%20,CCCCCCCCCCCCOc1cc(CNC(=O)c2cc(OCCOCCOCCOCc3ccccc3)c(OCCOCCOCCOC(=O)CCCN(C)C)c(OCCOCCOCCOCc3ccccc3)c2)cc(OCCCCCCCCCCCC)c1,True
8,FIXED_phenylacetate->OBn,C76H125N3O18,C75H125N3O17,CCCCCCCCCCCCOc%20cc(CNC(=O)c2cc(OCCOCCOCCOC(=O)CCCN(C)C)c(OCCOCCOCCOC(=O)CCCN(C)C)c(OCCOCCOCCOC(=O)Cc1ccccc1)c2)cc(OCCCCCCCCCCCC)c%20,CCCCCCCCCCCCOc1cc(CNC(=O)c2cc(OCCOCCOCCOCc3ccccc3)c(OCCOCCOCCOC(=O)CCCN(C)C)c(OCCOCCOCCOC(=O)CCCN(C)C)c2)cc(OCCCCCCCCCCCC)c1,True
9,NEEDS_RECONSTRUCTION,C68H118N2O17,,CCCCCCCCCCCCOc1cc(COC(=O)c2cc(OCCOCCOCC)c(OCCOCCOCCOC(=O)CCCN(C)C)c(OCCOCCOCCOC(=O)CCCN(C)C)c2)cc(OCCCCCCCCCCCC)c1,,False
10,NEEDS_RECONSTRUCTION,C126H217N5O33,,CCCCCCCCCCCCOc%20cc(CNC(=O)c2cc(OCCOCCOCCOC(=O)CCCN(C)C)c(OCCOCCOCCO)c(OCCOCCOCCO)c2C(=O)NCc3cc(OCCOCCOCCOC(=O)CCCN(C)C)c(OCCOCCOCCO)c(OCCOCCOCCO)c3C(=O)NCc4cc(OCCCCCCCCCCCC)cc(OCCCCCCCCCCCC)c4)cc(OCCCCCCCCCCCC)c%20,,False
11,NEEDS_RECONSTRUCTION,C126H217N5O33,,CCCCCCCCCCCCOc%20cc(CNC(=O)c2cc(OCCOCCOCCO)c(OCCOCCOCCOC(=O)CCCN(C)C)c(OCCOCCOCCO)c2C(=O)NCc3cc(OCCOCCOCCO)c(OCCOCCOCCOC(=O)CCCN(C)C)c(OCCOCCOCCO)c3C(=O)NCc4cc(OCCCCCCCCCCCC)cc(OCCCCCCCCCCCC)c4)cc(OCCCCCCCCCCCC)c%20,,False
12,NEEDS_RECONSTRUCTION,C138H239N7O35,,CCCCCCCCCCCCOc%20cc(CNC(=O)c2cc(OCCOCCOCCOC(=O)CCCN(C)C)c(OCCOCCOCCOC(=O)CCCN(C)C)c(OCCOCCOCCO)c2C(=O)NCc3cc(OCCOCCOCCOC(=O)CCCN(C)C)c(OCCOCCOCCOC(=O)CCCN(C)C)c(OCCOCCOCCO)c3C(=O)NCc4cc(OCCCCCCCCCCCC)cc(OCCCCCCCCCCCC)c4)cc(OCCCCCCCCCCCC)c%20,,False
13,NEEDS_RECONSTRUCTION,C138H239N7O35,,CCCCCCCCCCCCOc%20cc(CNC(=O)c2cc(OCCOCCOCCOC(=O)CCCN(C)C)c(OCCOCCOCCO)c(OCCOCCOCCOC(=O)CCCN(C)C)c2C(=O)NCc3cc(OCCOCCOCCOC(=O)CCCN(C)C)c(OCCOCCOCCO)c(OCCOCCOCCOC(=O)CCCN(C)C)c3C(=O)NCc4cc(OCCCCCCCCCCCC)cc(OCCCCCCCCCCCC)c4)cc(OCCCCCCCCCCCC)c%20,,False
14,NEEDS_RECONSTRUCTION,C150H261N9O37,,CCCCCCCCCCCCOc%20cc(CNC(=O)c2cc(OCCOCCOCCOC(=O)CCCN(C)C)c(OCCOCCOCCOC(=O)CCCN(C)C)c(OCCOCCOCCOC(=O)CCCN(C)C)c2C(=O)NCc3cc(OCCOCCOCCOC(=O)CCCN(C)C)c(OCCOCCOCCOC(=O)CCCN(C)C)c(OCCOCCOCCOC(=O)CCCN(C)C)c3C(=O)NCc4cc(OCCCCCCCCCCCC)cc(OCCCCCCCCCCCC)c4)cc(OCCCCCCCCCCCC)c%20,,False
15,NEEDS_RECONSTRUCTION,C158H241N5O37,,CCCCCCCCCCCCOc%20cc(CNC(=O)c2cc(OCCOCCOCCOC(=O)CCCN(C)C)c(OCCOCCOCCOC(=O)Cc1ccccc1)c(OCCOCCOCCOC(=O)Cc1ccccc1)c2C(=O)NCc3cc(OCCOCCOCCOC(=O)CCCN(C)C)c(OCCOCCOCCOC(=O)Cc1ccccc1)c(OCCOCCOCCOC(=O)Cc1ccccc1)c3C(=O)NCc4cc(OCCCCCCCCCCCC)cc(OCCCCCCCCCCCC)c4)cc(OCCCCCCCCCCCC)c%20,,False
16,NEEDS_RECONSTRUCTION,C158H241N5O37,,CCCCCCCCCCCCOc%20cc(CNC(=O)c2cc(OCCOCCOCCOC(=O)Cc1ccccc1)c(OCCOCCOCCOC(=O)CCCN(C)C)c(OCCOCCOCCOC(=O)Cc1ccccc1)c2C(=O)NCc3cc(OCCOCCOCCOC(=O)Cc1ccccc1)c(OCCOCCOCCOC(=O)CCCN(C)C)c(OCCOCCOCCOC(=O)Cc1ccccc1)c3C(=O)NCc4cc(OCCCCCCCCCCCC)cc(OCCCCCCCCCCCC)c4)cc(OCCCCCCCCCCCC)c%20,,False
17,NEEDS_RECONSTRUCTION,C154H251N7O37,,CCCCCCCCCCCCOc%20cc(CNC(=O)c2cc(OCCOCCOCCOC(=O)CCCN(C)C)c(OCCOCCOCCOC(=O)CCCN(C)C)c(OCCOCCOCCOC(=O)Cc1ccccc1)c2C(=O)NCc3cc(OCCOCCOCCOC(=O)CCCN(C)C)c(OCCOCCOCCOC(=O)CCCN(C)C)c(OCCOCCOCCOC(=O)Cc1ccccc1)c3C(=O)NCc4cc(OCCCCCCCCCCCC)cc(OCCCCCCCCCCCC)c4)cc(OCCCCCCCCCCCC)c%20,,False
18,NEEDS_RECONSTRUCTION,C154H251N7O37,,CCCCCCCCCCCCOc%20cc(CNC(=O)c2cc(OCCOCCOCCOC(=O)CCCN(C)C)c(OCCOCCOCCOC(=O)Cc1ccccc1)c(OCCOCCOCCOC(=O)CCCN(C)C)c2C(=O)NCc3cc(OCCOCCOCCOC(=O)CCCN(C)C)c(OCCOCCOCCOC(=O)Cc1ccccc1)c(OCCOCCOCCOC(=O)CCCN(C)C)c3C(=O)NCc4cc(OCCCCCCCCCCCC)cc(OCCCCCCCCCCCC)c4)cc(OCCCCCCCCCCCC)c%20,,False
19,FIXED_phenylacetate->OBn,C68H109N3O18,C67H109N3O17,CCCCCCCCOc%20cc(CNC(=O)c2cc(OCCOCCOCCOC(=O)CCCN(C)C)c(OCCOCCOCCOC(=O)Cc1ccccc1)c(OCCOCCOCCOC(=O)CCCN(C)C)c2)cc(OCCCCCCCC)c%20,CCCCCCCCOc1cc(CNC(=O)c2cc(OCCOCCOCCOC(=O)CCCN(C)C)c(OCCOCCOCCOCc3ccccc3)c(OCCOCCOCCOC(=O)CCCN(C)C)c2)cc(OCCCCCCCC)c1,True
20,FIXED_phenylacetate->OBn,C70H113N3O18,C69H113N3O17,CCCCCCCCCOc%20cc(CNC(=O)c2cc(OCCOCCOCCOC(=O)CCCN(C)C)c(OCCOCCOCCOC(=O)Cc1ccccc1)c(OCCOCCOCCOC(=O)CCCN(C)C)c2)cc(OCCCCCCCCC)c%20,CCCCCCCCCOc1cc(CNC(=O)c2cc(OCCOCCOCCOC(=O)CCCN(C)C)c(OCCOCCOCCOCc3ccccc3)c(OCCOCCOCCOC(=O)CCCN(C)C)c2)cc(OCCCCCCCCC)c1,True
21,FIXED_phenylacetate->OBn,C72H117N3O18,C71H117N3O17,CCCCCCCCCCOc%20cc(CNC(=O)c2cc(OCCOCCOCCOC(=O)CCCN(C)C)c(OCCOCCOCCOC(=O)Cc1ccccc1)c(OCCOCCOCCOC(=O)CCCN(C)C)c2)cc(OCCCCCCCCCC)c%20,CCCCCCCCCCOc1cc(CNC(=O)c2cc(OCCOCCOCCOC(=O)CCCN(C)C)c(OCCOCCOCCOCc3ccccc3)c(OCCOCCOCCOC(=O)CCCN(C)C)c2)cc(OCCCCCCCCCC)c1,True
22,FIXED_phenylacetate->OBn,C74H121N3O18,C73H121N3O17,CCCCCCCCCCCOc%20cc(CNC(=O)c2cc(OCCOCCOCCOC(=O)CCCN(C)C)c(OCCOCCOCCOC(=O)Cc1ccccc1)c(OCCOCCOCCOC(=O)CCCN(C)C)c2)cc(OCCCCCCCCCCC)c%20,CCCCCCCCCCCOc1cc(CNC(=O)c2cc(OCCOCCOCCOC(=O)CCCN(C)C)c(OCCOCCOCCOCc3ccccc3)c(OCCOCCOCCOC(=O)CCCN(C)C)c2)cc(OCCCCCCCCCCC)c1,True
23,FIXED_phenylacetate->OBn,C68H109N3O18,C67H109N3O17,CC(CC)CCCCOc%20cc(CNC(=O)c2cc(OCCOCCOCCOC(=O)CCCN(C)C)c(OCCOCCOCCOC(=O)Cc1ccccc1)c(OCCOCCOCCOC(=O)CCCN(C)C)c2)cc(OCC(CC)CCCC)c%20,CCCCC(CC)COc1cc(CNC(=O)c2cc(OCCOCCOCCOC(=O)CCCN(C)C)c(OCCOCCOCCOCc3ccccc3)c(OCCOCCOCCOC(=O)CCCN(C)C)c2)cc(OCCCCC(C)CC)c1,True
24,NEEDS_RECONSTRUCTION,C62H107N3O16,,CCOCCOCCOc1cc(C(=O)NCc2cc(OCC(C)CCCC(C)C)cc(OCC(C)CCCC(C)C)c2)cc(OCCOCCOCCOC(=O)CCCN(C)C)c1OCCOCCOCCOC(=O)CCCN(C)C,,False
25,FIXED_phenylacetate->OBn,C70H113N3O18,C69H113N3O17,CC(C)CCCC(C)COc%20cc(CNC(=O)c2cc(OCCOCCOCCOC(=O)CCCN(C)C)c(OCCOCCOCCOC(=O)Cc1ccccc1)c(OCCOCCOCCOC(=O)CCCN(C)C)c2)cc(OCC(C)CCCC(C)C)c%20,CC(C)CCCC(C)COc1cc(CNC(=O)c2cc(OCCOCCOCCOC(=O)CCCN(C)C)c(OCCOCCOCCOCc3ccccc3)c(OCCOCCOCCOC(=O)CCCN(C)C)c2)cc(OCC(C)CCCC(C)C)c1,True
26,NEEDS_RECONSTRUCTION,C100H162N2O23,,CCCCCCCCCCOc%20cc(COC(=O)c2cc(OCCOCCOCCOC(=O)CCCN(C)C)c(OCCOCCOCCOC(=O)Cc1ccccc1)c(OCCOCCOCCOC(=O)CCCN(C)C)c2C(=O)OCc3cc(OCCCCCCCCCC)cc(OCCCCCCCCCC)c3)cc(OCCCCCCCCCC)c%20,,False
27,NEEDS_RECONSTRUCTION,C104H170N2O23,,CCCCCCCCCCCOc%20cc(COC(=O)c2cc(OCCOCCOCCOC(=O)CCCN(C)C)c(OCCOCCOCCOC(=O)Cc1ccccc1)c(OCCOCCOCCOC(=O)CCCN(C)C)c2C(=O)OCc3cc(OCCCCCCCCCCC)cc(OCCCCCCCCCCC)c3)cc(OCCCCCCCCCCC)c%20,,False
28,NEEDS_RECONSTRUCTION,C108H178N2O23,,CCCCCCCCCCCCOc%20cc(COC(=O)c2cc(OCCOCCOCCOC(=O)CCCN(C)C)c(OCCOCCOCCOC(=O)Cc1ccccc1)c(OCCOCCOCCOC(=O)CCCN(C)C)c2C(=O)OCc3cc(OCCCCCCCCCCCC)cc(OCCCCCCCCCCCC)c3)cc(OCCCCCCCCCCCC)c%20,,False
29,NEEDS_RECONSTRUCTION,C92H146N2O23,,CC(CC)CCCCOc%20cc(COC(=O)c2cc(OCCOCCOCCOC(=O)CCCN(C)C)c(OCCOCCOCCOC(=O)Cc1ccccc1)c(OCCOCCOCCOC(=O)CCCN(C)C)c2C(=O)OCc3cc(OCC(CC)CCCC)cc(OCC(CC)CCCC)c3)cc(OCC(CC)CCCC)c%20,,False
30,NEEDS_RECONSTRUCTION,C58H107N3O13,,CCCCCCCCCCCCOc%20cc(CNC(=O)CC(COCCOCCOCOC(=O)CCCN(C)C)COCCOCCOCOC(=O)CCCN(C)C)cc(OCCCCCCCCCCCC)c%20,,False
31,NEEDS_RECONSTRUCTION,C82H146N2O19,,CCCCCCCCCCCCOc1c(OCCCCCCCCCCCC)c(OCCCCCCCCCCCC)cc(COC(=O)CC(COCCOCCOCOC(=O)CCCN(C)C)(COCCOCCOCOc2ccccc2)COCCOCCOCOC(=O)CCCN(C)C)c1,,False
32,NEEDS_RECONSTRUCTION,C88H149N3O24,,CCCCCCCCCCCCOc%20cc(CNC(=O)c2cc(OCCOCCOCCOCCOCCOC(=O)CCCN(C)C)c(OCCOCCOCCOCCOCCOC(=O)Cc3ccccc3)c(OCCOCCOCCOCCOCCOC(=O)CCCN(C)C)c2)cc(OCCCCCCCCCCCC)c%20,,False
33,NEEDS_RECONSTRUCTION,C72H124N4O17,,CCCCCCCCCCCOc1cc(COC(=O)c2cc(OCCOCCOCC)c(OCCOCCOCCOC(=O)CCCN3CCN(C)CC3)c(OCCOCCOCCOC(=O)CCCN3CCN(C)CC3)c2)cc(OCCCCCCCCCCC)c1,,False
34,FIXED_phenylacetate->OBn,C80H129N3O18,C79H129N3O17,CCCCCCCCCCCOc%20cc(CNC(=O)c2cc(OCCOCCOCCOC(=O)CCCN1CCCCC1)c(OCCOCCOCCOC(=O)Cc1ccccc1)c(OCCOCCOCCOC(=O)CCCN1CCCCC1)c2)cc(OCCCCCCCCCCC)c%20,CCCCCCCCCCCOc1cc(CNC(=O)c2cc(OCCOCCOCCOC(=O)CCCN3CCCCC3)c(OCCOCCOCCOCc3ccccc3)c(OCCOCCOCCOC(=O)CCCN3CCCCC3)c2)cc(OCCCCCCCCCCC)c1,True
35,FIXED_phenylacetate->OBn,C82H135N5O18,C81H135N5O17,CCCCCCCCCCCCOc%20cc(CNC(=O)c2cc(OCCOCCOCCOC(=O)CCCN1CCN(C)CC1)c(OCCOCCOCCOC(=O)Cc1ccccc1)c(OCCOCCOCCOC(=O)CCCN1CCN(C)CC1)c2)cc(OCCCCCCCCCCCC)c%20,CCCCCCCCCCCCOc1cc(CNC(=O)c2cc(OCCOCCOCCOC(=O)CCCN3CCN(C)CC3)c(OCCOCCOCCOCc3ccccc3)c(OCCOCCOCCOC(=O)CCCN3CCN(C)CC3)c2)cc(OCCCCCCCCCCCC)c1,True
36,FIXED_phenylacetate->OBn,C80H131N5O18,C79H131N5O17,CCCCCCCCCCCOc%20cc(CNC(=O)c2cc(OCCOCCOCCOC(=O)CCCN1CCN(C)CC1)c(OCCOCCOCCOC(=O)Cc1ccccc1)c(OCCOCCOCCOC(=O)CCCN1CCN(C)CC1)c2)cc(OCCCCCCCCCCC)c%20,CCCCCCCCCCCOc1cc(CNC(=O)c2cc(OCCOCCOCCOC(=O)CCCN3CCN(C)CC3)c(OCCOCCOCCOCc3ccccc3)c(OCCOCCOCCOC(=O)CCCN3CCN(C)CC3)c2)cc(OCCCCCCCCCCC)c1,True
38,NEEDS_RECONSTRUCTION,C94H161NO21,,CCCCCCCCCCCCOc%20cc(COC(=O)c2cc(OCCOCCOCCOC(=O)CCCN(C)C)c(OCCOCCOCCO)c(OCCOCCOCCO)c2C(=O)OCc3cc(OCCCCCCCCCCCC)cc(OCCCCCCCCCCCC)c3)cc(OCCCCCCCCCCCC)c%20,,False
39,NEEDS_RECONSTRUCTION,C94H161NO21,,CCCCCCCCCCCCOc%20cc(COC(=O)c2cc(OCCOCCOCCO)c(OCCOCCOCCOC(=O)CCCN(C)C)c(OCCOCCOCCO)c2C(=O)OCc3cc(OCCCCCCCCCCCC)cc(OCCCCCCCCCCCC)c3)cc(OCCCCCCCCCCCC)c%20,,False
40,NEEDS_RECONSTRUCTION,C100H172N2O22,,CCCCCCCCCCCCOc%20cc(COC(=O)c2cc(OCCOCCOCCOC(=O)CCCN(C)C)c(OCCOCCOCCOC(=O)CCCN(C)C)c(OCCOCCOCCO)c2C(=O)OCc3cc(OCCCCCCCCCCCC)cc(OCCCCCCCCCCCC)c3)cc(OCCCCCCCCCCCC)c%20,,False
41,NEEDS_RECONSTRUCTION,C100H172N2O22,,CCCCCCCCCCCCOc%20cc(COC(=O)c2cc(OCCOCCOCCOC(=O)CCCN(C)C)c(OCCOCCOCCO)c(OCCOCCOCCOC(=O)CCCN(C)C)c2C(=O)OCc3cc(OCCCCCCCCCCCC)cc(OCCCCCCCCCCCC)c3)cc(OCCCCCCCCCCCC)c%20,,False
42,NEEDS_RECONSTRUCTION,C106H183N3O23,,CCCCCCCCCCCCOc%20cc(COC(=O)c2cc(OCCOCCOCCOC(=O)CCCN(C)C)c(OCCOCCOCCOC(=O)CCCN(C)C)c(OCCOCCOCCOC(=O)CCCN(C)C)c2C(=O)OCc3cc(OCCCCCCCCCCCC)cc(OCCCCCCCCCCCC)c3)cc(OCCCCCCCCCCCC)c%20,,False
43,NEEDS_RECONSTRUCTION,C65H111NO15,,CCCCCCCCCCCCOc1cc(COC(=O)c2cc(OCCOCCOCC)c(OCCOCCOCC)c(OCCOCCOCCOC(=O)CCCN3CCCCC3)c2)cc(OCCCCCCCCCCCC)c1,,False
44,FIXED_OH->OMe,C65H112N2O16,C67H116N2O16,CCCCCCCCCCCCOc%20cc(CNC(=O)c2cc(OCCOCCOCCOC(=O)CCCN1CCCCC1)c(OCCOCCOCCO)c(OCCOCCOCCO)c2)cc(OCCCCCCCCCCCC)c%20,CCCCCCCCCCCCOc1cc(CNC(=O)c2cc(OCCOCCOCCOC)c(OCCOCCOCCOC)c(OCCOCCOCCOC(=O)CCCN3CCCCC3)c2)cc(OCCCCCCCCCCCC)c1,True
45,FIXED_OH->OMe,C65H113N3O16,C67H117N3O16,CCCCCCCCCCCCOc%20cc(CNC(=O)c2cc(OCCOCCOCCOC(=O)CCCN1CCN(C)CC1)c(OCCOCCOCCO)c(OCCOCCOCCO)c2)cc(OCCCCCCCCCCCC)c%20,CCCCCCCCCCCCOc1cc(CNC(=O)c2cc(OCCOCCOCCOC)c(OCCOCCOCCOC)c(OCCOCCOCCOC(=O)CCCN3CCN(C)CC3)c2)cc(OCCCCCCCCCCCC)c1,True
46,NEEDS_RECONSTRUCTION,C166H267N7O37,,CCCCCCCCCCCCOc%20cc(CNC(=O)c2cc(OCCOCCOCCOC(=O)CCCN1CCCCC1)c(OCCOCCOCCOC(=O)Cc1ccccc1)c(OCCOCCOCCOC(=O)CCCN1CCCCC1)c2C(=O)NCc3cc(OCCOCCOCCOC(=O)CCCN1CCCCC1)c(OCCOCCOCCOC(=O)Cc1ccccc1)c(OCCOCCOCCOC(=O)CCCN1CCCCC1)c3C(=O)NCc4cc(OCCCCCCCCCCCC)cc(OCCCCCCCCCCCC)c4)cc(OCCCCCCCCCCCC)c%20,,False
47,NEEDS_RECONSTRUCTION,C114H186N2O23,,CCCCCCCCCCCCOc%20cc(COC(=O)c2cc(OCCOCCOCCOC(=O)CCCN1CCCCC1)c(OCCOCCOCCOC(=O)Cc1ccccc1)c(OCCOCCOCCOC(=O)CCCN1CCCCC1)c2C(=O)OCc3cc(OCCCCCCCCCCCC)cc(OCCCCCCCCCCCC)c3)cc(OCCCCCCCCCCCC)c%20,,False
48,NEEDS_RECONSTRUCTION,C92H146N2O23,,CCCCCCCCOc%20cc(COC(=O)c2cc(OCCOCCOCCOC(=O)CCCN(C)C)c(OCCOCCOCCOC(=O)Cc1ccccc1)c(OCCOCCOCCOC(=O)CCCN(C)C)c2C(=O)OCc3cc(OCCCCCCCC)cc(OCCCCCCCC)c3)cc(OCCCCCCCC)c%20,,False
49,NEEDS_RECONSTRUCTION,C96H154N2O23,,CC(C)CCCC(C)COc%20cc(COC(=O)c2cc(OCCOCCOCCOC(=O)CCCN(C)C)c(OCCOCCOCCOC(=O)Cc1ccccc1)c(OCCOCCOCCOC(=O)CCCN(C)C)c2C(=O)OCc3cc(OCC(C)CCCC(C)C)cc(OCC(C)CCCC(C)C)c3)cc(OCC(C)CCCC(C)C)c%20,,False
50,NEEDS_RECONSTRUCTION,C102H166N2O23,,CCCCCCCCCCCOc%20cc(COC(=O)c2cc(OCCOCCOCCOC(=O)CCN(C)C)c(OCCOCCOCCOC(=O)Cc1ccccc1)c(OCCOCCOCCOC(=O)CCN(C)C)c2C(=O)OCc3cc(OCCCCCCCCCCC)cc(OCCCCCCCCCCC)c3)cc(OCCCCCCCCCCC)c%20,,False
51,NEEDS_RECONSTRUCTION,C100H162N2O23,,CCCCCCCCCCCOc%20cc(COC(=O)c2cc(OCCOCCOCCOC(=O)CN(C)C)c(OCCOCCOCCOC(=O)Cc1ccccc1)c(OCCOCCOCCOC(=O)CN(C)C)c2C(=O)OCc3cc(OCCCCCCCCCCC)cc(OCCCCCCCCCCC)c3)cc(OCCCCCCCCCCC)c%20,,False
53,NEEDS_RECONSTRUCTION,C70H113NO17,,CCCCCCCCCCCCOc1cc(COC(=O)c2cc(OCCOCCOCC)c(OCCOCCOCCOC(=O)Cc3ccccc3)c(OCCOCCOCCOC(=O)CCCN(C)C)c2)cc(OCCCCCCCCCCCC)c1,,False
54,NEEDS_RECONSTRUCTION,C88H145N3O21,,CCCCCCCCCCCCOc%20cc(CNC(=O)c2cc(OCCOCCOCCOCCOC(=O)CCCN1CCCCC1)c(OCCOCCOCCOCCOC(=O)Cc3ccccc3)c(OCCOCCOCCOCCOC(=O)CCCN1CCCCC1)c2)cc(OCCCCCCCCCCCC)c%20,,False
