iajd,family,flux,pKa,MolWt,n_reps_total,n_reps_converged,c0_mean,c0_SE,c0_sd,c0_min,c0_max,c0_seed1,cg_mapping_validated,cg_validation_basis,module_e_rel_err,module_e_status,c0_trusted,c0_resolved_2sigma
81,Dialkoxybenzyl,7.3654879848909,6.19,714.6274591040001,1,0,,,,,,,False,none,,,False,False
105,Dialkoxybenzyl,7.675778341674085,6.5,658.5648588480001,1,1,-2.21555474153644,,,-2.21555474153644,-2.21555474153644,-2.21555474153644,False,none,,,False,False
106,Dialkoxybenzyl,7.541579243946581,6.32,700.61180904,1,1,-3.9790047979890746,,,-3.9790047979890746,-3.9790047979890746,-3.9790047979890746,False,none,,,False,False
107,Dialkoxybenzyl,7.340444114840118,6.42,728.643109168,1,0,,,,,,,False,none,,,False,False
294,Dialkoxybenzyl,7.773786444981194,6.34,562.434572956,1,1,-4.332009491201506,,,-4.332009491201506,-4.332009491201506,-4.332009491201506,False,none,,,False,False
297,Dialkoxybenzyl,6.734799829588847,5.67,562.434572956,1,0,,,,,,,False,none,,,False,False
308,Dialkoxybenzyl,7.600972895686748,5.94,772.6693239159998,1,1,-0.604870690531876,,,-0.604870690531876,-0.604870690531876,-0.604870690531876,False,none,,,False,False
309,Dialkoxybenzyl,7.444044795918076,6.24,816.6955386639999,1,0,,,,,,,False,none,,,False,False
1,G1-Janus-Dendrimer,6.379305517750582,6.27,1164.801185504,1,0,,,,,,,False,none,,,False,False
2,G1-Janus-Dendrimer,5.652246341003323,6.2,1164.801185504,1,0,,,,,,,False,none,,,False,False
8,G1-Janus-Dendrimer,5.597585501752205,6.53,1339.90089954,1,0,,,,,,,False,none,,,False,False
19,G1-Janus-Dendrimer,6.943395576508954,6.38,1227.775699028,1,0,,,,,,,False,none,,,False,False
20,G1-Janus-Dendrimer,5.989983458301399,6.34,1255.806999156,1,1,-5.504372153599856,,,-5.504372153599856,-5.504372153599856,-5.504372153599856,False,none,,,False,False
22,G1-Janus-Dendrimer,5.764475027434409,6.38,1311.869599412,1,1,-4.587177662528385,,,-4.587177662528385,-4.587177662528385,-4.587177662528385,False,none,,,False,False
23,G1-Janus-Dendrimer,6.744684063276886,6.38,1227.775699028,1,1,-6.714903735440558,,,-6.714903735440558,-6.714903735440558,-6.714903735440558,False,none,,,False,False
25,G1-Janus-Dendrimer,5.834357112718405,6.15,1255.806999156,1,0,,,,,,,False,none,,,False,False
34,G1-Janus-Dendrimer,8.1785450998039,6.74,1391.932199668,1,0,,,,,,,False,none,,,False,False
44,G1-Janus-Dendrimer,7.678381765483579,6.75,1204.832485632,1,1,-4.95344204339341,,,-4.95344204339341,-4.95344204339341,-4.95344204339341,False,none,,,False,False
45,G1-Janus-Dendrimer,5.94875518016827,5.93,1219.843384664,1,1,-4.1818280773098095,,,-4.1818280773098095,-4.1818280773098095,-4.1818280773098095,False,none,,,False,False
110,G1-Janus-Dendrimer,7.946943270697825,7.64,1420.947515384,1,0,,,,,,,False,none,,,False,False
111,G1-Janus-Dendrimer,7.857935264719429,7.58,1392.916215256,1,1,2.254924510731781,,,2.254924510731781,2.254924510731781,2.254924510731781,False,none,,,False,False
131,G1-Janus-Dendrimer,8.100370545117563,7.34,1491.025765704,1,1,3.566841232540428,,,3.566841232540428,3.566841232540428,3.566841232540428,False,none,,,False,False
155,G1-Janus-Dendrimer,8.004321373782643,7.4,1350.869265064,1,1,1.5370684362906306,,,1.5370684362906306,1.5370684362906306,1.5370684362906306,False,none,,,False,False
156,G1-Janus-Dendrimer,6.765668554759015,7.43,1434.963165448,1,0,,,,,,,False,none,,,False,False
157,G1-Janus-Dendrimer,7.563481085394411,7.42,1448.978815512,1,1,0.24430648834151314,,,0.24430648834151314,0.24430648834151314,0.24430648834151314,False,none,,,False,False
158,G1-Janus-Dendrimer,7.089905111439398,7.38,1477.01011564,1,0,,,,,,,False,none,,,False,False
159,G1-Janus-Dendrimer,7.836324115706752,7.4,1476.026100052,1,0,,,,,,,False,none,,,False,False
79,GA-Tris,7.127104798364807,6.25,828.731924172,1,1,0.8266326415865366,,,0.8266326415865366,0.8266326415865366,0.8266326415865366,False,none,,,False,False
96,GA-Tris,7.680335513414564,6.32,660.544123404,1,0,,,,,,,False,none,,,False,False
97,GA-Tris,7.915720523073849,6.479999999999999,690.554688088,1,1,0.5008695201460638,,,0.5008695201460638,0.5008695201460638,0.5008695201460638,False,none,,,False,False
253,GA-Tris,7.260930846917137,6.37,734.580902836,1,0,,,,,,,False,none,,,False,False
300,GA-Tris,6.711807229041191,,690.554688088,1,0,,,,,,,False,none,,,False,False
301,GA-Tris,8.176091259055681,6.37,689.5706725,1,1,-1.137430497705112,,,-1.137430497705112,-1.137430497705112,-1.137430497705112,False,none,,,False,False
321,GA-Tris,8.708666666666666,6.44,676.5390380239999,1,0,,,,,,,False,none,,,False,False
322,GA-Tris,8.843375,6.24,720.5652527719999,1,0,,,,,,,False,none,,,False,False
323,GA-Tris,8.3245,6.51,704.570338152,1,0,,,,,,,False,none,,,False,False
324,GA-Tris,7.844142857142857,6.51,748.5965528999999,1,0,,,,,,,False,none,,,False,False
329,GA-Tris,8.3605,6.06,662.5233879599999,1,0,,,,,,,False,none,,,False,False
330,GA-Tris,8.96790909090909,6.22,706.549602708,1,1,-2.0800974198302393,,,-2.0800974198302393,-2.0800974198302393,-2.0800974198302393,False,none,,,False,False
347,GA-Tris,8.627109711211139,,762.612202964,1,0,,,,,,,False,none,,,False,False
348,GA-Tris,9.103803720955957,,718.585988216,1,1,0.8724276656393386,,,0.8724276656393386,0.8724276656393386,0.8724276656393386,False,none,,,False,False
365,GA-Tris,8.828015064223976,,762.612202964,1,1,0.021869424985549796,,,0.021869424985549796,0.021869424985549796,0.021869424985549796,False,none,,,False,False
366,GA-Tris,9.038779069555538,,704.570338152,1,0,,,,,,,False,none,,,False,False
367,GA-Tris,8.753583058892907,,690.554688088,1,1,2.3631930282759837,,,2.3631930282759837,2.3631930282759837,2.3631930282759837,False,none,,,False,False
369,GA-Tris,9.39291668232173,,748.5965528999999,1,1,1.272029306614134,,,1.272029306614134,1.272029306614134,1.272029306614134,False,none,0.2861048899651158,ok,False,False
372,GA-Tris,8.38201704257487,,746.617288344,1,0,,,,,,,False,none,,,False,False
373,GA-Tris,8.835056101720117,,790.643503092,1,0,,,,,,,False,none,,,False,False
10,PE-Gallic,5.0,6.34,2459.581360791999,1,1,-2.259529918270026,,,-2.259529918270026,-2.259529918270026,-2.259529918270026,False,none,,,False,False
17,PE-Gallic,5.552303109338354,6.16,2809.780788864,1,0,,,,,,,False,none,,,False,False
18,PE-Gallic,6.019116290447073,6.32,2809.780788864,1,0,,,,,,,False,none,,,False,False
46,PE-Gallic,7.746011079775507,6.98,2969.905989376,1,0,,,,,,,False,none,,,False,False
82,PE-Tris,6.209515014542631,,808.7632242999999,1,0,,,,,,,False,none,,,False,False
83,PE-Tris,7.851869600729766,6.3,838.773788984,1,0,,,,,,,False,none,,,False,False
92,PE-Tris,6.222716471147583,,640.575423532,1,0,,,,,,,False,none,,,False,False
93,PE-Tris,8.656950285439562,6.28,670.585988216,1,1,2.03149430251559,,,2.03149430251559,2.03149430251559,2.03149430251559,False,none,,,False,False
100,PE-Tris,5.698970004336019,,976.951025068,1,1,-0.9856316990635676,,,-0.9856316990635676,-0.9856316990635676,-0.9856316990635676,False,none,,,False,False
101,PE-Tris,5.698970004336019,,1006.961589752,1,1,-0.34943134224964784,,,-0.34943134224964784,-0.34943134224964784,-0.34943134224964784,False,none,,,False,False
248,PE-Tris,6.301029995663981,6.46,640.575423532,1,1,-0.03781960497469349,,,-0.03781960497469349,-0.03781960497469349,-0.03781960497469349,False,none,,,False,False
249,PE-Tris,8.707996241115005,6.35,670.585988216,1,0,,,,,,,False,none,,,False,False
250,PE-Tris,5.698970004336019,6.35,766.716274108,1,1,-2.2842445975583843,,,-2.2842445975583843,-2.2842445975583843,-2.2842445975583843,False,none,,,False,False
251,PE-Tris,7.457881896733992,6.56,796.726838792,1,0,,,,,,,False,none,,,False,False
273,PE-Tris,7.426511261364575,6.26,866.805089112,1,0,,,,,,,False,none,,,False,False
274,PE-Tris,5.698970004336019,6.21,882.800003732,1,1,1.3623065031881731,,,1.3623065031881731,1.3623065031881731,1.3623065031881731,False,none,,,False,False
275,PE-Tris,5.698970004336019,6.45,682.6223737239999,1,0,,,,,,,False,none,,,False,False
276,PE-Tris,7.785329835010767,6.44,712.6329384079999,1,1,1.0396784596637212,,,1.0396784596637212,1.0396784596637212,1.0396784596637212,False,none,,,False,False
277,PE-Tris,5.698970004336019,6.45,724.6693239159998,1,0,,,,,,,False,none,,,False,False
278,PE-Tris,7.826722520168993,6.57,754.6798885999999,1,1,1.4233724851466054,,,1.4233724851466054,1.4233724851466054,1.4233724851466054,False,none,,,False,False
279,PE-Tris,5.973127853599698,6.1,850.810174492,1,0,,,,,,,False,none,,,False,False
280,PE-Tris,7.041392685158225,6.26,880.820739176,1,0,,,,,,,False,none,,,False,False
283,PE-Tris,7.190331698170292,6.09,922.867689368,1,1,-1.523838084490905,,,-1.523838084490905,-1.523838084490905,-1.523838084490905,False,none,,,False,False
284,PE-Tris,5.698970004336019,6.31,934.904074876,1,0,,,,,,,False,none,,,False,False
285,PE-Tris,5.698970004336019,6.5,964.9146395600001,1,1,-0.24001152987104243,,,-0.24001152987104243,-0.24001152987104243,-0.24001152987104243,False,none,,,False,False
287,PE-Tris,5.698970004336019,6.3,698.617288344,1,0,,,,,,,False,none,,,False,False
288,PE-Tris,8.473637242890282,6.31,714.6122029640001,1,1,0.5599928494921307,,,0.5599928494921307,0.5599928494921307,0.5599928494921307,False,none,,,False,False
289,PE-Tris,5.698970004336019,6.46,598.52847334,1,0,,,,,,,False,none,,,False,False
290,PE-Tris,7.781755374652469,6.5,628.539038024,1,0,,,,,,,False,none,,,False,False
291,PE-Tris,5.698970004336019,6.42,656.570338152,1,1,0.002176645688747452,,,0.002176645688747452,0.002176645688747452,0.002176645688747452,False,none,,,False,False
292,PE-Tris,5.698970004336019,6.48,672.565252772,1,1,-1.5562357174758195,,,-1.5562357174758195,-1.5562357174758195,-1.5562357174758195,False,none,,,False,False
299,PE-Tris,6.079181246047625,,586.4920878319999,1,0,,,,,,,False,none,,,False,False
312,PE-Tris,8.550228353055093,6.28,714.6122029640001,1,1,-0.3874952821747055,,,-0.3874952821747055,-0.3874952821747055,-0.3874952821747055,False,none,,,False,False
313,PE-Tris,8.870988813760576,6.05,656.570338152,1,1,-1.0899562903943918,,,-1.0899562903943918,-1.0899562903943918,-1.0899562903943918,False,none,,,False,False
314,PE-Tris,8.925827574624742,6.0,700.5965529,1,0,,,,,,,False,none,,,False,False
317,PE-Tris,8.936010795715209,6.04,656.570338152,1,1,1.275793086580953,,,1.275793086580953,1.275793086580953,1.275793086580953,False,none,,,False,False
318,PE-Tris,8.711807229041192,5.98,700.5965529,1,0,,,,,,,False,none,,,False,False
319,PE-Tris,8.419955748489757,6.38,684.60163828,1,0,,,,,,,False,none,,,False,False
320,PE-Tris,8.340444114840118,6.13,728.627853028,1,0,,,,,,,False,none,,,False,False
325,PE-Tris,8.440909082065218,6.36,684.60163828,1,1,1.5627779552764358,,,1.5627779552764358,1.5627779552764358,1.5627779552764358,False,none,,,False,False
326,PE-Tris,8.457881896733992,6.33,728.627853028,1,0,,,,,,,False,none,,,False,False
331,PE-Tris,8.778151250383644,5.97,642.554688088,1,1,1.4926784409215883,,,1.4926784409215883,1.4926784409215883,1.4926784409215883,False,none,,,False,False
332,PE-Tris,8.51321760006794,5.93,686.5809028360001,1,1,1.9227355588936097,,,1.9227355588936097,1.9227355588936097,1.9227355588936097,False,none,,,False,False
333,PE-Tris,8.342422680822207,5.92,642.554688088,1,0,,,,,,,False,none,,,False,False
334,PE-Tris,8.875639937004168,5.87,686.5809028360001,1,1,0.10330464156707153,,,0.10330464156707153,0.10330464156707153,0.10330464156707153,False,none,,,False,False
66,sSS-Nonsym,7.41161970596323,6.37,644.5492087839999,1,1,-0.5318663814583404,,,-0.5318663814583404,-0.5318663814583404,-0.5318663814583404,False,none,,,False,False
70,sSS-Nonsym,6.8208579894397,6.44,643.5651931960001,1,1,-3.879693715156508,,,-3.879693715156508,-3.879693715156508,-3.879693715156508,False,none,,,False,False
71,sSS-Nonsym,7.578639209968072,6.38,674.559773468,1,1,-2.279654577757562,,,-2.279654577757562,-2.279654577757562,-2.279654577757562,False,none,,,False,False
74,sSS-Nonsym,7.232996110392154,6.32,700.6118090399999,1,1,-2.428804075512781,,,-2.428804075512781,-2.428804075512781,-2.428804075512781,False,none,,,False,False
75,sSS-Nonsym,7.194296567538006,6.275000000000001,756.674409296,1,0,,,,,,,False,none,,,False,False
76,sSS-Nonsym,7.8926510338773,6.28,532.4240082719999,1,0,,,,,,,False,none,,,False,False
77,sSS-Nonsym,6.38738982633873,6.4,560.4553083999999,1,1,1.1466117439158794,,,1.1466117439158794,1.1466117439158794,1.1466117439158794,False,none,,,False,False
78,sSS-Nonsym,7.049218022670182,6.46,644.549208784,1,1,-2.68916079740529,,,-2.68916079740529,-2.68916079740529,-2.68916079740529,False,none,,,False,False
87,sSS-Nonsym,7.510545010206612,6.49,562.4345729559999,1,0,,,,,,,False,none,,,False,False
88,sSS-Nonsym,6.385606273598312,6.28,532.4240082719999,1,0,,,,,,,False,none,,,False,False
89,sSS-Nonsym,7.77232170672292,6.45,562.434572956,1,0,,,,,,,False,none,,,False,False
91,sSS-Nonsym,7.997386384397314,6.48,618.497173212,1,0,,,,,,,False,none,,,False,False
95,sSS-Nonsym,7.820201459485641,6.33,762.5394319480001,1,1,-0.31138207426454056,,,-0.31138207426454056,-0.31138207426454056,-0.31138207426454056,False,none,,,False,False
98,sSS-Nonsym,6.313867220369153,6.25,812.737009552,1,1,-4.0091209163286585,,,-4.0091209163286585,-4.0091209163286585,-4.0091209163286585,False,none,,,False,False
99,sSS-Nonsym,6.652246341003323,6.31,842.747574236,1,0,,,,,,,False,none,,,False,False
108,sSS-Nonsym,6.984977126415493,6.59,700.61180904,1,0,,,,,,,False,none,,,False,False
112,sSS-Nonsym,8.60530504614111,6.4,574.470958464,1,0,,,,,,,False,none,,,False,False
113,sSS-Nonsym,7.230448921378274,6.52,604.481523148,1,0,,,,,,,False,none,,,False,False
114,sSS-Nonsym,6.551449997972875,6.43,602.5022585920001,1,0,,,,,,,False,none,,,False,False
115,sSS-Nonsym,6.661812685537261,6.32,632.512823276,1,0,,,,,,,False,none,,,False,False
116,sSS-Nonsym,7.376576957056512,6.51,644.549208784,1,1,-2.367013924763948,,,-2.367013924763948,-2.367013924763948,-2.367013924763948,False,none,,,False,False
117,sSS-Nonsym,6.936513742478893,6.49,674.559773468,1,0,,,,,,,False,none,,,False,False
118,sSS-Nonsym,7.164352855784437,6.33,672.580508912,1,1,-2.774863320523385,,,-2.774863320523385,-2.774863320523385,-2.774863320523385,False,none,,,False,False
119,sSS-Nonsym,7.914871817540051,6.44,702.591073596,1,0,,,,,,,False,none,,,False,False
120,sSS-Nonsym,7.394451680826216,6.37,716.60672366,1,1,-0.8366705098839083,,,-0.8366705098839083,-0.8366705098839083,-0.8366705098839083,False,none,,,False,False
122,sSS-Nonsym,7.397940008672037,6.66,618.497173212,1,0,,,,,,,False,none,,,False,False
123,sSS-Nonsym,7.859138297294531,6.61,630.5335587200001,1,0,,,,,,,False,none,,,False,False
124,sSS-Nonsym,7.576341350205793,6.65,660.544123404,1,0,,,,,,,False,none,,,False,False
125,sSS-Nonsym,8.332438459915606,6.64,688.575423532,1,1,0.09104302937493886,,,0.09104302937493886,0.09104302937493886,0.09104302937493886,False,none,,,False,False
126,sSS-Nonsym,7.506505032404872,6.52,700.61180904,1,1,-0.38741827030129805,,,-0.38741827030129805,-0.38741827030129805,-0.38741827030129805,False,none,,,False,False
127,sSS-Nonsym,8.02938377768521,6.52,730.622373724,1,1,0.7986827849599206,,,0.7986827849599206,0.7986827849599206,0.7986827849599206,False,none,,,False,False
128,sSS-Nonsym,7.742725131304698,6.68,744.6380237879999,1,0,,,,,,,False,none,,,False,False
129,sSS-Nonsym,8.225309281725863,6.49,574.470958464,1,0,,,,,,,False,none,,,False,False
130,sSS-Nonsym,8.071882007306126,6.62,604.481523148,1,1,-0.5316432023974571,,,-0.5316432023974571,-0.5316432023974571,-0.5316432023974571,False,none,,,False,False
133,sSS-Nonsym,7.045322978786658,6.57,657.5808432599999,1,1,-0.8390766502147388,,,-0.8390766502147388,-0.8390766502147388,-0.8390766502147388,False,none,,,False,False
135,sSS-Nonsym,7.086359830674748,6.32,630.5335587200001,1,0,,,,,,,False,none,,,False,False
136,sSS-Nonsym,7.017033339298781,6.5,660.544123404,1,0,,,,,,,False,none,,,False,False
137,sSS-Nonsym,7.549003262025788,6.44,630.5335587200001,1,1,-2.46576206677902,,,-2.46576206677902,-2.46576206677902,-2.46576206677902,False,none,,,False,False
138,sSS-Nonsym,7.173186268412274,6.62,660.544123404,1,1,-0.4497899782081771,,,-0.4497899782081771,-0.4497899782081771,-0.4497899782081771,False,none,,,False,False
139,sSS-Nonsym,8.2718416065365,6.43,644.549208784,1,0,,,,,,,False,none,,,False,False
140,sSS-Nonsym,8.770852011642145,6.43,674.559773468,1,0,,,,,,,False,none,,,False,False
141,sSS-Nonsym,7.313867220369153,6.56,658.5648588480001,1,1,-2.054532371209483,,,-2.054532371209483,-2.054532371209483,-2.054532371209483,False,none,,,False,False
142,sSS-Nonsym,7.399673721481038,6.69,688.575423532,1,1,0.7955006910129436,,,0.7955006910129436,0.7955006910129436,0.7955006910129436,False,none,,,False,False
143,sSS-Nonsym,7.107209969647869,6.33,686.5961589760001,1,0,,,,,,,False,none,,,False,False
144,sSS-Nonsym,7.143014800254095,6.51,716.60672366,1,1,-1.4834003348350933,,,-1.4834003348350933,-1.4834003348350933,-1.4834003348350933,False,none,,,False,False
145,sSS-Nonsym,6.966141732739032,6.28,700.61180904,1,1,-3.107959339208469,,,-3.107959339208469,-3.107959339208469,-3.107959339208469,False,none,,,False,False
146,sSS-Nonsym,7.672097857935717,6.59,730.622373724,1,1,2.137532716934039,,,2.137532716934039,2.137532716934039,2.137532716934039,False,none,,,False,False
147,sSS-Nonsym,6.965671971220107,6.32,714.6274591040001,1,0,,,,,,,False,none,,,False,False
148,sSS-Nonsym,7.801403710017355,6.65,744.6380237879999,1,1,-0.8544924090914324,,,-0.8544924090914324,-0.8544924090914324,-0.8544924090914324,False,none,,,False,False
149,sSS-Nonsym,7.354108439147401,6.5,742.6587592320001,1,0,,,,,,,False,none,,,False,False
150,sSS-Nonsym,7.540329474790874,6.65,772.6693239159999,1,1,2.7174455613652335,,,2.7174455613652335,2.7174455613652335,2.7174455613652335,False,none,,,False,False
151,sSS-Nonsym,7.494154594018442,6.39,756.674409296,1,0,,,,,,,False,none,,,False,False
152,sSS-Nonsym,7.294466226161593,6.65,786.68497398,1,0,,,,,,,False,none,,,False,False
153,sSS-Nonsym,7.865103974641128,6.42,770.6900593600001,1,1,-0.7596066417844497,,,-0.7596066417844497,-0.7596066417844497,-0.7596066417844497,False,none,,,False,False
154,sSS-Nonsym,7.378397900948138,6.48,800.7006240439999,1,1,-1.2878675266394999,,,-1.2878675266394999,-1.2878675266394999,-1.2878675266394999,False,none,,,False,False
161,sSS-Nonsym,7.928395852256714,6.38,602.5022585920001,1,0,,,,,,,False,none,,,False,False
162,sSS-Nonsym,8.307496037913213,6.33,632.512823276,1,1,1.605757474983903,,,1.605757474983903,1.605757474983903,1.605757474983903,False,none,,,False,False
163,sSS-Nonsym,8.278753600952829,6.3,602.5022585920001,1,0,,,,,,,False,none,,,False,False
164,sSS-Nonsym,7.509202522331103,6.29,632.512823276,1,0,,,,,,,False,none,,,False,False
167,sSS-Nonsym,7.934498451243567,6.24,630.5335587200001,1,0,,,,,,,False,none,,,False,False
169,sSS-Nonsym,8.32221929473392,6.44,658.5648588480001,1,0,,,,,,,False,none,,,False,False
171,sSS-Nonsym,7.885361220031512,6.16,686.5961589760001,1,1,2.373793180772413,,,2.373793180772413,2.373793180772413,2.373793180772413,False,none,,,False,False
172,sSS-Nonsym,7.833784374656479,6.03,716.60672366,1,1,2.053755840432773,,,2.053755840432773,2.053755840432773,2.053755840432773,False,none,,,False,False
173,sSS-Nonsym,8.089905111439398,5.91,714.6274591040001,1,1,-1.9898467815270893,,,-1.9898467815270893,-1.9898467815270893,-1.9898467815270893,False,none,,,False,False
177,sSS-Nonsym,7.962842681201242,5.9,742.6587592320001,1,1,-0.8656246426584635,,,-0.8656246426584635,-0.8656246426584635,-0.8656246426584635,False,none,,,False,False
178,sSS-Nonsym,8.60745502321467,5.97,772.6693239159999,1,0,,,,,,,False,none,,,False,False
179,sSS-Nonsym,8.041392685158225,6.51,546.439658336,1,1,-2.1552627736466197,,,-2.1552627736466197,-2.1552627736466197,-2.1552627736466197,False,none,,,False,False
180,sSS-Nonsym,8.306762351426826,6.49,576.45022302,1,0,,,,,,,False,none,,,False,False
181,sSS-Nonsym,7.544068044350276,6.42,546.439658336,1,1,-3.070923938860335,,,-3.070923938860335,-3.070923938860335,-3.070923938860335,False,none,,,False,False
182,sSS-Nonsym,7.155336037465061,6.41,576.45022302,1,0,,,,,,,False,none,,,False,False
183,sSS-Nonsym,8.041392685158225,6.32,574.470958464,1,1,-1.2640554487756073,,,-1.2640554487756073,-1.2640554487756073,-1.2640554487756073,False,none,,,False,False
184,sSS-Nonsym,7.931966114728173,6.36,604.481523148,1,1,2.9334456553990003,,,2.9334456553990003,2.9334456553990003,2.9334456553990003,False,none,,,False,False
185,sSS-Nonsym,7.146128035678238,6.3,602.5022585920001,1,1,-0.9082113704002367,,,-0.9082113704002367,-0.9082113704002367,-0.9082113704002367,False,none,,,False,False
186,sSS-Nonsym,8.181843587944773,6.19,632.512823276,1,1,-1.8950507189202797,,,-1.8950507189202797,-1.8950507189202797,-1.8950507189202797,False,none,,,False,False
187,sSS-Nonsym,7.791690649020118,6.43,630.5335587200001,1,1,-1.5292230021957771,,,-1.5292230021957771,-1.5292230021957771,-1.5292230021957771,False,none,,,False,False
188,sSS-Nonsym,7.795184589682424,6.46,660.544123404,1,0,,,,,,,False,none,,,False,False
189,sSS-Nonsym,7.589905111439398,6.3,658.5648588480001,1,0,,,,,,,False,none,,,False,False
190,sSS-Nonsym,7.793785894466646,6.35,688.575423532,1,0,,,,,,,False,none,,,False,False
191,sSS-Nonsym,8.068185861746162,6.54,672.580508912,1,1,-1.7205874484974237,,,-1.7205874484974237,-1.7205874484974237,-1.7205874484974237,False,none,,,False,False
192,sSS-Nonsym,7.636487896353366,6.42,702.591073596,1,1,-1.6790545629166946,,,-1.6790545629166946,-1.6790545629166946,-1.6790545629166946,False,none,,,False,False
193,sSS-Nonsym,8.64640372622307,6.34,686.5961589760001,1,0,,,,,,,False,none,,,False,False
194,sSS-Nonsym,8.56702636615906,6.37,716.60672366,1,1,-0.4572578937737716,,,-0.4572578937737716,-0.4572578937737716,-0.4572578937737716,False,none,,,False,False
197,sSS-Nonsym,7.814913181275074,6.33,588.486608528,1,1,-5.4907362612526205,,,-5.4907362612526205,-5.4907362612526205,-5.4907362612526205,False,none,,,False,False
198,sSS-Nonsym,8.269512944217917,6.28,618.497173212,1,0,,,,,,,False,none,,,False,False
199,sSS-Nonsym,7.633468455579586,6.41,588.486608528,1,0,,,,,,,False,none,,,False,False
200,sSS-Nonsym,7.814589568803282,6.17,618.497173212,1,1,2.2014115001904293,,,2.2014115001904293,2.2014115001904293,2.2014115001904293,False,none,,,False,False
201,sSS-Nonsym,7.618048096712092,6.27,646.52847334,1,0,,,,,,,False,none,,,False,False
202,sSS-Nonsym,7.66086547800387,6.24,672.580508912,1,1,-2.7682730149692856,,,-2.7682730149692856,-2.7682730149692856,-2.7682730149692856,False,none,,,False,False
203,sSS-Nonsym,8.594392550375426,6.35,702.591073596,1,0,,,,,,,False,none,,,False,False
204,sSS-Nonsym,7.613841821876069,6.26,730.622373724,1,0,,,,,,,False,none,,,False,False
205,sSS-Nonsym,8.660865478003869,6.27,714.6274591040001,1,0,,,,,,,False,none,,,False,False
206,sSS-Nonsym,7.683947130751513,6.28,744.6380237879999,1,0,,,,,,,False,none,,,False,False
207,sSS-Nonsym,7.26245108973043,6.14,758.653673852,1,0,,,,,,,False,none,,,False,False
208,sSS-Nonsym,7.423245873936808,6.2,616.517908656,1,1,-0.6267573960933625,,,-0.6267573960933625,-0.6267573960933625,-0.6267573960933625,False,none,,,False,False
209,sSS-Nonsym,7.544068044350276,6.26,646.52847334,1,1,-1.0994227127422136,,,-1.0994227127422136,-1.0994227127422136,-1.0994227127422136,False,none,,,False,False
210,sSS-Nonsym,7.619093330626742,6.19,616.517908656,1,0,,,,,,,False,none,,,False,False
211,sSS-Nonsym,8.103803720955957,6.1,646.52847334,1,1,1.4594523411587947,,,1.4594523411587947,1.4594523411587947,1.4594523411587947,False,none,,,False,False
212,sSS-Nonsym,7.880813592280791,6.26,644.549208784,1,1,-2.1963626593397576,,,-2.1963626593397576,-2.1963626593397576,-2.1963626593397576,False,none,,,False,False
213,sSS-Nonsym,8.462397997898956,6.05,674.559773468,1,0,,,,,,,False,none,,,False,False
214,sSS-Nonsym,7.068185861746161,6.23,756.674409296,1,1,-2.5640408311367047,,,-2.5640408311367047,-2.5640408311367047,-2.5640408311367047,False,none,,,False,False
215,sSS-Nonsym,8.176091259055681,6.3,786.68497398,1,0,,,,,,,False,none,,,False,False
216,sSS-Nonsym,8.56702636615906,6.26,644.549208784,1,1,-3.710621385366813,,,-3.710621385366813,-3.710621385366813,-3.710621385366813,False,none,,,False,False
217,sSS-Nonsym,8.172677061571065,6.2,674.559773468,1,1,0.7833017348610334,,,0.7833017348610334,0.7833017348610334,0.7833017348610334,False,none,,,False,False
218,sSS-Nonsym,7.811575005870593,6.26,644.549208784,1,1,-2.756755740353975,,,-2.756755740353975,-2.756755740353975,-2.756755740353975,False,none,,,False,False
219,sSS-Nonsym,7.705863712283919,6.35,674.559773468,1,0,,,,,,,False,none,,,False,False
220,sSS-Nonsym,8.060697840353612,6.26,672.580508912,1,1,-0.5808349878738026,,,-0.5808349878738026,-0.5808349878738026,-0.5808349878738026,False,none,,,False,False
221,sSS-Nonsym,7.963196950134841,6.22,702.591073596,1,0,,,,,,,False,none,,,False,False
222,sSS-Nonsym,7.064457989226918,6.39,728.643109168,1,1,-1.4828823157332622,,,-1.4828823157332622,-1.4828823157332622,-1.4828823157332622,False,none,,,False,False
223,sSS-Nonsym,7.734799829588847,6.46,758.653673852,1,0,,,,,,,False,none,,,False,False
224,sSS-Nonsym,8.064457989226918,6.33,770.6900593600001,1,0,,,,,,,False,none,,,False,False
225,sSS-Nonsym,7.505149978319906,6.36,800.7006240439999,1,0,,,,,,,False,none,,,False,False
226,sSS-Nonsym,7.17897694729317,6.46,784.705709424,1,0,,,,,,,False,none,,,False,False
227,sSS-Nonsym,7.117271295655764,6.49,814.716274108,1,1,-0.38381330126107344,,,-0.38381330126107344,-0.38381330126107344,-0.38381330126107344,False,none,,,False,False
228,sSS-Nonsym,7.139879086401237,6.56,658.5648588480001,1,1,0.8047658339919506,,,0.8047658339919506,0.8047658339919506,0.8047658339919506,False,none,,,False,False
229,sSS-Nonsym,7.620136054973758,6.3,688.575423532,1,1,-0.4595662302536796,,,-0.4595662302536796,-0.4595662302536796,-0.4595662302536796,False,none,,,False,False
230,sSS-Nonsym,8.225309281725863,6.3,658.5648588480001,1,1,-4.758258385486031,,,-4.758258385486031,-4.758258385486031,-4.758258385486031,False,none,,,False,False
231,sSS-Nonsym,7.68304703823885,5.95,688.575423532,1,0,,,,,,,False,none,,,False,False
232,sSS-Nonsym,7.974216264076254,6.28,686.5961589760001,1,0,,,,,,,False,none,,,False,False
233,sSS-Nonsym,7.991669007379948,6.31,716.60672366,1,1,1.1208365845614825,,,1.1208365845614825,1.1208365845614825,1.1208365845614825,False,none,,,False,False
234,sSS-Nonsym,7.399673721481038,6.35,742.6587592320001,1,1,-1.5990894535313152,,,-1.5990894535313152,-1.5990894535313152,-1.5990894535313152,False,none,,,False,False
235,sSS-Nonsym,7.866877814337498,6.24,772.6693239159999,1,0,,,,,,,False,none,,,False,False
236,sSS-Nonsym,8.576341350205793,6.34,672.580508912,1,0,,,,,,,False,none,,,False,False
237,sSS-Nonsym,8.164352855784436,6.26,702.591073596,1,1,-1.014651104853595,,,-1.014651104853595,-1.014651104853595,-1.014651104853595,False,none,,,False,False
238,sSS-Nonsym,7.117271295655764,6.25,672.580508912,1,0,,,,,,,False,none,,,False,False
239,sSS-Nonsym,8.489958479424836,6.22,702.591073596,1,0,,,,,,,False,none,,,False,False
240,sSS-Nonsym,7.775974331129369,6.29,700.61180904,1,0,,,,,,,False,none,,,False,False
241,sSS-Nonsym,8.071882007306126,6.33,730.622373724,1,0,,,,,,,False,none,,,False,False
242,sSS-Nonsym,8.176091259055681,6.31,798.7213594880001,1,0,,,,,,,False,none,,,False,False
243,sSS-Nonsym,8.146128035678238,6.34,828.7319241719999,1,0,,,,,,,False,none,,,False,False
244,sSS-Nonsym,7.964259630196849,6.3,560.4553084,1,0,,,,,,,False,none,,,False,False
245,sSS-Nonsym,7.780317312140151,6.4,590.465873084,1,1,0.1340260940060785,,,0.1340260940060785,0.1340260940060785,0.1340260940060785,False,none,,,False,False
246,sSS-Nonsym,8.146128035678238,6.32,560.4553084,1,0,,,,,,,False,none,,,False,False
247,sSS-Nonsym,7.549003262025788,6.39,590.465873084,1,0,,,,,,,False,none,,,False,False
263,sSS-Nonsym,6.830588668685144,6.48,588.486608528,1,0,,,,,,,False,none,,,False,False
264,sSS-Nonsym,6.90200289135073,6.54,758.653673852,1,0,,,,,,,False,none,,,False,False
265,sSS-Nonsym,8.267171728403014,6.54,784.705709424,1,0,,,,,,,False,none,,,False,False
266,sSS-Nonsym,8.369215857410143,6.52,814.716274108,1,1,0.2907195163586631,,,0.2907195163586631,0.2907195163586631,0.2907195163586631,False,none,,,False,False
267,sSS-Nonsym,7.303196057420489,6.52,590.465873084,1,0,,,,,,,False,none,,,False,False
268,sSS-Nonsym,6.737192642704737,6.5,646.52847334,1,1,-0.38985412679040016,,,-0.38985412679040016,-0.38985412679040016,-0.38985412679040016,False,none,,,False,False
269,sSS-Nonsym,6.460897842756548,6.5,672.5805089119999,1,1,-2.6298389288564863,,,-2.6298389288564863,-2.6298389288564863,-2.6298389288564863,False,none,,,False,False
270,sSS-Nonsym,7.235528446907549,6.5,702.591073596,1,1,0.0331297545863062,,,0.0331297545863062,0.0331297545863062,0.0331297545863062,False,none,,,False,False
271,sSS-Nonsym,7.488550716500444,6.45,730.622373724,1,1,1.8947148586776026,,,1.8947148586776026,1.8947148586776026,1.8947148586776026,False,none,,,False,False
272,sSS-Nonsym,7.41161970596323,6.48,786.68497398,1,1,0.4196808518410016,,,0.4196808518410016,0.4196808518410016,0.4196808518410016,False,none,,,False,False
