iajd_num,smiles,log10_flux_spleen,log10_flux_liver,log10_flux_total,flux_total_SEM,n_replicates,n_mice,pKa,pKa_paper,pKa_sd,audit_status,family,c0_nm_inv,c0_trusted
1,CCCCCCCCCCCCOc1cc(CNC(=O)c2cc(OCCOCCOCCOC)c(OCCOCCOCCOC)c(OCCOCCOCCOC(=O)CCCN(C)C)c2)cc(OCCCCCCCCCCCC)c1,,,6.379305517750582,,,,6.27,,,SMILES_corrected_2026-06-01; features_REGENERATED_RDKit2D+3D,G1-Janus-Dendrimer,-5.346874754540556,False
2,CCCCCCCCCCCCOc1cc(CNC(=O)c2cc(OCCOCCOCCOC)c(OCCOCCOCCOC(=O)CCCN(C)C)c(OCCOCCOCCOC)c2)cc(OCCCCCCCCCCCC)c1,,,5.652246341003323,,,,6.2,,,SMILES_corrected_2026-06-01; features_REGENERATED_RDKit2D+3D,G1-Janus-Dendrimer,-7.931698112005396,False
3,CCCCCCCCCCCCOc1cc(CNC(=O)c2cc(OCCOCCOCCOC)c(OCCOCCOCCOC(=O)CCCN(C)C)c(OCCOCCOCCOC(=O)CCCN(C)C)c2)cc(OCCCCCCCCCCCC)c1,,,,,,,6.41,,,SMILES_corrected_2026-06-01; features_REGENERATED_RDKit2D+3D,G1-Janus-Dendrimer,,
4,CCCCCCCCCCCCOc1cc(CNC(=O)c2cc(OCCOCCOCCOC(=O)CCCN(C)C)c(OCCOCCOCCOC)c(OCCOCCOCCOC(=O)CCCN(C)C)c2)cc(OCCCCCCCCCCCC)c1,,,,,,,6.43,,,SMILES_corrected_2026-06-01; features_REGENERATED_RDKit2D+3D,G1-Janus-Dendrimer,,
5,CCCCCCCCCCCCOc1cc(CNC(=O)c2cc(OCCOCCOCCOC(=O)CCCN(C)C)c(OCCOCCOCCOC(=O)CCCN(C)C)c(OCCOCCOCCOC(=O)CCCN(C)C)c2)cc(OCCCCCCCCCCCC)c1,,,,,,,6.4,,,,G1-Janus-Dendrimer,,
6,CCCCCCCCCCCCOc1cc(CNC(=O)c2cc(OCCOCCOCCOCc3ccccc3)c(OCCOCCOCCOCc3ccccc3)c(OCCOCCOCCOC(=O)CCCN(C)C)c2)cc(OCCCCCCCCCCCC)c1,,,,,,,6.3,,,SMILES_corrected_2026-06-01; features_REGENERATED_RDKit2D+3D,G1-Janus-Dendrimer,,
7,CCCCCCCCCCCCOc1cc(CNC(=O)c2cc(OCCOCCOCCOCc3ccccc3)c(OCCOCCOCCOC(=O)CCCN(C)C)c(OCCOCCOCCOCc3ccccc3)c2)cc(OCCCCCCCCCCCC)c1,,,,,,,6.18,,,SMILES_corrected_2026-06-01; features_REGENERATED_RDKit2D+3D,G1-Janus-Dendrimer,,
8,CCCCCCCCCCCCOc1cc(CNC(=O)c2cc(OCCOCCOCCOCc3ccccc3)c(OCCOCCOCCOC(=O)CCCN(C)C)c(OCCOCCOCCOC(=O)CCCN(C)C)c2)cc(OCCCCCCCCCCCC)c1,,,5.597585501752205,,,,6.53,,,SMILES_corrected_2026-06-01; features_REGENERATED_RDKit2D+3D,G1-Janus-Dendrimer,-5.186239693126021,False
10,CCCCCCCCCCCCOc1cc(OCCCCCCCCCCCC)cc(C(=O)OCC(COC(=O)c2cc(OCCCCCCCCCCCC)cc(OCCCCCCCCCCCC)c2)(COC(=O)c2cc(OCCOCCOCCOC)c(OCCOCCOCCOC)c(OCCOCCOCCOC(=O)CCCN(C)C)c2)COC(=O)c2cc(OCCOCCOCCOC)c(OCCOCCOCCOC)c(OCCOCCOCCOC(=O)CCCN(C)C)c2)c1,,,5.0,,,,6.34,,,SMILES_RECONSTRUCTED_from_SI_validated; features_REGENERATED_RDKit2D+3D,PE-Gallic,-2.259529918270026,False
11,CCCCCCCCCCCCOc1cc(OCCCCCCCCCCCC)cc(C(=O)OCC(COC(=O)c2cc(OCCCCCCCCCCCC)cc(OCCCCCCCCCCCC)c2)(COC(=O)c2cc(OCCOCCOCCOC)c(OCCOCCOCCOC(=O)CCCN(C)C)c(OCCOCCOCCOC)c2)COC(=O)c2cc(OCCOCCOCCOC)c(OCCOCCOCCOC(=O)CCCN(C)C)c(OCCOCCOCCOC)c2)c1,,,,,,,6.3,,,SMILES_RECONSTRUCTED_from_SI_validated; features_REGENERATED_RDKit2D+3D,PE-Gallic,,
12,CCCCCCCCCCCCOc1cc(OCCCCCCCCCCCC)cc(C(=O)OCC(COC(=O)c2cc(OCCCCCCCCCCCC)cc(OCCCCCCCCCCCC)c2)(COC(=O)c2cc(OCCOCCOCCOC)c(OCCOCCOCCOC(=O)CCCN(C)C)c(OCCOCCOCCOC(=O)CCCN(C)C)c2)COC(=O)c2cc(OCCOCCOCCOC)c(OCCOCCOCCOC(=O)CCCN(C)C)c(OCCOCCOCCOC(=O)CCCN(C)C)c2)c1,,,,,,,6.25,,,SMILES_RECONSTRUCTED_from_SI_validated; features_REGENERATED_RDKit2D+3D,PE-Gallic,,
13,CCCCCCCCCCCCOc1cc(OCCCCCCCCCCCC)cc(C(=O)OCC(COC(=O)c2cc(OCCCCCCCCCCCC)cc(OCCCCCCCCCCCC)c2)(COC(=O)c2cc(OCCOCCOCCOC(=O)CCCN(C)C)c(OCCOCCOCCOC)c(OCCOCCOCCOC(=O)CCCN(C)C)c2)COC(=O)c2cc(OCCOCCOCCOC(=O)CCCN(C)C)c(OCCOCCOCCOC)c(OCCOCCOCCOC(=O)CCCN(C)C)c2)c1,,,,,,,6.2,,,SMILES_RECONSTRUCTED_from_SI_validated; features_REGENERATED_RDKit2D+3D,PE-Gallic,,
14,CCCCCCCCCCCCOc1cc(OCCCCCCCCCCCC)cc(C(=O)OCC(COC(=O)c2cc(OCCCCCCCCCCCC)cc(OCCCCCCCCCCCC)c2)(COC(=O)c2cc(OCCOCCOCCOC(=O)CCCN(C)C)c(OCCOCCOCCOC(=O)CCCN(C)C)c(OCCOCCOCCOC(=O)CCCN(C)C)c2)COC(=O)c2cc(OCCOCCOCCOC(=O)CCCN(C)C)c(OCCOCCOCCOC(=O)CCCN(C)C)c(OCCOCCOCCOC(=O)CCCN(C)C)c2)c1,,,,,,,6.02,,,SMILES_RECONSTRUCTED_from_SI_validated; features_REGENERATED_RDKit2D+3D,PE-Gallic,,
15,CCCCCCCCCCCCOc1cc(OCCCCCCCCCCCC)cc(C(=O)OCC(COC(=O)c2cc(OCCCCCCCCCCCC)cc(OCCCCCCCCCCCC)c2)(COC(=O)c2cc(OCCOCCOCCOCc3ccccc3)c(OCCOCCOCCOCc3ccccc3)c(OCCOCCOCCOC(=O)CCCN(C)C)c2)COC(=O)c2cc(OCCOCCOCCOCc3ccccc3)c(OCCOCCOCCOCc3ccccc3)c(OCCOCCOCCOC(=O)CCCN(C)C)c2)c1,,,,,,,5.84,,,SMILES_RECONSTRUCTED_from_SI_validated; features_REGENERATED_RDKit2D+3D,PE-Gallic,,
16,CCCCCCCCCCCCOc1cc(OCCCCCCCCCCCC)cc(C(=O)OCC(COC(=O)c2cc(OCCCCCCCCCCCC)cc(OCCCCCCCCCCCC)c2)(COC(=O)c2cc(OCCOCCOCCOCc3ccccc3)c(OCCOCCOCCOC(=O)CCCN(C)C)c(OCCOCCOCCOCc3ccccc3)c2)COC(=O)c2cc(OCCOCCOCCOCc3ccccc3)c(OCCOCCOCCOC(=O)CCCN(C)C)c(OCCOCCOCCOCc3ccccc3)c2)c1,,,,,,,5.52,,,SMILES_RECONSTRUCTED_from_SI_validated; features_REGENERATED_RDKit2D+3D,PE-Gallic,,
17,CCCCCCCCCCCCOc1cc(OCCCCCCCCCCCC)cc(C(=O)OCC(COC(=O)c2cc(OCCCCCCCCCCCC)cc(OCCCCCCCCCCCC)c2)(COC(=O)c2cc(OCCOCCOCCOCc3ccccc3)c(OCCOCCOCCOC(=O)CCCN(C)C)c(OCCOCCOCCOC(=O)CCCN(C)C)c2)COC(=O)c2cc(OCCOCCOCCOCc3ccccc3)c(OCCOCCOCCOC(=O)CCCN(C)C)c(OCCOCCOCCOC(=O)CCCN(C)C)c2)c1,,,5.552303109338354,,,,6.16,,,SMILES_RECONSTRUCTED_from_SI_validated; features_REGENERATED_RDKit2D+3D,PE-Gallic,0.9092973503495406,False
18,CCCCCCCCCCCCOc1cc(OCCCCCCCCCCCC)cc(C(=O)OCC(COC(=O)c2cc(OCCCCCCCCCCCC)cc(OCCCCCCCCCCCC)c2)(COC(=O)c2cc(OCCOCCOCCOC(=O)CCCN(C)C)c(OCCOCCOCCOCc3ccccc3)c(OCCOCCOCCOC(=O)CCCN(C)C)c2)COC(=O)c2cc(OCCOCCOCCOC(=O)CCCN(C)C)c(OCCOCCOCCOCc3ccccc3)c(OCCOCCOCCOC(=O)CCCN(C)C)c2)c1,,,6.019116290447073,,,,6.32,,,SMILES_RECONSTRUCTED_from_SI_validated; features_REGENERATED_RDKit2D+3D,PE-Gallic,-2.968341859423014,False
19,CCCCCCCCOc1cc(CNC(=O)c2cc(OCCOCCOCCOC(=O)CCCN(C)C)c(OCCOCCOCCOCc3ccccc3)c(OCCOCCOCCOC(=O)CCCN(C)C)c2)cc(OCCCCCCCC)c1,,,6.943395576508954,,,,6.38,,,SMILES_corrected_2026-06-01; features_REGENERATED_RDKit2D+3D,G1-Janus-Dendrimer,-8.82539227824118,False
20,CCCCCCCCCOc1cc(CNC(=O)c2cc(OCCOCCOCCOC(=O)CCCN(C)C)c(OCCOCCOCCOCc3ccccc3)c(OCCOCCOCCOC(=O)CCCN(C)C)c2)cc(OCCCCCCCCC)c1,,,5.989983458301399,,,,6.34,,,SMILES_corrected_2026-06-01; features_REGENERATED_RDKit2D+3D,G1-Janus-Dendrimer,-5.504372153599856,False
21,CCCCCCCCCCOc1cc(CNC(=O)c2cc(OCCOCCOCCOC(=O)CCCN(C)C)c(OCCOCCOCCOCc3ccccc3)c(OCCOCCOCCOC(=O)CCCN(C)C)c2)cc(OCCCCCCCCCC)c1,,,,,,,6.28,,,SMILES_corrected_2026-06-01; features_REGENERATED_RDKit2D+3D,G1-Janus-Dendrimer,,
22,CCCCCCCCCCCOc1cc(CNC(=O)c2cc(OCCOCCOCCOC(=O)CCCN(C)C)c(OCCOCCOCCOCc3ccccc3)c(OCCOCCOCCOC(=O)CCCN(C)C)c2)cc(OCCCCCCCCCCC)c1,,,5.764475027434409,,,,6.38,,,SMILES_corrected_2026-06-01; features_REGENERATED_RDKit2D+3D,G1-Janus-Dendrimer,-4.587177662528385,False
23,CCCCC(CC)COc1cc(CNC(=O)c2cc(OCCOCCOCCOC(=O)CCCN(C)C)c(OCCOCCOCCOCc3ccccc3)c(OCCOCCOCCOC(=O)CCCN(C)C)c2)cc(OCCCCC(C)CC)c1,,,6.744684063276886,,,,6.38,,,SMILES_corrected_2026-06-01; features_REGENERATED_RDKit2D+3D,G1-Janus-Dendrimer,-6.714903735440558,False
25,CC(C)CCCC(C)COc1cc(CNC(=O)c2cc(OCCOCCOCCOC(=O)CCCN(C)C)c(OCCOCCOCCOCc3ccccc3)c(OCCOCCOCCOC(=O)CCCN(C)C)c2)cc(OCC(C)CCCC(C)C)c1,,,5.834357112718405,,,,6.15,,,SMILES_corrected_2026-06-01; features_REGENERATED_RDKit2D+3D,G1-Janus-Dendrimer,-6.342463245776441,False
26,CCCCCCCCCCOc1cc(COC(=O)c2cc(OCCOCCOCCOC(=O)CCCN(C)C)c(OCCOCCOCCOC(=O)Cc3ccccc3)c(OCCOCCOCCOC(=O)CCCN(C)C)c2C(=O)OCc2cc(OCCCCCCCCCC)cc(OCCCCCCCCCC)c2)cc(OCCCCCCCCCC)c1,,,7.171141151028382,,,,6.24,,,"RESOLVED_2026-06-02 [RESOLVED_SERIES_ARCH] confidence=MED: PE-Gallic twin (Lib6/Lib4); not in 10118 library and formula not in extractable SI text. SMILES is internally consistent, fits the homologous chain-length series, and matches its architecture-label decomposition (head/benzyl/chain census). Inference-grade; SI hi-res figure would upgrade to HIGH.",PE-Gallic,,
27,CCCCCCCCCCCOc1cc(COC(=O)c2cc(OCCOCCOCCOC(=O)CCCN(C)C)c(OCCOCCOCCOC(=O)Cc3ccccc3)c(OCCOCCOCCOC(=O)CCCN(C)C)c2C(=O)OCc2cc(OCCCCCCCCCCC)cc(OCCCCCCCCCCC)c2)cc(OCCCCCCCCCCC)c1,,,7.679200636265943,,1.0,3.0,6.26,6.26,,"RESOLVED_2026-06-02 [RESOLVED_SERIES_ARCH] confidence=MED: PE-Gallic twin (Lib6/Lib4); not in 10118 library and formula not in extractable SI text. SMILES is internally consistent, fits the homologous chain-length series, and matches its architecture-label decomposition (head/benzyl/chain census). Inference-grade; SI hi-res figure would upgrade to HIGH.",PE-Gallic,,
28,CCCCCCCCCCCCOc1cc(COC(=O)c2cc(OCCOCCOCCOC(=O)CCCN(C)C)c(OCCOCCOCCOC(=O)Cc3ccccc3)c(OCCOCCOCCOC(=O)CCCN(C)C)c2C(=O)OCc2cc(OCCCCCCCCCCCC)cc(OCCCCCCCCCCCC)c2)cc(OCCCCCCCCCCCC)c1,,,7.248463440928758,,1.0,3.0,6.25,6.25,,"RESOLVED_2026-06-02 [RESOLVED_SERIES_ARCH] confidence=MED: PE-Gallic twin (Lib6/Lib4); not in 10118 library and formula not in extractable SI text. SMILES is internally consistent, fits the homologous chain-length series, and matches its architecture-label decomposition (head/benzyl/chain census). Inference-grade; SI hi-res figure would upgrade to HIGH.",PE-Gallic,,
29,CCCCC(CC)COc1cc(COC(=O)c2cc(OCCOCCOCCOC(=O)CCCN(C)C)c(OCCOCCOCCOC(=O)Cc3ccccc3)c(OCCOCCOCCOC(=O)CCCN(C)C)c2C(=O)OCc2cc(OCC(CC)CCCC)cc(OCC(CC)CCCC)c2)cc(OCCCCC(C)CC)c1,,,7.668678108222505,,1.0,3.0,6.1,6.1,,"RESOLVED_2026-06-02 [RESOLVED_SERIES_ARCH] confidence=MED: PE-Gallic twin (Lib6/Lib4); not in 10118 library and formula not in extractable SI text. SMILES is internally consistent, fits the homologous chain-length series, and matches its architecture-label decomposition (head/benzyl/chain census). Inference-grade; SI hi-res figure would upgrade to HIGH.",PE-Gallic,,
30,CCCCCCCCCCCCCCCCCCCOCC(COCCOC(=O)CCCN(C)C)(COCCOC(=O)CCCN(C)C)COC(=O)CCCCCCCCCCCCCCCCC,,,7.003321417528059,,1.0,3.0,6.419999999999999,6.42,,"FLAG_CONN_LOW; RESOLVED_2026-06-02 [FORMULA_RESOLVED_CONN_LOW] confidence=LOW: formula C58H114N2O9 CERTAIN (10118 #30 MW983.555 + SI MALDI calcd C58H115N2O9=[M+H]+); DoU=3 => acyclic, 3 esters, 2 DMBA, Aromatic=0. Composition forces long ether/ester alkyl tails. Connectivity (tail split / core) underdetermined by descriptors -> needs SI figure. Best-guess pentaerythritol Janus provided; EXCLUDE from structure-features.",G1-Janus-Dendrimer,,
31,CCCCCCCCCCCCOc1cc(COC(=O)CC(COCCOCCOCOC(=O)CCCN(C)C)(COCCOCCOCOC(=O)CCCN(C)C)COCCOCCOCOc2ccccc2)cc(OCCCCCCCCCCCC)c1OCCCCCCCCCCCC,,,8.14566222089621,,1.0,3.0,6.7,6.7,,"RESOLVED_2026-06-02 [CONFIRMED_10118] confidence=HIGH: full 6-descriptor vector matches 10118 #31 (MW1464.07, HBA21, Ar2)",G1-Janus-Dendrimer,,
32,CCCCCCCCCCCCOc1cc(CNC(=O)c2cc(OCCOCCOCCOCCOCCOC(=O)CCCN(C)C)c(OCCOCCOCCOCCOCCOC(=O)Cc3ccccc3)c(OCCOCCOCCOCCOCCOC(=O)CCCN(C)C)c2)cc(OCCCCCCCCCCCC)c1,,,,,,,6.22,,,,PE-Gallic,,
33,CCCCCCCCCCCCOc1cc(CNC(=O)c2cc(OCCOCCOCCOC(=O)CCCN3CCCCC3)c(OCCOCCOCCOCc3ccccc3)c(OCCOCCOCCOC(=O)CCCN3CCCCC3)c2)cc(OCCCCCCCCCCCC)c1,,,,,,,6.66,,,"RESOLVED_2026-06-02 [RESOLVED_10118+SI] confidence=HIGH: bis-C12 gallic-AMIDE with 2x piperidine(PIP) + 1x benzyl(OBn) = C81H133N3O17 = exact 10118 #33 vector (MW1420.96,HBA19,HBD1,Ar3) AND SI MALDI calcd C81H134N3O17 = [M+H]+. Heads MPRZ->PIP (10118 needs 3 N not 5).",PE-Gallic,,
34,CCCCCCCCCCCOc1cc(CNC(=O)c2cc(OCCOCCOCCOC(=O)CCCN3CCCCC3)c(OCCOCCOCCOCc3ccccc3)c(OCCOCCOCCOC(=O)CCCN3CCCCC3)c2)cc(OCCCCCCCCCCC)c1,,,8.1785450998039,,1.0,3.0,6.74,6.74,,SMILES_corrected_2026-06-01; features_REGENERATED_RDKit2D+3D,G1-Janus-Dendrimer,-5.7913897375559165,False
35,CCCCCCCCCCCCOc1cc(CNC(=O)c2cc(OCCOCCOCCOC(=O)CCCN3CCN(C)CC3)c(OCCOCCOCCOCc3ccccc3)c(OCCOCCOCCOC(=O)CCCN3CCN(C)CC3)c2)cc(OCCCCCCCCCCCC)c1,,,,,,,6.16,,,SMILES_corrected_2026-06-01; features_REGENERATED_RDKit2D+3D,G1-Janus-Dendrimer,,
36,CCCCCCCCCCCOc1cc(CNC(=O)c2cc(OCCOCCOCCOC(=O)CCCN3CCN(C)CC3)c(OCCOCCOCCOCc3ccccc3)c(OCCOCCOCCOC(=O)CCCN3CCN(C)CC3)c2)cc(OCCCCCCCCCCC)c1,,,,,,,5.89,,,SMILES_corrected_2026-06-01; features_REGENERATED_RDKit2D+3D,G1-Janus-Dendrimer,,
38,CCCCCCCCCCCCOc1cc(COC(=O)c2cc(OCCOCCOCCOC(=O)CCCN(C)C)c(OCCOCCOCCO)c(OCCOCCOCCO)c2C(=O)OCc2cc(OCCCCCCCCCCCC)cc(OCCCCCCCCCCCC)c2)cc(OCCCCCCCCCCCC)c1,,,,,,,6.38,,,"RESOLVED_2026-06-02 [RESOLVED_SERIES_ARCH] confidence=MED: PE-Gallic twin (Lib6/Lib4); not in 10118 library and formula not in extractable SI text. SMILES is internally consistent, fits the homologous chain-length series, and matches its architecture-label decomposition (head/benzyl/chain census). Inference-grade; SI hi-res figure would upgrade to HIGH.",PE-Gallic,,
39,CCCCCCCCCCCCOc1cc(COC(=O)c2cc(OCCOCCOCCO)c(OCCOCCOCCOC(=O)CCCN(C)C)c(OCCOCCOCCO)c2C(=O)OCc2cc(OCCCCCCCCCCCC)cc(OCCCCCCCCCCCC)c2)cc(OCCCCCCCCCCCC)c1,,,,,,,6.24,,,"RESOLVED_2026-06-02 [RESOLVED_SERIES_ARCH] confidence=MED: PE-Gallic twin (Lib6/Lib4); not in 10118 library and formula not in extractable SI text. SMILES is internally consistent, fits the homologous chain-length series, and matches its architecture-label decomposition (head/benzyl/chain census). Inference-grade; SI hi-res figure would upgrade to HIGH.",PE-Gallic,,
40,CCCCCCCCCCCCOc1cc(COC(=O)c2cc(OCCOCCOCCOC(=O)CCCN(C)C)c(OCCOCCOCCOC(=O)CCCN(C)C)c(OCCOCCOCCO)c2C(=O)OCc2cc(OCCCCCCCCCCCC)cc(OCCCCCCCCCCCC)c2)cc(OCCCCCCCCCCCC)c1,,,5.451939869365103,,,,6.36,,,"RESOLVED_2026-06-02 [RESOLVED_SERIES_ARCH] confidence=MED: PE-Gallic twin (Lib6/Lib4); not in 10118 library and formula not in extractable SI text. SMILES is internally consistent, fits the homologous chain-length series, and matches its architecture-label decomposition (head/benzyl/chain census). Inference-grade; SI hi-res figure would upgrade to HIGH.",PE-Gallic,,
41,CCCCCCCCCCCCOc1cc(COC(=O)c2cc(OCCOCCOCCOC(=O)CCCN(C)C)c(OCCOCCOCCO)c(OCCOCCOCCOC(=O)CCCN(C)C)c2C(=O)OCc2cc(OCCCCCCCCCCCC)cc(OCCCCCCCCCCCC)c2)cc(OCCCCCCCCCCCC)c1,,,,,,,6.36,,,"RESOLVED_2026-06-02 [RESOLVED_SERIES_ARCH] confidence=MED: PE-Gallic twin (Lib6/Lib4); not in 10118 library and formula not in extractable SI text. SMILES is internally consistent, fits the homologous chain-length series, and matches its architecture-label decomposition (head/benzyl/chain census). Inference-grade; SI hi-res figure would upgrade to HIGH.",PE-Gallic,,
42,CCCCCCCCCCCCOc1cc(COC(=O)c2cc(OCCOCCOCCOC(=O)CCCN(C)C)c(OCCOCCOCCOC(=O)CCCN(C)C)c(OCCOCCOCCOC(=O)CCCN(C)C)c2C(=O)OCc2cc(OCCCCCCCCCCCC)cc(OCCCCCCCCCCCC)c2)cc(OCCCCCCCCCCCC)c1,,,,,,,6.06,,,"RESOLVED_2026-06-02 [RESOLVED_SERIES_ARCH] confidence=MED: PE-Gallic twin (Lib6/Lib4); not in 10118 library and formula not in extractable SI text. SMILES is internally consistent, fits the homologous chain-length series, and matches its architecture-label decomposition (head/benzyl/chain census). Inference-grade; SI hi-res figure would upgrade to HIGH.",PE-Gallic,,
44,CCCCCCCCCCCCOc1cc(CNC(=O)c2cc(OCCOCCOCCOC)c(OCCOCCOCCOC)c(OCCOCCOCCOC(=O)CCCN3CCCCC3)c2)cc(OCCCCCCCCCCCC)c1,,,7.678381765483579,,1.0,3.0,6.75,6.75,,SMILES_corrected_2026-06-01; features_REGENERATED_RDKit2D+3D,G1-Janus-Dendrimer,-4.95344204339341,False
45,CCCCCCCCCCCCOc1cc(CNC(=O)c2cc(OCCOCCOCCOC)c(OCCOCCOCCOC)c(OCCOCCOCCOC(=O)CCCN3CCN(C)CC3)c2)cc(OCCCCCCCCCCCC)c1,,,5.94875518016827,,,,5.93,,,SMILES_corrected_2026-06-01; features_REGENERATED_RDKit2D+3D; pKa_corrected_vs_SI_avg,G1-Janus-Dendrimer,-4.1818280773098095,False
46,CCCCCCCCCCCCOc1cc(OCCCCCCCCCCCC)cc(C(=O)OCC(COC(=O)c2cc(OCCCCCCCCCCCC)cc(OCCCCCCCCCCCC)c2)(COC(=O)c2cc(OCCOCCOCCOC(=O)CCCN3CCCCC3)c(OCCOCCOCCOCc3ccccc3)c(OCCOCCOCCOC(=O)CCCN3CCCCC3)c2)COC(=O)c2cc(OCCOCCOCCOC(=O)CCCN3CCCCC3)c(OCCOCCOCCOCc3ccccc3)c(OCCOCCOCCOC(=O)CCCN3CCCCC3)c2)c1,,,7.746011079775507,,1.0,3.0,6.98,6.98,,SMILES_RECONSTRUCTED_from_SI_validated; features_REGENERATED_RDKit2D+3D,PE-Gallic,-2.4400941998275183,False
47,CCCCCCCCCCCCOc1cc(COC(=O)c2cc(OCCOCCOCCOC(=O)CCCN3CCCCC3)c(OCCOCCOCCOC(=O)Cc3ccccc3)c(OCCOCCOCCOC(=O)CCCN3CCCCC3)c2C(=O)OCc2cc(OCCCCCCCCCCCC)cc(OCCCCCCCCCCCC)c2)cc(OCCCCCCCCCCCC)c1,,,6.237040791379191,,,,6.59,,,"RESOLVED_2026-06-02 [RESOLVED_SERIES_ARCH] confidence=MED: PE-Gallic twin (Lib6/Lib4); not in 10118 library and formula not in extractable SI text. SMILES is internally consistent, fits the homologous chain-length series, and matches its architecture-label decomposition (head/benzyl/chain census). Inference-grade; SI hi-res figure would upgrade to HIGH.",PE-Gallic,,
48,CCCCCCCCOc1cc(COC(=O)c2cc(OCCOCCOCCOC(=O)CCCN(C)C)c(OCCOCCOCCOC(=O)Cc3ccccc3)c(OCCOCCOCCOC(=O)CCCN(C)C)c2C(=O)OCc2cc(OCCCCCCCC)cc(OCCCCCCCC)c2)cc(OCCCCCCCC)c1,,,,,,,6.39,,,"RESOLVED_2026-06-02 [RESOLVED_SERIES_ARCH] confidence=MED: PE-Gallic twin (Lib6/Lib4); not in 10118 library and formula not in extractable SI text. SMILES is internally consistent, fits the homologous chain-length series, and matches its architecture-label decomposition (head/benzyl/chain census). Inference-grade; SI hi-res figure would upgrade to HIGH.",PE-Gallic,,
49,CC(C)CCCC(C)COc1cc(COC(=O)c2cc(OCCOCCOCCOC(=O)CCCN(C)C)c(OCCOCCOCCOC(=O)Cc3ccccc3)c(OCCOCCOCCOC(=O)CCCN(C)C)c2C(=O)OCc2cc(OCC(C)CCCC(C)C)cc(OCC(C)CCCC(C)C)c2)cc(OCC(C)CCCC(C)C)c1,,,,,,,6.47,,,"RESOLVED_2026-06-02 [RESOLVED_SERIES_ARCH] confidence=MED: PE-Gallic twin (Lib6/Lib4); not in 10118 library and formula not in extractable SI text. SMILES is internally consistent, fits the homologous chain-length series, and matches its architecture-label decomposition (head/benzyl/chain census). Inference-grade; SI hi-res figure would upgrade to HIGH.",PE-Gallic,,
50,CCCCCCCCCCCOc1cc(COC(=O)c2cc(OCCOCCOCCOC(=O)CCN(C)C)c(OCCOCCOCCOC(=O)Cc3ccccc3)c(OCCOCCOCCOC(=O)CCN(C)C)c2C(=O)OCc2cc(OCCCCCCCCCCC)cc(OCCCCCCCCCCC)c2)cc(OCCCCCCCCCCC)c1,,,,,,,5.9,,,"RESOLVED_2026-06-02 [RESOLVED_SERIES_ARCH] confidence=MED: PE-Gallic twin (Lib6/Lib4); not in 10118 library and formula not in extractable SI text. SMILES is internally consistent, fits the homologous chain-length series, and matches its architecture-label decomposition (head/benzyl/chain census). Inference-grade; SI hi-res figure would upgrade to HIGH.",PE-Gallic,,
51,CCCCCCCCCCCOc1cc(COC(=O)c2cc(OCCOCCOCCOC(=O)CN(C)C)c(OCCOCCOCCOC(=O)Cc3ccccc3)c(OCCOCCOCCOC(=O)CN(C)C)c2C(=O)OCc2cc(OCCCCCCCCCCC)cc(OCCCCCCCCCCC)c2)cc(OCCCCCCCCCCC)c1,,,,,,,4.91,,,"RESOLVED_2026-06-02 [RESOLVED_SERIES_ARCH] confidence=MED: PE-Gallic twin (Lib6/Lib4); not in 10118 library and formula not in extractable SI text. SMILES is internally consistent, fits the homologous chain-length series, and matches its architecture-label decomposition (head/benzyl/chain census). Inference-grade; SI hi-res figure would upgrade to HIGH.",PE-Gallic,,
54,CCCCCCCCCCCCOc1cc(CNC(=O)c2cc(OCCOCCOCCOCCOC(=O)CCCN3CCCCC3)c(OCCOCCOCCOCCOC(=O)Cc3ccccc3)c(OCCOCCOCCOCCOC(=O)CCCN3CCCCC3)c2)cc(OCCCCCCCCCCCC)c1,,,6.699577591398909,,,,6.96,,,"RESOLVED_2026-06-02 [RESOLVED_SERIES_ARCH] confidence=MED: PE-Gallic twin (Lib6/Lib4); not in 10118 library and formula not in extractable SI text. SMILES is internally consistent, fits the homologous chain-length series, and matches its architecture-label decomposition (head/benzyl/chain census). Inference-grade; SI hi-res figure would upgrade to HIGH.",PE-Gallic,,
66,CCCCCCCCCCCCOC1=CCCN(C)CCN2CCCC(=O)OCC(=C1)C=C2OCCCCCCCCCCCC,,,7.41161970596323,,1.0,1.0,6.37,6.37,,features_FILLED_RDKit2D+3D,sSS-Nonsym,-0.5318663814583404,False
70,CCCCCCCCCCCCOc1cc(CNC(=O)CCCN2CCN(C)CC2)cc(OCCCCCCCCCCCC)c1,,,6.8208579894397,,1.0,3.0,6.44,6.44,,,sSS-Nonsym,-3.879693715156508,False
71,CCCCCCCCCCCCOC1=CCCN(CCO)CCN2CCCC(=O)OCC(=C1)C=C2OCCCCCCCCCCCC,,,7.578639209968072,,1.0,1.0,6.38,6.38,,features_FILLED_RDKit2D+3D,sSS-Nonsym,-2.279654577757562,False
74,CCCCCCCCCCCCCCOC1=CCCN(C)CCN2CCCC(=O)OCC(=C1)C=C2OCCCCCCCCCCCCCC,,,7.232996110392154,,1.0,1.0,6.32,6.32,,features_FILLED_RDKit2D+3D,sSS-Nonsym,-2.428804075512781,False
75,CCCCCCCCCCCCCCCCOc1cc(COC(=O)CCCN2CCN(C)CC2)cc(OCCCCCCCCCCCCCCCC)c1,,,7.194296567538006,,1.0,1.0,6.275000000000001,6.22,,,sSS-Nonsym,-4.080516115560029,False
76,CCCCC(CC)COC1=CCCN(C)CCN2CCCC(=O)OCC(=C1)C=C2OCCCCC(C)CC,,,7.8926510338773,,1.0,3.0,6.28,6.28,,features_FILLED_RDKit2D+3D,sSS-Nonsym,-3.461266295534875,False
77,CCCCCCCCCOC1=CCCN(C)CCN2CCCC(=O)OCC(=C1)C=C2OCCCCCCCCC,,,6.38738982633873,,1.0,1.0,6.4,6.4,,features_FILLED_RDKit2D+3D,sSS-Nonsym,1.1466117439158794,False
78,CCCCCCCCCCCCOc1ccc(COC(=O)CCCN2CCN(C)CC2)cc1OCCCCCCCCCCCC,,,7.049218022670182,,1.0,3.0,6.46,6.46,,,sSS-Nonsym,-2.68916079740529,False
79,CCCCCCCCCCCCOc1cc(COC(=O)CCCN2CCN(C)CC2)cc(OCCCCCCCCCCCC)c1OCCCCCCCCCCCC,,,7.127104798364807,,,,6.25,,,,GA-Tris,0.8266326415865366,False
81,CCCCCCCCCCCCCCCCCCOc1cc(COC(=O)CCCN2CCN(C)CC2)cc(OCCCCCCCCCCC)c1,,,7.3654879848909,,1.0,3.0,6.19,6.19,,,Dialkoxybenzyl,-3.080425999643768,False
82,CCCCCCCCCCCCOCC(COCCCCCCCCCCCC)(COCCCCCCCCCCCC)COC(=O)CCCN1CCN(C)CC1,5.518513939877887,5.155336037465061,6.209515014542631,,1.0,,,6.18,,features_FILLED_RDKit2D+3D,PE-Tris,0.17470317571616067,False
83,CCCCCCCCCCCCOCC(COCCCCCCCCCCCC)(COCCCCCCCCCCCC)COC(=O)CCCN1CCN(CCO)CC1,7.313867220369153,7.257678574869185,7.851869600729766,,1.0,3.0,6.3,6.3,,,PE-Tris,-3.6622721579652087,False
86,CCCCCCCCCCCOc1cc(COC(=O)CCCN2CCN(C)CC2)cc(OCCCCCCCCCCC)c1,,,7.674861140737812,,1.0,3.0,6.239999999999999,6.24,,"RESOLVED_2026-06-02 [RESOLVED_10118_FIX] confidence=HIGH: bis-C11 (symmetric) = C38H68N2O4 = exact 10118 #86 (MW616.972,HBA6,RotB28); prior C11/C16 was +70 (5xCH2) too heavy. C16->C11.",Dialkoxybenzyl,,
87,CCCCC(CC)COC1=CCCN(CCO)CCN2CCCC(=O)OCC(=C1)C=C2OCCCCC(C)CC,,,7.510545010206612,,1.0,1.0,6.49,6.49,,features_FILLED_RDKit2D+3D,sSS-Nonsym,-1.5412562022815681,False
87,CCCCC(CC)COc1cc(COC(=O)CCCN2CCN(CCO)CC2)cc(OCC(CC)CCCC)c1,,,7.510545010206612,,1.0,,,,,features_FILLED_RDKit2D+3D,Dialkoxybenzyl,-1.5412562022815681,False
88,CCCCCCCCOC1=CCCN(C)CCN2CCCC(=O)OCC(=C1)C=C2OCCCCCCCC,,,6.385606273598312,,1.0,1.0,6.28,6.28,,features_FILLED_RDKit2D+3D,sSS-Nonsym,0.01411199525961084,False
89,CCCCCCCCOc1cc(COC(=O)CCCN2CCN(CCO)CC2)cc(OCCCCCCCC)c1,,,7.77232170672292,,1.0,3.0,6.45,6.45,,,sSS-Nonsym,-3.579632739360811,False
91,CCCCCCCCCCOC1=CCCN(CCO)CCN2CCCC(=O)OCC(=C1)C=C2OCCCCCCCCCC,,,7.997386384397314,,1.0,1.0,6.48,6.48,,features_FILLED_RDKit2D+3D,sSS-Nonsym,-0.7312791799315695,False
92,CCCCC(CC)COCC(COCC(CC)CCCC)(COCC(CC)CCCC)COC(=O)CCCN1CCN(C)CC1,5.850646235183066,5.667452952889954,6.222716471147583,,1.0,,,6.03,,features_FILLED_RDKit2D+3D,PE-Tris,-4.9545088450762735,False
93,CCCCC(CC)COCC(COCC(CC)CCCC)(COCC(CC)CCCC)COC(=O)CCCN1CCN(CCO)CC1,8.303163596372855,7.916170885700484,8.656950285439562,,1.0,,6.28,6.283333333333334,0.06,,PE-Tris,2.03149430251559,False
95,CCCCC(CC)COC(=O)CCCCOc1cc(COC(=O)CCCN2CCN(CCO)CC2)cc(OCCCCC(=O)OCC(CC)CCCC)c1,,,7.820201459485641,,1.0,3.0,6.33,6.33,,features_FILLED_RDKit2D+3D,sSS-Nonsym,-0.31138207426454056,False
96,CCCCC(CC)COc1cc(COC(=O)CCCN2CCN(C)CC2)cc(OCC(CC)CCCC)c1OCC(CC)CCCC,,,7.680335513414564,,1.0,3.0,6.32,6.32,,,GA-Tris,-3.8528922073655747,False
97,CCCCC(CC)COc1cc(COC(=O)CCCN2CCN(CCO)CC2)cc(OCC(CC)CCCC)c1OCC(CC)CCCC,7.835634564816176,6.959879450132402,7.915720523073849,36150000.0,1.666666666666667,8.722222222222221,6.479999999999999,6.46,0.04000000000000001,,GA-Tris,0.5008695201460638,False
98,CCCCCCCCCCCCCCCCCCOC1=CCCN(C)CCN2CCCC(=O)OCC(=C1)C=C2OCCCCCCCCCCCCCCCCCC,,,6.313867220369153,,1.0,1.0,6.25,6.25,,features_FILLED_RDKit2D+3D,sSS-Nonsym,-4.0091209163286585,False
99,CCCCCCCCCCCCCCCCCCOC1=CCCN(CCO)CCN2CCCC(=O)OCC(=C1)C=C2OCCCCCCCCCCCCCCCCCC,,,6.652246341003323,,1.0,1.0,6.31,6.31,,features_FILLED_RDKit2D+3D,sSS-Nonsym,2.4112959833661636,False
100,CCCCCCCCCCCCCCCCOCC(COCCCCCCCCCCCCCCCC)(COCCCCCCCCCCCCCCCC)COC(=O)CCCN1CCN(C)CC1,,,5.698970004336019,,1.0,,,6.12,,features_FILLED_RDKit2D+3D,PE-Tris,-0.9856316990635676,False
101,CCCCCCCCCCCCCCCCOCC(COCCCCCCCCCCCCCCCC)(COCCCCCCCCCCCCCCCC)COC(=O)CCCN1CCN(CCO)CC1,,,5.698970004336019,,1.0,,,6.32,,features_FILLED_RDKit2D+3D,PE-Tris,-0.34943134224964784,False
105,CCCCCCCCCCCCCCOc1cc(COC(=O)CCCN2CCN(C)CC2)cc(OCCCCCCCCCCC)c1,,,7.675778341674085,,1.0,3.0,6.5,6.5,,,Dialkoxybenzyl,-2.21555474153644,False
106,CCCCCCCCCCCCCCCCOc1cc(COC(=O)CCCN2CCN(C)CC2)cc(OCCCCCCCCCCCC)c1,,,7.541579243946581,,,,6.32,,,,Dialkoxybenzyl,-3.9790047979890746,False
107,CCCCCCCCCCCCCCCCCCOc1cc(COC(=O)CCCN2CCN(C)CC2)cc(OCCCCCCCCCCCC)c1,,,7.340444114840118,,,,6.42,,,,Dialkoxybenzyl,0.33638481490423267,False
108,CCCCCCCCCCCCCCOc1cc(COC(=O)CCCN2CCN(C)CC2)cc(OCCCCCCCCCCCCCC)c1,,,6.984977126415493,,1.0,3.0,6.59,6.59,,,sSS-Nonsym,-3.537284076704622,False
110,CCCCCCCCCCCCOc1cc(COC(=O)c2cc(OCCOCCOCCOCc3ccccc3)c(OCCOCCOCCOC(=O)CCCN3CCCCC3)c(OCCOCCOCCOC(=O)CCCN3CCCCC3)c2)cc(OCCCCCCCCCCCC)c1,,,7.946943270697825,,,,7.64,7.64,,SMILES_IMAGE_RECONSTRUCTED_2026-06-02_formula_validated_pharmaceutics1501572_Fig10-11,G1-Janus-Dendrimer,0.31838760435031604,False
111,CCCCCCCCCCCOc1cc(COC(=O)c2cc(OCCOCCOCCOCc3ccccc3)c(OCCOCCOCCOC(=O)CCCN3CCCCC3)c(OCCOCCOCCOC(=O)CCCN3CCCCC3)c2)cc(OCCCCCCCCCCC)c1,,,7.857935264719429,,,,7.58,7.58,,SMILES_IMAGE_RECONSTRUCTED_2026-06-02_formula_validated_pharmaceutics1501572_Fig10-11,G1-Janus-Dendrimer,2.254924510731781,False
112,CCCCCCCCCCCOc1cc(COC(=O)CCCN2CCN(C)CC2)cc(OCCCCCCCC)c1,,,8.60530504614111,,1.0,1.0,6.4,6.4,,,sSS-Nonsym,-1.9908012123204266,False
113,CCCCCCCCCCCOc1cc(COC(=O)CCCN2CCN(CCO)CC2)cc(OCCCCCCCC)c1,,,7.230448921378274,,,,6.52,,,,sSS-Nonsym,3.988511690376332,False
114,CCCCCCCCCCCOc1cc(COC(=O)CCCN2CCN(C)CC2)cc(OCCCCCCCCCC)c1,,,6.551449997972875,,,,6.43,,,,sSS-Nonsym,-3.3646713037736697,False
115,CCCCCCCCCCCOc1cc(COC(=O)CCCN2CCN(CCO)CC2)cc(OCCCCCCCCCC)c1,,,6.661812685537261,,,,6.32,,,,sSS-Nonsym,-0.3288547149618151,False
116,CCCCCCCCCCCCCOc1cc(COC(=O)CCCN2CCN(C)CC2)cc(OCCCCCCCCCCC)c1,,,7.376576957056512,,,,6.51,,,,sSS-Nonsym,-2.367013924763948,False
117,CCCCCCCCCCCCCOc1cc(COC(=O)CCCN2CCN(CCO)CC2)cc(OCCCCCCCCCCC)c1,,,6.936513742478893,,,,6.49,,,,sSS-Nonsym,0.9547630607243569,False
118,CCCCCCCCCCCCCCCOc1cc(COC(=O)CCCN2CCN(C)CC2)cc(OCCCCCCCCCCC)c1,,,7.164352855784437,,,,6.33,,,,sSS-Nonsym,-2.774863320523385,False
119,CCCCCCCCCCCCCCCOc1cc(COC(=O)CCCN2CCN(CCO)CC2)cc(OCCCCCCCCCCC)c1,,,7.914871817540051,,1.0,3.0,6.44,6.44,,,sSS-Nonsym,-2.298227895271984,False
120,CCCCCCCCCCCCCCCCOc1cc(COC(=O)CCCN2CCN(CCO)CC2)cc(OCCCCCCCCCCC)c1,,,7.394451680826216,,,,6.37,,,,sSS-Nonsym,-0.8366705098839083,False
122,CCCCCCCCCCCOc1cc(COC(=O)CCCN2CCN(CCO)CC2)cc(OCCCCCCCCC)c1,,,7.397940008672037,,,,6.66,,,,sSS-Nonsym,-0.9926598157215493,False
123,CCCCCCCCCCCCOc1cc(COC(=O)CCCN2CCN(C)CC2)cc(OCCCCCCCCCCC)c1,,,7.859138297294531,,1.0,1.0,6.61,6.61,,,sSS-Nonsym,-2.2563090954154252,False
124,CCCCCCCCCCCCOc1cc(COC(=O)CCCN2CCN(CCO)CC2)cc(OCCCCCCCCCCC)c1,,,7.576341350205793,,,,6.65,,,,sSS-Nonsym,-1.1926625976113294,False
125,CCCCCCCCCCCCCCOc1cc(COC(=O)CCCN2CCN(CCO)CC2)cc(OCCCCCCCCCCC)c1,,,8.332438459915606,,1.0,3.0,6.64,6.64,,,sSS-Nonsym,0.09104302937493886,False
126,CCCCCCCCCCCCCCCCCOc1cc(COC(=O)CCCN2CCN(C)CC2)cc(OCCCCCCCCCCC)c1,,,7.506505032404872,,,,6.52,,,,sSS-Nonsym,-0.38741827030129805,False
127,CCCCCCCCCCCCCCCCCOc1cc(COC(=O)CCCN2CCN(CCO)CC2)cc(OCCCCCCCCCCC)c1,,,8.02938377768521,,1.0,3.0,6.52,6.52,,,sSS-Nonsym,0.7986827849599206,False
128,CCCCCCCCCCCCCCCCCCOc1cc(COC(=O)CCCN2CCN(CCO)CC2)cc(OCCCCCCCCCCC)c1,,,7.742725131304698,,,,6.68,,,,sSS-Nonsym,-0.3859788597053012,False
129,CCCCCCCCCCCOc1cc(COC(=O)CCCN2CCN(C)CC2)cc(OCC(CC)CCCC)c1,,,8.225309281725863,,1.0,1.0,6.49,6.49,,,sSS-Nonsym,-4.126613350884468,False
130,CCCCCCCCCCCOc1cc(COC(=O)CCCN2CCN(CCO)CC2)cc(OCC(CC)CCCC)c1,,,8.071882007306126,,1.0,3.0,6.62,6.62,,,sSS-Nonsym,-0.5316432023974571,False
131,CCCCCCCCCCCCCCCOc1cc(COC(=O)c2cc(OCCOCCOCCOCc3ccccc3)c(OCCOCCOCCOC(=O)CCCN3CCCCC3)c(OCCOCCOCCOC(=O)CCCN3CCCCC3)c2)cc(OCCCCCCCCCCCCCC)c1,,,8.100370545117563,,,,7.34,7.34,,SMILES_IMAGE_RECONSTRUCTED_2026-06-02_formula_validated_pharmaceutics1501572_Fig10-11; tail_split_best_guess(14+15 of 4 formula-equivalent),G1-Janus-Dendrimer,3.566841232540428,False
133,CCCCCCCCCCCCCCOc1cc(CNC(=O)CCCN2CCN(C)CC2)cc(OCCCCCCCCCCC)c1,,,7.045322978786658,,1.0,3.0,6.57,6.57,,,sSS-Nonsym,-0.8390766502147388,False
134,CCCCCCCCCCCOc1cc(CNC(=O)CCCN2CCCCC2)cc(OCCCCCCCCCCC)c1,,,7.426511261364575,,1.0,3.0,7.35,7.35,,"RESOLVED_2026-06-02 [RESOLVED_NUMBERING_COLLISION] confidence=MED-HIGH: 10118 #134 is an unrelated ~2x-mass compound (MW1205.7,HBA17,Ar2) - numbering collision. This row = bis-C11 3,5-dialkoxybenzyl-amide-piperidine (C38H68N2O3) from pharmaceutics1501572 Fig11; internally + architecture consistent. Validated vs source paper, NOT vs 10118.",sSS-Nonsym,,
135,CCCCCCCCCCCCCCCOc1cc(COC(=O)CCCN2CCN(C)CC2)cc(OCC(CC)CCCC)c1,,,7.086359830674748,,1.0,3.0,6.32,6.32,,,sSS-Nonsym,-2.7205308460137916,False
136,CCCCCCCCCCCCCCCOc1cc(COC(=O)CCCN2CCN(CCO)CC2)cc(OCC(CC)CCCC)c1,,,7.017033339298781,,,,6.5,,,,sSS-Nonsym,-0.49247919483359215,False
137,CCCCCCCCCCCCCCCOc1cc(COC(=O)CCCN2CCN(C)CC2)cc(OCCCCCCCC)c1,,,7.549003262025788,,1.0,1.0,6.44,6.44,,,sSS-Nonsym,-2.46576206677902,False
138,CCCCCCCCCCCCCCCOc1cc(COC(=O)CCCN2CCN(CCO)CC2)cc(OCCCCCCCC)c1,,,7.173186268412274,,,,6.62,,,,sSS-Nonsym,-0.4497899782081771,False
139,CCCCCCCCCCCCCCCOc1cc(COC(=O)CCCN2CCN(C)CC2)cc(OCCCCCCCCC)c1,,,8.2718416065365,,1.0,1.0,6.43,6.43,,,sSS-Nonsym,-1.3695242365078115,False
140,CCCCCCCCCCCCCCCOc1cc(COC(=O)CCCN2CCN(CCO)CC2)cc(OCCCCCCCCC)c1,,,8.770852011642145,,1.0,1.0,6.43,6.43,,,sSS-Nonsym,-1.348896169980126,False
141,CCCCCCCCCCCCCCCOc1cc(COC(=O)CCCN2CCN(C)CC2)cc(OCCCCCCCCCC)c1,,,7.313867220369153,,1.0,3.0,6.56,6.56,,,sSS-Nonsym,-2.054532371209483,False
142,CCCCCCCCCCCCCCCOc1cc(COC(=O)CCCN2CCN(CCO)CC2)cc(OCCCCCCCCCC)c1,,,7.399673721481038,,1.0,3.0,6.69,6.69,,,sSS-Nonsym,0.7955006910129436,False
143,CCCCCCCCCCCCCCCOc1cc(COC(=O)CCCN2CCN(C)CC2)cc(OCCCCCCCCCCCC)c1,,,7.107209969647869,,1.0,3.0,6.33,6.33,,,sSS-Nonsym,-3.0897583630189525,False
144,CCCCCCCCCCCCCCCOc1cc(COC(=O)CCCN2CCN(CCO)CC2)cc(OCCCCCCCCCCCC)c1,,,7.143014800254095,,,,6.51,,,,sSS-Nonsym,-1.4834003348350933,False
145,CCCCCCCCCCCCCCCOc1cc(COC(=O)CCCN2CCN(C)CC2)cc(OCCCCCCCCCCCCC)c1,,,6.966141732739032,,,,6.28,,,,sSS-Nonsym,-3.107959339208469,False
146,CCCCCCCCCCCCCCCOc1cc(COC(=O)CCCN2CCN(CCO)CC2)cc(OCCCCCCCCCCCCC)c1,,,7.672097857935717,,,,6.59,,,,sSS-Nonsym,2.137532716934039,False
147,CCCCCCCCCCCCCCCOc1cc(COC(=O)CCCN2CCN(C)CC2)cc(OCCCCCCCCCCCCCC)c1,,,6.965671971220107,,,,6.32,,,,sSS-Nonsym,-3.5340634985945365,False
148,CCCCCCCCCCCCCCCOc1cc(COC(=O)CCCN2CCN(CCO)CC2)cc(OCCCCCCCCCCCCCC)c1,,,7.801403710017355,,,,6.65,,,,sSS-Nonsym,-0.8544924090914324,False
149,CCCCCCCCCCCCCCCCOc1cc(COC(=O)CCCN2CCN(C)CC2)cc(OCCCCCCCCCCCCCCC)c1,,,7.354108439147401,,,,6.5,,,,sSS-Nonsym,-2.518165491026556,False
150,CCCCCCCCCCCCCCCCOc1cc(COC(=O)CCCN2CCN(CCO)CC2)cc(OCCCCCCCCCCCCCCC)c1,,,7.540329474790874,,,,6.65,,,,sSS-Nonsym,2.7174455613652335,False
151,CCCCCCCCCCCCCCCCCOc1cc(COC(=O)CCCN2CCN(C)CC2)cc(OCCCCCCCCCCCCCCC)c1,,,7.494154594018442,,,,6.39,,,,sSS-Nonsym,1.8371116824181575,False
152,CCCCCCCCCCCCCCCCCOc1cc(COC(=O)CCCN2CCN(CCO)CC2)cc(OCCCCCCCCCCCCCCC)c1,,,7.294466226161593,,,,6.65,,,,sSS-Nonsym,1.0070879301183935,False
153,CCCCCCCCCCCCCCCCCCOc1cc(COC(=O)CCCN2CCN(C)CC2)cc(OCCCCCCCCCCCCCCC)c1,,,7.865103974641128,,1.0,3.0,6.42,6.42,,,sSS-Nonsym,-0.7596066417844497,False
154,CCCCCCCCCCCCCCCCCCOc1cc(COC(=O)CCCN2CCN(CCO)CC2)cc(OCCCCCCCCCCCCCCC)c1,,,7.378397900948138,,,,6.48,,,,sSS-Nonsym,-1.2878675266394999,False
155,CCCCCCCCCCCOc1cc(COC(=O)c2cc(OCCOCCOCCOCc3ccccc3)c(OCCOCCOCCOC(=O)CCCN3CCCCC3)c(OCCOCCOCCOC(=O)CCCN3CCCCC3)c2)cc(OCC(CC)CCCC)c1,,,8.004321373782643,,,,7.4,7.4,,SMILES_IMAGE_RECONSTRUCTED_2026-06-02_formula_validated_pharmaceutics1501572_Fig10-11,G1-Janus-Dendrimer,1.5370684362906306,False
156,CCCCCCCCCCCCCCOc1cc(COC(=O)c2cc(OCCOCCOCCOCc3ccccc3)c(OCCOCCOCCOC(=O)CCCN3CCCCC3)c(OCCOCCOCCOC(=O)CCCN3CCCCC3)c2)cc(OCCCCCCCCCCC)c1,,,6.765668554759015,,,,7.43,7.43,,SMILES_IMAGE_RECONSTRUCTED_2026-06-02_formula_validated_pharmaceutics1501572_Fig10-11,G1-Janus-Dendrimer,1.6015228931755867,False
157,CCCCCCCCCCCCCCCOc1cc(COC(=O)c2cc(OCCOCCOCCOCc3ccccc3)c(OCCOCCOCCOC(=O)CCCN3CCCCC3)c(OCCOCCOCCOC(=O)CCCN3CCCCC3)c2)cc(OCCCCCCCCCCC)c1,,,7.563481085394411,,,,7.42,7.42,,SMILES_IMAGE_RECONSTRUCTED_2026-06-02_formula_validated_pharmaceutics1501572_Fig10-11,G1-Janus-Dendrimer,0.24430648834151314,False
158,CCCCCCCCCCCCCCCCCOc1cc(COC(=O)c2cc(OCCOCCOCCOCc3ccccc3)c(OCCOCCOCCOC(=O)CCCN3CCCCC3)c(OCCOCCOCCOC(=O)CCCN3CCCCC3)c2)cc(OCCCCCCCCCCC)c1,,,7.089905111439398,,,,7.38,7.38,,SMILES_IMAGE_RECONSTRUCTED_2026-06-02_formula_validated_pharmaceutics1501572_Fig10-11,G1-Janus-Dendrimer,1.9962097258133795,False
159,CCCCCCCCCCCCCCCCCOc1cc(CNC(=O)c2cc(OCCOCCOCCOCc3ccccc3)c(OCCOCCOCCOC(=O)CCCN3CCCCC3)c(OCCOCCOCCOC(=O)CCCN3CCCCC3)c2)cc(OCCCCCCCCCCC)c1,,,7.836324115706752,,,,7.4,7.4,,SMILES_IMAGE_RECONSTRUCTED_2026-06-02_formula_validated_pharmaceutics1501572_Fig10-11,G1-Janus-Dendrimer,2.9422126664036723,False
161,CCCCCCCCCCCCCOc1cc(COC(=O)CCCN2CCN(C)CC2)cc(OCC(CC)CCCC)c1,,,7.928395852256714,,1.0,3.0,6.38,6.38,,,sSS-Nonsym,-2.9467125445432005,False
162,CCCCCCCCCCCCCOc1cc(COC(=O)CCCN2CCN(CCO)CC2)cc(OCC(CC)CCCC)c1,,,8.307496037913213,,1.0,3.0,6.33,6.33,,,sSS-Nonsym,1.605757474983903,False
163,CCCCCCCCCCCCCOc1cc(COC(=O)CCCN2CCN(C)CC2)cc(OCCCCCCCC)c1,,,8.278753600952829,,1.0,1.0,6.3,6.3,,,sSS-Nonsym,-1.9887608476488867,False
164,CCCCCCCCCCCCCOc1cc(COC(=O)CCCN2CCN(CCO)CC2)cc(OCCCCCCCC)c1,,,7.509202522331103,,1.0,1.0,6.29,6.29,,,sSS-Nonsym,0.6936728509519042,False
167,CCCCCCCCCCCCCOc1cc(COC(=O)CCCN2CCN(C)CC2)cc(OCCCCCCCCCC)c1,,,7.934498451243567,,1.0,1.0,6.24,6.24,,,sSS-Nonsym,-3.4829631064746494,False
169,CCCCCCCCCCCCCOc1cc(COC(=O)CCCN2CCN(C)CC2)cc(OCCCCCCCCCCCC)c1,,,8.32221929473392,,1.0,1.0,6.44,6.44,,,sSS-Nonsym,-0.7257457421355834,False
171,CCCCCCCCCCCCCCOc1cc(COC(=O)CCCN2CCN(C)CC2)cc(OCCCCCCCCCCCCC)c1,,,7.885361220031512,,1.0,3.0,6.16,6.16,,,sSS-Nonsym,2.373793180772413,False
172,CCCCCCCCCCCCCCOc1cc(COC(=O)CCCN2CCN(CCO)CC2)cc(OCCCCCCCCCCCCC)c1,,,7.833784374656479,,,,6.03,,,,sSS-Nonsym,2.053755840432773,False
173,CCCCCCCCCCCCCCCCOc1cc(COC(=O)CCCN2CCN(C)CC2)cc(OCCCCCCCCCCCCC)c1,,,8.089905111439398,,1.0,3.0,5.91,5.91,,,sSS-Nonsym,-1.9898467815270893,False
177,CCCCCCCCCCCCCCCCCCOc1cc(COC(=O)CCCN2CCN(C)CC2)cc(OCCCCCCCCCCCCC)c1,,,7.962842681201242,,1.0,3.0,5.9,5.9,,,sSS-Nonsym,-0.8656246426584635,False
178,CCCCCCCCCCCCCCCCCCOc1cc(COC(=O)CCCN2CCN(CCO)CC2)cc(OCCCCCCCCCCCCC)c1,7.718501688867274,7.998259338423699,8.60745502321467,,1.0,3.0,5.97,5.97,,,sSS-Nonsym,-0.4642797285682028,False
179,CCCCCCCCCOc1cc(COC(=O)CCCN2CCN(C)CC2)cc(OCC(CC)CCCC)c1,,,8.041392685158225,,1.0,1.0,6.51,6.51,,,sSS-Nonsym,-2.1552627736466197,False
180,CCCCCCCCCOc1cc(COC(=O)CCCN2CCN(CCO)CC2)cc(OCC(CC)CCCC)c1,,,8.306762351426826,,1.0,2.0,6.49,6.49,,,sSS-Nonsym,0.7898397619138728,False
181,CCCCCCCCCOc1cc(COC(=O)CCCN2CCN(C)CC2)cc(OCCCCCCCC)c1,,,7.544068044350276,,1.0,1.0,6.42,6.42,,,sSS-Nonsym,-3.070923938860335,False
182,CCCCCCCCCOc1cc(COC(=O)CCCN2CCN(CCO)CC2)cc(OCCCCCCCC)c1,,,7.155336037465061,,1.0,1.0,6.41,6.41,,,sSS-Nonsym,2.696818219501989,False
183,CCCCCCCCCCOc1cc(COC(=O)CCCN2CCN(C)CC2)cc(OCCCCCCCCC)c1,,,8.041392685158225,,1.0,1.0,6.32,6.32,,,sSS-Nonsym,-1.2640554487756073,False
184,CCCCCCCCCCOc1cc(COC(=O)CCCN2CCN(CCO)CC2)cc(OCCCCCCCCC)c1,,,7.931966114728173,,1.0,1.0,6.36,6.36,,,sSS-Nonsym,2.9334456553990003,False
185,CCCCCCCCCCCCOc1cc(COC(=O)CCCN2CCN(C)CC2)cc(OCCCCCCCCC)c1,,,7.146128035678238,,1.0,1.0,6.3,6.3,,,sSS-Nonsym,-0.9082113704002367,False
186,CCCCCCCCCCCCOc1cc(COC(=O)CCCN2CCN(CCO)CC2)cc(OCCCCCCCCC)c1,,,8.181843587944773,,1.0,1.0,6.19,6.19,,,sSS-Nonsym,-1.8950507189202797,False
187,CCCCCCCCCCCCCCOc1cc(COC(=O)CCCN2CCN(C)CC2)cc(OCCCCCCCCC)c1,,,7.791690649020118,,1.0,1.0,6.43,6.43,,,sSS-Nonsym,-1.5292230021957771,False
188,CCCCCCCCCCCCCCOc1cc(COC(=O)CCCN2CCN(CCO)CC2)cc(OCCCCCCCCC)c1,,,7.795184589682424,,1.0,1.0,6.46,6.46,,,sSS-Nonsym,1.357373364175113,False
189,CCCCCCCCCCCCCCCCOc1cc(COC(=O)CCCN2CCN(C)CC2)cc(OCCCCCCCCC)c1,,,7.589905111439398,,1.0,2.0,6.3,6.3,,,sSS-Nonsym,-0.44687854706276053,False
190,CCCCCCCCCCCCCCCCOc1cc(COC(=O)CCCN2CCN(CCO)CC2)cc(OCCCCCCCCC)c1,,,7.793785894466646,,1.0,2.0,6.35,6.35,,,sSS-Nonsym,0.8483261957711706,False
191,CCCCCCCCCCCCCCCCCOc1cc(COC(=O)CCCN2CCN(C)CC2)cc(OCCCCCCCCC)c1,,,8.068185861746162,,1.0,1.0,6.54,6.54,,,sSS-Nonsym,-1.7205874484974237,False
192,CCCCCCCCCCCCCCCCCOc1cc(COC(=O)CCCN2CCN(CCO)CC2)cc(OCCCCCCCCC)c1,,,7.636487896353366,,1.0,1.0,6.42,6.42,,,sSS-Nonsym,-1.6790545629166946,False
193,CCCCCCCCCCCCCCCCCCOc1cc(COC(=O)CCCN2CCN(C)CC2)cc(OCCCCCCCCC)c1,,,8.64640372622307,,1.0,1.0,6.34,6.34,,,sSS-Nonsym,-3.539162989657863,False
194,CCCCCCCCCCCCCCCCCCOc1cc(COC(=O)CCCN2CCN(CCO)CC2)cc(OCCCCCCCCC)c1,,,8.56702636615906,,1.0,1.0,6.37,6.37,,,sSS-Nonsym,-0.4572578937737716,False
197,CCCCCCCCCCCCOc1cc(COC(=O)CCCN2CCN(C)CC2)cc(OCC(CC)CCCC)c1,,,7.814913181275074,,1.0,1.0,6.33,6.33,,,sSS-Nonsym,-5.4907362612526205,False
198,CCCCCCCCCCCCOc1cc(COC(=O)CCCN2CCN(CCO)CC2)cc(OCC(CC)CCCC)c1,,,8.269512944217917,,1.0,1.0,6.28,6.28,,,sSS-Nonsym,0.16956851269467,False
199,CCCCCCCCCCCCOc1cc(COC(=O)CCCN2CCN(C)CC2)cc(OCCCCCCCC)c1,,,7.633468455579586,,1.0,1.0,6.41,6.41,,,sSS-Nonsym,-4.651685526056005,False
200,CCCCCCCCCCCCOc1cc(COC(=O)CCCN2CCN(CCO)CC2)cc(OCCCCCCCC)c1,,,7.814589568803282,,1.0,2.0,6.17,6.17,,,sSS-Nonsym,2.2014115001904293,False
201,CCCCCCCCCCCCOc1cc(COC(=O)CCCN2CCN(CCO)CC2)cc(OCCCCCCCCCC)c1,,,7.618048096712092,,1.0,1.0,6.27,6.27,,,sSS-Nonsym,1.563890663047154,False
202,CCCCCCCCCCCCCCOc1cc(COC(=O)CCCN2CCN(C)CC2)cc(OCCCCCCCCCCCC)c1,,,7.66086547800387,,1.0,1.0,6.24,6.24,,,sSS-Nonsym,-2.7682730149692856,False
203,CCCCCCCCCCCCCCOc1cc(COC(=O)CCCN2CCN(CCO)CC2)cc(OCCCCCCCCCCCC)c1,,,8.594392550375426,,1.0,1.0,6.35,6.35,,,sSS-Nonsym,1.126863423730318,False
204,CCCCCCCCCCCCCCCCOc1cc(COC(=O)CCCN2CCN(CCO)CC2)cc(OCCCCCCCCCCCC)c1,,,7.613841821876069,,1.0,1.0,6.26,6.26,,,sSS-Nonsym,1.3034208877928504,False
205,CCCCCCCCCCCCCCCCCOc1cc(COC(=O)CCCN2CCN(C)CC2)cc(OCCCCCCCCCCCC)c1,,,8.660865478003869,,1.0,1.0,6.27,6.27,,,sSS-Nonsym,-4.239906513248294,False
206,CCCCCCCCCCCCCCCCCOc1cc(COC(=O)CCCN2CCN(CCO)CC2)cc(OCCCCCCCCCCCC)c1,,,7.683947130751513,,1.0,1.0,6.28,6.28,,,sSS-Nonsym,-1.3123447122411505,False
207,CCCCCCCCCCCCCCCCCCOc1cc(COC(=O)CCCN2CCN(CCO)CC2)cc(OCCCCCCCCCCCC)c1,,,7.26245108973043,,1.0,1.0,6.14,6.14,,,sSS-Nonsym,3.7428249434879377,False
208,CCCCCCCCCCCCCCOc1cc(COC(=O)CCCN2CCN(C)CC2)cc(OCC(CC)CCCC)c1,,,7.423245873936808,,1.0,1.0,6.2,6.2,,,sSS-Nonsym,-0.6267573960933625,False
209,CCCCCCCCCCCCCCOc1cc(COC(=O)CCCN2CCN(CCO)CC2)cc(OCC(CC)CCCC)c1,,,7.544068044350276,,1.0,1.0,6.26,6.26,,,sSS-Nonsym,-1.0994227127422136,False
210,CCCCCCCCCCCCCCOc1cc(COC(=O)CCCN2CCN(C)CC2)cc(OCCCCCCCC)c1,,,7.619093330626742,,1.0,1.0,6.19,6.19,,,sSS-Nonsym,0.7893200618166591,False
211,CCCCCCCCCCCCCCOc1cc(COC(=O)CCCN2CCN(CCO)CC2)cc(OCCCCCCCC)c1,,,8.103803720955957,,1.0,1.0,6.1,6.1,,,sSS-Nonsym,1.4594523411587947,False
212,CCCCCCCCCCCCCCOc1cc(COC(=O)CCCN2CCN(C)CC2)cc(OCCCCCCCCCC)c1,,,7.880813592280791,,1.0,1.0,6.26,6.26,,,sSS-Nonsym,-2.1963626593397576,False
213,CCCCCCCCCCCCCCOc1cc(COC(=O)CCCN2CCN(CCO)CC2)cc(OCCCCCCCCCC)c1,,,8.462397997898956,,1.0,1.0,6.05,6.05,,,sSS-Nonsym,-0.3232508444566951,False
214,CCCCCCCCCCCCCCCCCCOc1cc(COC(=O)CCCN2CCN(C)CC2)cc(OCCCCCCCCCCCCCC)c1,,,7.068185861746161,,1.0,1.0,6.23,6.23,,,sSS-Nonsym,-2.5640408311367047,False
215,CCCCCCCCCCCCCCCCCCOc1cc(COC(=O)CCCN2CCN(CCO)CC2)cc(OCCCCCCCCCCCCCC)c1,,,8.176091259055681,,1.0,1.0,6.3,6.3,,,sSS-Nonsym,2.6253060783734385,False
216,CCCCCCCCCCCCCCCCOc1cc(COC(=O)CCCN2CCN(C)CC2)cc(OCC(CC)CCCC)c1,,,8.56702636615906,,1.0,1.0,6.26,6.26,,,sSS-Nonsym,-3.710621385366813,False
217,CCCCCCCCCCCCCCCCOc1cc(COC(=O)CCCN2CCN(CCO)CC2)cc(OCC(CC)CCCC)c1,,,8.172677061571065,,1.0,2.0,6.2,6.2,,,sSS-Nonsym,0.7833017348610334,False
218,CCCCCCCCCCCCCCCCOc1cc(COC(=O)CCCN2CCN(C)CC2)cc(OCCCCCCCC)c1,,,7.811575005870593,,1.0,1.0,6.26,6.26,,,sSS-Nonsym,-2.756755740353975,False
219,CCCCCCCCCCCCCCCCOc1cc(COC(=O)CCCN2CCN(CCO)CC2)cc(OCCCCCCCC)c1,,,7.705863712283919,,1.0,1.0,6.35,6.35,,,sSS-Nonsym,1.0797976821129636,False
220,CCCCCCCCCCCCCCCCOc1cc(COC(=O)CCCN2CCN(C)CC2)cc(OCCCCCCCCCC)c1,,,8.060697840353612,,1.0,1.0,6.26,6.26,,,sSS-Nonsym,-0.5808349878738026,False
221,CCCCCCCCCCCCCCCCOc1cc(COC(=O)CCCN2CCN(CCO)CC2)cc(OCCCCCCCCCC)c1,,,7.963196950134841,,1.0,2.0,6.22,6.22,,,sSS-Nonsym,-1.2669836269307382,False
222,CCCCCCCCCCCCCCCCOc1cc(COC(=O)CCCN2CCN(C)CC2)cc(OCCCCCCCCCCCCCC)c1,,,7.064457989226918,,1.0,1.0,6.39,6.39,,,sSS-Nonsym,-1.4828823157332622,False
223,CCCCCCCCCCCCCCCCOc1cc(COC(=O)CCCN2CCN(CCO)CC2)cc(OCCCCCCCCCCCCCC)c1,,,7.734799829588847,,1.0,1.0,6.46,6.46,,,sSS-Nonsym,-2.6311386082027037,False
224,CCCCCCCCCCCCCCCCCOc1cc(COC(=O)CCCN2CCN(C)CC2)cc(OCCCCCCCCCCCCCCCC)c1,,,8.064457989226918,,1.0,1.0,6.33,6.33,,,sSS-Nonsym,-1.5145630258540874,False
225,CCCCCCCCCCCCCCCCCOc1cc(COC(=O)CCCN2CCN(CCO)CC2)cc(OCCCCCCCCCCCCCCCC)c1,,,7.505149978319906,,1.0,1.0,6.36,6.36,,,sSS-Nonsym,1.3268207120685254,False
226,CCCCCCCCCCCCCCCCCCOc1cc(COC(=O)CCCN2CCN(C)CC2)cc(OCCCCCCCCCCCCCCCC)c1,,,7.17897694729317,,1.0,1.0,6.46,6.46,,,sSS-Nonsym,-0.7512139793734943,False
227,CCCCCCCCCCCCCCCCCCOc1cc(COC(=O)CCCN2CCN(CCO)CC2)cc(OCCCCCCCCCCCCCCCC)c1,,,7.117271295655764,,1.0,1.0,6.49,6.49,,,sSS-Nonsym,-0.38381330126107344,False
228,CCCCCCCCCCCCCCCCCOc1cc(COC(=O)CCCN2CCN(C)CC2)cc(OCC(CC)CCCC)c1,,,7.139879086401237,,1.0,1.0,6.56,6.56,,,sSS-Nonsym,0.8047658339919506,False
229,CCCCCCCCCCCCCCCCCOc1cc(COC(=O)CCCN2CCN(CCO)CC2)cc(OCC(CC)CCCC)c1,,,7.620136054973758,,1.0,1.0,6.3,6.3,,,sSS-Nonsym,-0.4595662302536796,False
230,CCCCCCCCCCCCCCCCCOc1cc(COC(=O)CCCN2CCN(C)CC2)cc(OCCCCCCCC)c1,,,8.225309281725863,,1.0,1.0,6.3,6.3,,,sSS-Nonsym,-4.758258385486031,False
231,CCCCCCCCCCCCCCCCCOc1cc(COC(=O)CCCN2CCN(CCO)CC2)cc(OCCCCCCCC)c1,,,7.68304703823885,,1.0,1.0,5.95,5.95,,,sSS-Nonsym,-4.028299327537495,False
232,CCCCCCCCCCCCCCCCCOc1cc(COC(=O)CCCN2CCN(C)CC2)cc(OCCCCCCCCCC)c1,,,7.974216264076254,,1.0,2.0,6.28,6.28,,,sSS-Nonsym,-2.401754471271141,False
233,CCCCCCCCCCCCCCCCCOc1cc(COC(=O)CCCN2CCN(CCO)CC2)cc(OCCCCCCCCCC)c1,,,7.991669007379948,,1.0,1.0,6.31,6.31,,,sSS-Nonsym,1.1208365845614825,False
234,CCCCCCCCCCCCCCCCCOc1cc(COC(=O)CCCN2CCN(C)CC2)cc(OCCCCCCCCCCCCCC)c1,,,7.399673721481038,,1.0,1.0,6.35,6.35,,,sSS-Nonsym,-1.5990894535313152,False
235,CCCCCCCCCCCCCCCCCOc1cc(COC(=O)CCCN2CCN(CCO)CC2)cc(OCCCCCCCCCCCCCC)c1,,,7.866877814337498,,1.0,1.0,6.24,6.24,,,sSS-Nonsym,0.7044772873281546,False
236,CCCCCCCCCCCCCCCCCCOc1cc(COC(=O)CCCN2CCN(C)CC2)cc(OCC(CC)CCCC)c1,,,8.576341350205793,,1.0,1.0,6.34,6.34,,,sSS-Nonsym,-5.999996214586193,False
237,CCCCCCCCCCCCCCCCCCOc1cc(COC(=O)CCCN2CCN(CCO)CC2)cc(OCC(CC)CCCC)c1,,,8.164352855784436,,1.0,1.0,6.26,6.26,,,sSS-Nonsym,-1.014651104853595,False
238,CCCCCCCCCCCCCCCCCCOc1cc(COC(=O)CCCN2CCN(C)CC2)cc(OCCCCCCCC)c1,,,7.117271295655764,,1.0,1.0,6.25,6.25,,,sSS-Nonsym,-2.8115207262980264,False
239,CCCCCCCCCCCCCCCCCCOc1cc(COC(=O)CCCN2CCN(CCO)CC2)cc(OCCCCCCCC)c1,,,8.489958479424836,,1.0,1.0,6.22,6.22,,,sSS-Nonsym,2.7395096747941805,False
240,CCCCCCCCCCCCCCCCCCOc1cc(COC(=O)CCCN2CCN(C)CC2)cc(OCCCCCCCCCC)c1,,,7.775974331129369,,1.0,1.0,6.29,6.29,,,sSS-Nonsym,-4.140894736586875,False
241,CCCCCCCCCCCCCCCCCCOc1cc(COC(=O)CCCN2CCN(CCO)CC2)cc(OCCCCCCCCCC)c1,,,8.071882007306126,,1.0,1.0,6.33,6.33,,,sSS-Nonsym,-1.4382073038887666,False
242,CCCCCCCCCCCCCCCCCCOc1cc(COC(=O)CCCN2CCN(C)CC2)cc(OCCCCCCCCCCCCCCCCC)c1,,,8.176091259055681,,1.0,1.0,6.31,6.31,,,sSS-Nonsym,-0.5343264308369218,False
243,CCCCCCCCCCCCCCCCCCOc1cc(COC(=O)CCCN2CCN(CCO)CC2)cc(OCCCCCCCCCCCCCCCCC)c1,,,8.146128035678238,,1.0,1.0,6.34,6.34,,,sSS-Nonsym,0.5788736668717477,False
244,CCCCCCCCCCOc1cc(COC(=O)CCCN2CCN(C)CC2)cc(OCCCCCCCC)c1,,,7.964259630196849,,1.0,1.0,6.3,6.3,,,sSS-Nonsym,-1.0852922045706703,False
245,CCCCCCCCCCOc1cc(COC(=O)CCCN2CCN(CCO)CC2)cc(OCCCCCCCC)c1,,,7.780317312140151,,1.0,1.0,6.4,6.4,,,sSS-Nonsym,0.1340260940060785,False
246,CCCCCCCCCCOc1cc(COC(=O)CCCN2CCN(C)CC2)cc(OCC(CC)CCCC)c1,,,8.146128035678238,,1.0,1.0,6.32,6.32,,,sSS-Nonsym,-2.9692509619555727,False
247,CCCCCCCCCCOc1cc(COC(=O)CCCN2CCN(CCO)CC2)cc(OCC(CC)CCCC)c1,,,7.549003262025788,,1.0,1.0,6.39,6.39,,,sSS-Nonsym,-0.18315735868455235,False
248,CCCCCCCCOCC(COCCCCCCCC)(COCCCCCCCC)COC(=O)CCCN1CCN(C)CC1,5.857332496431268,5.662757831681574,6.301029995663981,,1.0,,6.46,6.46,,"RESOLVED_2026-06-02 [CONFIRMED_10118] confidence=HIGH: matches 10118 #248 exactly; HBA7/HBD0 => head is MPRZ (N-methylpiperazine), not HPRZ",PE-Tris,-0.03781960497469349,False
249,CCCCCCCCOCC(COCCCCCCCC)(COCCCCCCCC)COC(=O)CCCN1CCN(CCO)CC1,8.01843725841121,8.044265747690373,8.707996241115005,,1.0,,6.35,6.37,,,PE-Tris,1.1875103985468047,False
250,CCCCCCCCCCCOCC(COCCCCCCCCCCC)(COCCCCCCCCCCC)COC(=O)CCCN1CCN(C)CC1,,,5.698970004336019,,1.0,,6.35,6.35,,features_FILLED_RDKit2D+3D,PE-Tris,-2.2842445975583843,False
251,CCCCCCCCCCCOCC(COCCCCCCCCCCC)(COCCCCCCCCCCC)COC(=O)CCCN1CCN(CCO)CC1,6.866877814337498,6.824125833916549,7.457881896733992,,1.0,,6.56,6.56,,features_FILLED_RDKit2D+3D,PE-Tris,-0.6785893217163272,False
253,CCCCC(CC)COc1cc(COC(=O)CCCN2CCN(CCOCCO)CC2)cc(OCC(CC)CCCC)c1OCC(CC)CCCC,6.342422680822207,,7.260930846917137,,2.5,,6.37,6.31,0.06,,GA-Tris,-0.07475096539631482,False
263,CCCCCCCCCCOc1cc(COC(=O)CCCN2CCN(C)CC2)cc(OCCCCCCCCCC)c1,,,6.830588668685144,,1.0,1.0,6.48,6.48,,,sSS-Nonsym,-2.608658671692463,False
264,CCCCCCCCCCCCCCCOc1cc(COC(=O)CCCN2CCN(CCO)CC2)cc(OCCCCCCCCCCCCCCC)c1,,,6.90200289135073,,1.0,1.0,6.54,6.54,,,sSS-Nonsym,-1.741983217935352,False
265,CCCCCCCCCCCCCCCCCOc1cc(COC(=O)CCCN2CCN(C)CC2)cc(OCCCCCCCCCCCCCCCCC)c1,,,8.267171728403014,,1.0,1.0,6.54,6.54,,,sSS-Nonsym,-1.2780612652373864,False
266,CCCCCCCCCCCCCCCCCOc1cc(COC(=O)CCCN2CCN(CCO)CC2)cc(OCCCCCCCCCCCCCCCCC)c1,,,8.369215857410143,,1.0,1.0,6.52,6.54,,,sSS-Nonsym,0.2907195163586631,False
267,CCCCCCCCCOC1=CCCN(CCO)CCN2CCCC(=O)OCC(=C1)C=C2OCCCCCCCCC,,,7.303196057420489,,1.0,1.0,6.52,6.52,,features_FILLED_RDKit2D+3D,sSS-Nonsym,-0.3767265499459808,False
268,CCCCCCCCCCCOc1cc(COC(=O)CCCN2CCN(CCO)CC2)cc(OCCCCCCCCCCC)c1,,,6.737192642704737,,1.0,1.0,6.5,6.45,,,sSS-Nonsym,-0.38985412679040016,False
269,CCCCCCCCCCCCCOC1=CCCN(C)CCN2CCCC(=O)OCC(=C1)C=C2OCCCCCCCCCCCCC,,,6.460897842756548,,1.0,1.0,6.5,6.5,,features_FILLED_RDKit2D+3D,sSS-Nonsym,-2.6298389288564863,False
270,CCCCCCCCCCCCCOC1=CCCN(CCO)CCN2CCCC(=O)OCC(=C1)C=C2OCCCCCCCCCCCCC,,,7.235528446907549,,1.0,1.0,6.5,6.5,,features_FILLED_RDKit2D+3D,sSS-Nonsym,0.0331297545863062,False
271,CCCCCCCCCCCCCCOc1cc(COC(=O)CCCN2CCN(CCO)CC2)cc(OCCCCCCCCCCCCCC)c1,,,7.488550716500444,,1.0,1.0,6.45,6.45,,,sSS-Nonsym,1.8947148586776026,False
272,CCCCCCCCCCCCCCCCOc1cc(COC(=O)CCCN2CCN(CCO)CC2)cc(OCCCCCCCCCCCCCCCC)c1,,,7.41161970596323,,1.0,1.0,6.48,6.48,,,sSS-Nonsym,0.4196808518410016,False
273,CCCCCCCCCCCCOCC(COCCCCCCCCCCCC)(COCCCCCCCCCCCC)COC(=O)CCCCN1CCN(CCOC)CC1,5.209515014542631,6.802089257881732,7.426511261364575,,1.0,,6.26,6.21,,"RESOLVED_2026-06-02 [CONFIRMED_10118] confidence=HIGH: matches 10118 #273 (MW867.44, HBA8/HBD0); head = methoxyethyl-piperazine (HBD0 rules out HPRZ/EEPRZ)",PE-Tris,-0.21076434325610288,False
274,CCCCCCCCCCCCOCC(COCCCCCCCCCCCC)(COCCCCCCCCCCCC)COC(=O)CCCN1CCN(CCOCCO)CC1,,,5.698970004336019,,1.0,,6.21,6.21,,features_FILLED_RDKit2D+3D,PE-Tris,1.3623065031881731,False
275,CCCCCCCCCOCC(COCCCCCCCCC)(COCCCCCCCCC)COC(=O)CCCN1CCN(C)CC1,,,5.698970004336019,,1.0,,6.45,6.45,,features_FILLED_RDKit2D+3D,PE-Tris,-0.7269010683501718,False
276,CCCCCCCCCOCC(COCCCCCCCCC)(COCCCCCCCCC)COC(=O)CCCN1CCN(CCO)CC1,7.100370545117562,7.164352855784437,7.785329835010767,,1.0,,6.44,6.44,,features_FILLED_RDKit2D+3D,PE-Tris,1.0396784596637212,False
277,CCCCCCCCCCOCC(COCCCCCCCCCC)(COCCCCCCCCCC)COC(=O)CCCN1CCN(C)CC1,,,5.698970004336019,,1.0,,6.45,6.45,,features_FILLED_RDKit2D+3D,PE-Tris,-0.8400446091406731,False
278,CCCCCCCCCCOCC(COCCCCCCCCCC)(COCCCCCCCCCC)COC(=O)CCCN1CCN(CCO)CC1,7.380211241711606,7.361727836017593,7.826722520168993,,1.0,,6.57,6.57,,features_FILLED_RDKit2D+3D,PE-Tris,1.4233724851466054,False
279,CCCCCCCCCCCCCOCC(COCCCCCCCCCCCCC)(COCCCCCCCCCCCCC)COC(=O)CCCN1CCN(C)CC1,,,5.973127853599698,,1.0,,6.1,6.1,,features_FILLED_RDKit2D+3D,PE-Tris,-3.147633019684639,False
280,CCCCCCCCCCCCCOCC(COCCCCCCCCCCCCC)(COCCCCCCCCCCCCC)COC(=O)CCCN1CCN(CCO)CC1,5.54282542695918,5.928907690243952,7.041392685158225,,1.0,,6.26,6.26,,features_FILLED_RDKit2D+3D,PE-Tris,-0.9602100774076135,False
282,CCCCCCCCCCCCCCOCC(COCCCCCCCCCCCCCC)(COCCCCCCCCCCCCCC)COC(=O)CCCN1CCN(C)CC1,,,,,,,,,,features_FILLED_RDKit2D+3D,PE-Tris,,
283,CCCCCCCCCCCCCCOCC(COCCCCCCCCCCCCCC)(COCCCCCCCCCCCCCC)COC(=O)CCCN1CCN(CCO)CC1,5.627365856592733,6.296665190261531,7.190331698170292,,1.0,,6.09,6.09,,features_FILLED_RDKit2D+3D,PE-Tris,-1.523838084490905,False
284,CCCCCCCCCCCCCCCOCC(COCCCCCCCCCCCCCCC)(COCCCCCCCCCCCCCCC)COC(=O)CCCN1CCN(C)CC1,,,5.698970004336019,,1.0,,6.31,6.31,,features_FILLED_RDKit2D+3D,PE-Tris,-3.5821446088094366,False
285,CCCCCCCCCCCCCCCOCC(COCCCCCCCCCCCCCCC)(COCCCCCCCCCCCCCCC)COC(=O)CCCN1CCN(CCO)CC1,,,5.698970004336019,,1.0,,6.5,6.5,,features_FILLED_RDKit2D+3D,PE-Tris,-0.24001152987104243,False
287,CCCCCCCCOCC(COCCCCCCCC)(COCCCCCCCC)COC(=O)CCCCN1CCN(CCOC)CC1,,,5.698970004336019,,1.0,,6.3,6.3,,RESOLVED_2026-06-02 [CONFIRMED_10118] confidence=HIGH: matches 10118 #287 on 5/6 (MW/HBA/HBD/Ar/FCsp3 exact; RotB 37 vs 34 = known rotatable-bond definition diff); C8-tris+pentanoate+MeOEtPRZ,PE-Tris,-1.6055828784846624,False
288,CCCCC(CC)COCC(COCC(CC)CCCC)(COCC(CC)CCCC)COC(=O)CCCN1CCN(CCOCCO)CC1,7.961280262427479,7.771274950466679,8.473637242890282,,1.0,,6.31,6.48,0.1,,PE-Tris,0.5599928494921307,False
289,CCCCCCCOCC(COCCCCCCC)(COCCCCCCC)COC(=O)CCCN1CCN(C)CC1,,,5.698970004336019,,1.0,,6.46,6.46,,features_FILLED_RDKit2D+3D,PE-Tris,-1.6999936199367387,False
290,CCCCCCCOCC(COCCCCCCC)(COCCCCCCC)COC(=O)CCCN1CCN(CCO)CC1,7.471291711058939,5.77451696572855,7.781755374652469,,1.0,,6.5,6.5,,"RESOLVED_2026-06-02 [CONFIRMED_10118] confidence=HIGH: matches 10118 #290 (MW629.0, HBA8/HBD1); head = HPRZ (hydroxyethyl-piperazine), butanoate",PE-Tris,1.2763881099020724,False
291,CCCCCCCOCC(COCCCCCCC)(COCCCCCCC)COC(=O)CCCCN1CCN(CCOC)CC1,,,5.698970004336019,,1.0,,6.42,6.42,,"RESOLVED_2026-06-02 [CONFIRMED_10118] confidence=HIGH: matches 10118 #291 (MW657.0, HBA8/HBD0); HBD0 => head is methoxyethyl-piperazine, not HPRZ; pentanoate",PE-Tris,0.002176645688747452,False
292,CCCCCCCOCC(COCCCCCCC)(COCCCCCCC)COC(=O)CCCN1CCN(CCOCCO)CC1,,,5.698970004336019,,1.0,,6.48,6.48,,"RESOLVED_2026-06-02 [CONFIRMED_10118] confidence=HIGH: matches 10118 #292 (MW673.0, HBA9/HBD1); head = hydroxyethoxyethyl-piperazine (H2EPRZ)",PE-Tris,-1.5562357174758195,False
294,CCCCC(CC)COc1cc(OCC(CC)CCCC)cc(C(=O)OCCCCN2CCN(CCO)CC2)c1,7.472756449317212,,7.773786444981194,,1.0,,6.34,6.34,,SMILES_RECONSTRUCTED:ja3c13569 isomer head-group fix (10118-vector validated); features_REGENERATED_RDKit2D+3D,Dialkoxybenzyl,-4.332009491201506,False
297,CCCCC(CC)COc1ccc(C(=O)OCCCCN2CCN(CCO)CC2)cc1OCC(CC)CCCC,6.320146286111054,6.0,6.734799829588847,,1.0,,5.67,5.67,,"RESOLVED_2026-06-02 [CONFIRMED_10118] confidence=HIGH: matches 10118 #297 (MW562.84, HBA7/HBD1); HBD1 confirms HPRZ head; 3,4-bis(2-ethylhexyloxy)benzoate",Dialkoxybenzyl,-2.5184379287412253,False
299,CCCCCCOCC(COCCCCCC)(COCCCCCC)COC(=O)CCCN1CCN(CCO)CC1,5.69284691927723,5.776701183988411,6.079181246047625,,1.0,,,6.48,,features_FILLED_RDKit2D+3D,PE-Tris,-0.5144901172954489,False
300,CCCCC(CC)COc1cc(C(=O)OCCCCN2CCN(CCO)CC2)cc(OCC(CC)CCCC)c1OCC(CC)CCCC,6.596597095626461,,6.711807229041191,,1.0,,,6.46,,features_FILLED_RDKit2D+3D,GA-Tris,0.48944670356835773,False
301,CCCCC(CC)COc1cc(CNC(=O)CCCN2CCN(CCO)CC2)cc(OCC(CC)CCCC)c1OCC(CC)CCCC,7.580924975675619,7.488550716500444,8.176091259055681,,1.0,,6.37,6.37,,,GA-Tris,-1.137430497705112,False
308,CCCCCCCCCCCCCCCCCCOc1cc(OCCCCCCCCCCCCC)cc(C(=O)OCCCCN2CCN(CCO)CC2)c1,7.113943352306837,,7.600972895686748,,1.0,,5.94,5.94,,SMILES_RECONSTRUCTED:ja3c13569 isomer head-group fix (10118-vector validated); features_REGENERATED_RDKit2D+3D,Dialkoxybenzyl,-0.604870690531876,False
309,CCCCCCCCCCCCCCCCCCOc1cc(OCCCCCCCCCCCCC)cc(C(=O)OCCCCN2CCN(CCOCCO)CC2)c1,7.342422680822207,6.690196080028514,7.444044795918076,,1.0,,6.24,6.24,,SMILES_RECONSTRUCTED:ja3c13569 isomer head-group fix (10118-vector validated); features_REGENERATED_RDKit2D+3D,Dialkoxybenzyl,-1.0362634367568009,False
310,CCCCCCCCCCCCCCCCCCOc1cc(COC(=O)CCCN2CCN(CCOCCO)CC2)ccc1OCCCCCCCCCCCCC,,,,,1.0,,5.71,5.71,,SMILES_RECONSTRUCTED:ja3c13569 isomer head-group fix (10118-vector validated); features_REGENERATED_RDKit2D+3D,Dialkoxybenzyl,,
312,CCCCCCCCOCC(COCCCCCCCC)(COCCCCCCCC)COC(=O)CCCN1CCN(CCOCCO)CC1,8.376576957056512,7.725094521081469,8.550228353055093,,1.0,,6.28,6.28,,,PE-Tris,-0.3874952821747055,False
313,CCCCC(CC)COCC(COCC(CC)CCCC)(COCC(CC)CCCC)COC(=O)CCN1CCN(CCO)CC1,7.686636269262293,8.03342375548695,8.870988813760576,,1.0,,6.05,6.03,0.03,,PE-Tris,-1.0899562903943918,False
314,CCCCC(CC)COCC(COCC(CC)CCCC)(COCC(CC)CCCC)COC(=O)CCN1CCN(CCOCCO)CC1,8.701567985055927,8.15836249209525,8.925827574624742,,1.0,,6.0,5.99,0.01,,PE-Tris,0.5193744732355458,False
317,CCCCCCCCOCC(COCCCCCCCC)(COCCCCCCCC)COC(=O)CCN1CCN(CCO)CC1,8.645422269349092,8.164352855784436,8.936010795715209,,1.0,,6.04,6.04,,,PE-Tris,1.275793086580953,False
318,CCCCCCCCOCC(COCCCCCCCC)(COCCCCCCCC)COC(=O)CCN1CCN(CCOCCO)CC1,8.736396502276643,7.741939077729199,8.711807229041192,,1.0,,5.98,5.98,,,PE-Tris,1.4229520128840512,False
319,CCCCCCCCOCC(COCCCCCCCC)(COCCCCCCCC)COC(=O)CCCCN1CCN(CCO)CC1,8.787460474518415,7.82865989653532,8.419955748489757,,1.0,,6.38,6.38,,,PE-Tris,-1.253154074997798,False
320,CCCCCCCCOCC(COCCCCCCCC)(COCCCCCCCC)COC(=O)CCCCN1CCN(CCOCCO)CC1,8.281033367247728,7.569373909615046,8.340444114840118,,1.0,,6.13,6.13,,,PE-Tris,1.0788654078436215,False
321,CCCCC(CC)COc1cc(COC(=O)CCN2CCN(CCO)CC2)cc(OCC(CC)CCCC)c1OCC(CC)CCCC,,,8.708666666666666,,3.0,,6.44,,0.02,,GA-Tris,0.09763488478533078,False
322,CCCCC(CC)COc1cc(COC(=O)CCN2CCN(CCOCCO)CC2)cc(OCC(CC)CCCC)c1OCC(CC)CCCC,,,8.843375,,8.0,,6.24,,0.04,,GA-Tris,-1.8000670057555124,False
323,CCCCC(CC)COc1cc(COC(=O)CCCCN2CCN(CCO)CC2)cc(OCC(CC)CCCC)c1OCC(CC)CCCC,,,8.3245,,4.0,,6.51,,0.06,,GA-Tris,1.4231408114633968,False
324,CCCCC(CC)COc1cc(COC(=O)CCCCN2CCN(CCOCCO)CC2)cc(OCC(CC)CCCC)c1OCC(CC)CCCC,,,7.844142857142857,,7.0,,6.51,,0.04,,GA-Tris,-1.793341326477428,False
325,CCCCC(CC)COCC(COCC(CC)CCCC)(COCC(CC)CCCC)COC(=O)CCCCN1CCN(CCO)CC1,8.545307116465825,7.706717782336758,8.440909082065218,,1.0,,6.36,6.27,0.08,,PE-Tris,1.5627779552764358,False
326,CCCCC(CC)COCC(COCC(CC)CCCC)(COCC(CC)CCCC)COC(=O)CCCCN1CCN(CCOCCO)CC1,8.369215857410143,8.619093330626743,8.457881896733992,,1.0,,6.33,6.28,0.06,,PE-Tris,-1.161174222399227,False
329,CCCCC(CC)COc1cc(COC(=O)CN2CCN(CCO)CC2)cc(OCC(CC)CCCC)c1OCC(CC)CCCC,,,8.3605,,4.0,,6.06,,0.05,,GA-Tris,-0.35632036735467926,False
330,CCCCC(CC)COc1cc(COC(=O)CN2CCN(CCOCCO)CC2)cc(OCC(CC)CCCC)c1OCC(CC)CCCC,,,8.96790909090909,,11.0,,6.22,,0.04,,GA-Tris,-2.0800974198302393,False
331,CCCCCCCCOCC(COCCCCCCCC)(COCCCCCCCC)COC(=O)CN1CCN(CCO)CC1,8.26245108973043,7.724275869600789,8.778151250383644,,1.0,,5.97,5.97,,,PE-Tris,1.4926784409215883,False
332,CCCCCCCCOCC(COCCCCCCCC)(COCCCCCCCC)COC(=O)CN1CCN(CCOCCO)CC1,8.170261715394957,7.56466606425209,8.51321760006794,,1.0,,5.93,5.93,,,PE-Tris,1.9227355588936097,False
333,CCCCC(CC)COCC(COCC(CC)CCCC)(COCC(CC)CCCC)COC(=O)CN1CCN(CCO)CC1,8.260071387985075,7.631443769013172,8.342422680822207,,1.0,,5.92,5.83,0.08,,PE-Tris,-1.2333701514948288,False
334,CCCCC(CC)COCC(COCC(CC)CCCC)(COCC(CC)CCCC)COC(=O)CN1CCN(CCOCCO)CC1,8.588831725594208,8.20682587603185,8.875639937004168,,1.0,,5.87,5.91,0.04,,PE-Tris,0.10330464156707153,False
347,CCCCC(CC)CCOc1cc(COC(=O)CCCN2CCN(CCOCCO)CC2)cc(OCCC(CC)CCCC)c1OCCC(CC)CCC,8.695700519771172,7.703291378118661,8.627109711211139,,,,,,,,GA-Tris,2.268664975820182,False
348,CCCCC(CC)CCOc1cc(COC(=O)CCCN2CCN(CCO)CC2)cc(OCCC(CC)CCCC)c1OCCC(CC)CCC,9.027349607774756,7.82052984852352,9.103803720955957,,,,,,,,GA-Tris,0.8724276656393386,False
365,CCCCC(CC)CCOc1cc(COC(=O)CCN2CCN(CCOCCO)CC2)cc(OCCC(CC)CCCC)c1OCCC(CC)CCCC,8.455606112581867,7.960708551688557,8.828015064223976,,,,,,,,GA-Tris,0.021869424985549796,False
366,CCCCC(CC)CCOc1cc(COC(=O)CCN2CCN(CCO)CC2)cc(OCCC(CC)CCCC)c1OCCC(CC)CCC,9.043833654133147,8.164352855784436,9.038779069555538,,,,,,,,GA-Tris,-0.08402185408479883,False
367,CCCCC(CC)CCOc1cc(COC(=O)CN2CCN(CCO)CC2)cc(OCCC(CC)CCCC)c1OCCC(CC)CCC,8.739440480328264,7.906514613642218,8.753583058892907,,,,,,,,GA-Tris,2.3631930282759837,False
369,CCCCC(CC)CCOc1cc(COC(=O)CN2CCN(CCOCCO)CC2)cc(OCCC(CC)CCCC)c1OCCC(CC)CCCC,9.163608563431051,8.473304455045323,9.39291668232173,,,,,,,,GA-Tris,0.726357537325039,False
372,CCCCC(CC)CCOc1cc(COC(=O)CCCCN2CCN(CCO)CC2)cc(OCCC(CC)CCCC)c1OCCC(CC)CCCC,8.380211241711606,7.127104798364807,8.38201704257487,,,,,,,,GA-Tris,0.9367906168961103,False
373,CCCCC(CC)CCOc1cc(COC(=O)CCCCN2CCN(CCOCCO)CC2)cc(OCCC(CC)CCCC)c1OCCC(CC)CCCC,8.904895787855207,7.781755374652469,8.835056101720117,,,,,,,,GA-Tris,0.46403650232957255,False
